tag,type,kind,description,fed_from,level,voltage,phases,rated_kw,capacity_kw,critical,cable_ref,cable_size_mm2,cable_length_m,notes
MSB,board,MSB,Main LV switchboard (energy centre),,0,400,3,,15200,,,,,fed from TX1/TX2 via LV busbar
SMSB-M,board,SMSB,Sub-main switchboard M (mechanical plant),MSB,0,400, 3,,2800,,C00-0004,busbar,26,
SMSB-B,board,SMSB,"Sub-main switchboard B (riser 2, levels 5-8)",MSB,0,400,3,,3600,,C00-0002,busbar,30,
SMSB-C,board,SMSB,"Sub-main switchboard C (riser 3, levels 9-12)",MSB,0,400,3,,6150,,C00-0003,busbar,17,
CH-L0-002,equipment,CH,Chiller 2 (water-cooled),DB-L0-01,0,400,3,156,,N,C00-0007,120,14,
DB-L0-01,board,DB,Level 0 chiller plant distribution board,SMSB-M,0,400,3,,600,,C00-0005,3x300,19,
CH-L0-001,equipment,CH,Chiller 1 (water-cooled),DB-L0-01,0,400,3,161,,N,C00-0006,120,35,
SMSB-A,board,SMSB,"Sub-main switchboard A (riser 1, levels 1-4)",MSB,0,400,3,,5000,,C00-0001,busbar,26,
DB-L0-01A,board,DB,Level 0 chilled water pumps,DB-L0-01,0,400,3,,40,,C00-0008,16,17,
PMP-L0-001,equipment,PMP,Chilled water pump 1,DB-L0-01A,0,400,3,5.5,,N,C00-0009,2.5,32,
PMP-L0-002,equipment,PMP,Chilled water pump 2,DB-L0-01A,0,400,3,3,,N,C00-0010,2.5,38,
PMP-L0-003,equipment,PMP,Chilled water pump 3,DB-L0-01A,0,400,3,2.2,,N,C00-0011,2.5,24,
PMP-L0-004,equipment,PMP,Chilled water pump 4,DB-L0-01A,0,400,3,5.5,,N,C00-0012,2.5,46,
PMP-L0-005,equipment,PMP,Chilled water pump 5,DB-L0-01A,0,400,3,4,,N,C00-0013,2.5,49,
PMP-L0-006,equipment,PMP,Chilled water pump 6,DB-L0-01A,0,400,3,4,,N,C00-0014,2.5,21,
PRS-L0-001,equipment,PRS,Pressurisation unit: Estates stores,DB-L0-01A,0,230,1,0.8,,N,C00-0015,2.5,11,
PRS-L0-002,equipment,PRS,Pressurisation unit: Medical gas plant room,DB-L0-01A,0,230,1,0.5,,N,C00-0016,2.5,9,
PRS-L0-003,equipment,PRS,Pressurisation unit: Boiler house,DB-L0-01A,0,230,1,0.7,,N,C00-0017,2.5,26,moved per RFI-112
BMS-L0-001,equipment,BMS,BMS outstation: Service corridor,DB-L0-01A,0,230,1,0.9,,N,C00-0018,2.5,39,
DB-L0-01B,board,DB,Level 0 chiller plant lighting & controls,DB-L0-01,0,230,1,,25,,C00-0019,50,19,
BMS-L0-002,equipment,BMS,BMS outstation: Sterile services,DB-L0-01B,0,230,1,0.7,,N,C00-0020,2.5,56,
LTG-L0-003,equipment,LTG,Lighting: Boiler house (2),DB-L0-01B,0,230,1,1,,N,C00-0029,1.5,41,
SP-L0-001,equipment,SP,Small power: Sprinkler tank room,DB-L0-01B,0,230,1,2.3,,N,C00-0022,2.5,33,
LTG-L0-002,equipment,LTG,Lighting: Mortuary,DB-L0-01B,0,230,1,1.1,,N,C00-0023,1.5,48,"rating taken from nameplate, not O&M manual"
SP-L0-002,equipment,SP,Small power: Sterile services,DB-L0-01B,0,230,1,2.2,,N,C00-0024,2.5,57,
PRS-L0-004,equipment,PRS,Pressurisation unit: Boiler house,DB-L0-01B,0,230,1,0.8,,N,C00-0025,2.5,7,
BMS-L0-003,equipment,BMS,BMS outstation: Sprinkler tank room,DB-L0-01B,0,230,1,0.6,,N,C00-0026,2.5,21,
SP-L0-003,equipment,SP,Small power: Mortuary,DB-L0-01B,0,230,1,1.9,,N,C00-0027,2.5,59,
LTG-L0-001,equipment,LTG,Lighting: Boiler house,DB-L0-01B,0,230,1,1.2,,N,C00-0021,1.5,23,
BMS-L0-004,equipment,BMS,BMS outstation: Sterile services (2),DB-L0-01B,0,230,1,0.4,,N,C00-0028,2.5,22,
LTG-L0-004,equipment,LTG,Lighting: Sprinkler tank room,DB-L0-01B,0,230,1,1.2,,N,C00-0030,1.5,29,
DB-L0-02,board,DB,Level 0 heating & hot water plant distribution board,SMSB-M,0,400,3,,150,,C00-0031,120,21,
BLR-L0-001,equipment,BLR,Boiler 1 burner & controls,DB-L0-02,0,400,3,4,,N,C00-0032,2.5,21,
BLR-L0-002,equipment,BLR,Boiler 2 burner & controls,DB-L0-02,0,400,3,7.5,,N,C00-0033,2.5,18,
BLR-L0-003,equipment,BLR,Boiler 3 burner & controls,DB-L0-02,0,400,3,7.5,,,C00-0034,2.5,6,
DB-L0-02A,board,DB,Level 0 LTHW heating pumps,DB-L0-02,0,400,3,,45 kW,,C00-0035,25,10,
PMP-L0-007,equipment,PMP,LTHW heating pump 1,DB-L0-02A,0,400,3,2.2,,N,C00-0036,2.5,37,
PMP-L0-008,equipment,PMP,LTHW heating pump 2,DB-L0-02A,0,400,3,3,,N,C00-0037,2.5,39,
PMP-L0-009,equipment,PMP,LTHW heating pump 3,DB-L0-02A,0,400,3,7.5,,N,C00-0038,2.5,6,
PMP-L0-010,equipment,PMP,LTHW heating pump 4,DB-L0-02A,0,400,3,11,,N,C00-0039,2.5,18,
PMP-L0-011,equipment,PMP,LTHW heating pump 5,DB-L0-02A,0,400,3,2.2,,N,C00-0040,2.5,54,
PMP-L0-012,equipment,PMP,LTHW heating pump 6,DB-L0-02A,0,400,3,2.2,,N,C00-0041,2.5,26,
BMS-L0-005,equipment,BMS,BMS outstation: Mortuary,DB-L0-02A,0,230,1,0.6,,N,C00-0042,2.5,44,
PRS-L0-005,equipment,PRS,Pressurisation unit: Sprinkler tank room,DB-L0-02A,0,230,1,0.7,,N,C00-0043,2.5,24,
BMS-L0-006,equipment,BMS,BMS outstation: Chiller plant room,DB-L0-02A,0,230,1,0.8,,N,C00-0044,2.5,18,
DB-L0-02B,board,DB,Level 0 domestic hot water plant,DB-L0-02,0,400,3,,35,,C00-0045,16,7,
PMP-L0-013,equipment,PMP,DHW secondary pump 1,DB-L0-02B,0,400,3,3,,N,C00-0046,2.5,46,
PMP-L0-014,equipment,PMP,DHW secondary pump 2,DB-L0-02B,0,400,3,7.5,,N,C00-0047,2.5,59,
PMP-L0-015,equipment,PMP,DHW secondary pump 3,DB-L0-02B,0,400,3,3,,N,C00-0048,2.5,8,
PMP-L0-016,equipment,PMP,DHW secondary pump 4,DB-L0-02B,0,400,3,11,,N,C00-0049,2.5,57,
WSR-L0-001,equipment,WSR,Water softener: Sprinkler tank room,DB-L0-02B,0,230,1,0.52,,N,C00-0050,2.5,43,
BMS-L0-007,equipment,BMS,BMS outstation: Loading bay,DB-L0-02B,0,230,1,0.6,,N,C00-0051,2.5,13,
WSR-L0-002,equipment,WSR,Water softener: Mortuary,DB-L0-02B,0,230,1,0.44,,N,C00-0052,2.5,43,
WSR-L0-003,equipment,WSR,Water softener: Medical gas plant room,DB-L0-02B,0,230,1,0.42,,N,C00-0053,2.5,14,label missing on site
DB-L0-03,board,DB,Level 0 medical gases plant distribution board,SMSB-M,0,400,3,,95,,C00-0054,70,18,
MGP-L0-001,equipment,MGP,Medical vacuum plant 1,DB-L0-03,0,400,3,15,,yes,C00-0055,4,30,
MGP-L0-002,equipment,MGP,Medical vacuum plant 2,DB-L0-03,0,400,3,7.5,,Y,C00-0056,2.5,59,
MGP-L0-003,equipment,MGP,Medical air compressor 1,DB-L0-03,0,400,3,15,,Y,C00-0057,4,54,
MGP-L0-004,equipment,MGP,Medical air compressor 2,DB-L0-03,0,400,3,15,,Y,C00-0058,4,36,
DB-L0-03A,board,DB,Level 0 AGSS & manifolds,DB-L0-03,0,400,3,,20,,C00-0059,6,6,
AGS-L0-001,equipment,AGS,Anaesthetic gas scavenging plant 1,DB-L0-03A,0,400,3,3,,N,C00-0060,2.5,26,
AGS-L0-002,equipment,AGS,Anaesthetic gas scavenging plant 2,DB-L0-03A,0,400,3,2.2,,N,C00-0061,2.5,9,
MGA-L0-001,equipment,MGA,Medical gas plant alarm panel,DB-L0-03A,0,230,1,0.35,,Y,C00-0062,2.5,33,
LTG-L0-006,equipment,LTG,Lighting: Sprinkler tank room,DB-L0-03A,0,230,1,1.3,,N,C00-0065,1.5,30,
LTG-L0-005,equipment,LTG,Lighting: Chiller plant room,DB-L0-03A,0,230,1,1.9,,N,C00-0064,1.5,10,
BMS-L0-008,equipment,BMS,BMS outstation: Boiler house,DB-L0-03A,0,230,1,0.9,,N,C00-0063,2.5,9,
BMS-L0-009,equipment,BMS,BMS outstation: Service corridor,DB-L0-03A,0,230,1,1,,N,C00-0066,2.5,10,
DB-L0-03B,board,DB,Level 0 gas plant lighting & controls,DB-L0-03,0,230,1,,30,,C00-0067,50,21,
LTG-L0-007,equipment,LTG,Lighting: Estates stores,DB-L0-03B,0,230,1,1.8,,N,C00-0068,1.5,37,
LTG-L0-008,equipment,LTG,Lighting: Energy centre,DB-L0-03B,0,230,1,1.7,,N,C00-0069,1.5,31,
LTG-L0-009,equipment,LTG,Lighting: Main kitchen,DB-L0-03B,0,230,1,1.1,,N,C00-0070,1.5,59,
LTG-L0-010,equipment,LTG,Lighting: Chiller plant room,DB-L0-03B,0,230,1,0.6,,N,C00-0071,1.5,49,
SP-L0-004,equipment,SP,Small power: Estates stores,DB-L0-03B,0,230,1,2.6,,N,C00-0072,2.5,40,
LTG-L0-011,equipment,LTG,Lighting: Energy centre (2),DB-L0-03B,0,230,1,1.1,,N,C00-0073,1.5,20,
LTG-L0-012,equipment,LTG,Lighting: Main kitchen (2),DB-L0-03B,0,230,1,1,,n,C00-0074,1.5,32,
SP-L0-005,equipment,SP,Small power: Chiller plant room,DB-L0-03B,0,230,1,2.5,,N,C00-0075,2.5,25,
SPR-L0-001,equipment,SPR,Sprinkler pump 1 (duty),DB-L0-04,0,400,3,45,,Y,C00-0078,25,11,moved per RFI-112
DB-L0-04,board,DB,Level 0 water services & sprinklers distribution board,SMSB-M,0,400,3,,170,,C00-0077,150,30,
BMS-L0-010,equipment,BMS,BMS outstation: Estates stores,DB-L0-03B,0,230,1,1,,N,C00-0076,2.5,9,
SPR-L0-002,equipment,SPR,Sprinkler pump 2 (standby),DB-L0-04,0,400,3,37,,Y,C00-0079,16,18,
DB-L0-04A,BOARD,DB,Level 0 cold water boosters,DB-L0-04,0,400,3,,50,,C00-0080,25,14,
PMP-L0-017,equipment,PMP,Cold water booster pump 1,DB-L0-04A,0,400,3,3,,N,C00-0081,2.5,40,
PMP-L0-018,equipment,PMP,Cold water booster pump 2,DB-L0-04A,0,400,3,11,,N,C00-0082,2.5,11,
PMP-L0-019,equipment,PMP,Cold water booster pump 3,DB-L0-04A,0,400,3,11,,N,C00-0083,2.5,6,
PMP-L0-020,equipment,PMP,Cold water booster pump 4,DB-L0-04A,0,400,3,2.2,,N,C00-0084,2.5,44,
BMS-L0-011,equipment,BMS,BMS outstation: Boiler house,DB-L0-04A,0,230,1,0.3,,N,C00-0085,2.5,18,
TRC-L0-001,equipment,TRC,Trace heating: Chiller plant room,DB-L0-04A,0,230,1,0.9,,N,C00-0086,2.5,38,
WSR-L0-004,equipment,WSR,Water softener: Energy centre,DB-L0-04A,0,230,1,0.52,,N,C00-0087,2.5,20,
WSR-L0-005,equipment,WSR,Water softener: Main kitchen,DB-L0-04A,0,230,1,0.42,,N,C00-0088,2.5,49,
BMS-L0-012,equipment,BMS,BMS outstation: Boiler house (2),DB-L0-04A,0,230,1,0.8,,N,C00-0089,2.5,41,
BMS-L0-013,equipment,BMS,BMS outstation: Chiller plant room,DB-L0-04A,0,230,1,0.5,,N,C00-0090,2.5,35,
DB-L0-04B,board,DB,Level 0 tank room lighting & controls,DB-L0-04,0,230,1,,15,,C00-0091,16,10,
LTG-L0-013,equipment,LTG,Lighting: Main kitchen,DB-L0-04B,0,230,1,0.6,,N,C00-0092,1.5,59,
LTG-L0-014,equipment,LTG,Lighting: Medical gas plant room,DB-L0-04B,0,230,1,1.1,,N,C00-0093,1.5,30,
TRC-L0-002,equipment,TRC,Trace heating: Sprinkler tank room,DB-L0-04B,0,230,1,1,,N,C00-0094,2.5,19,
TRC-L0-003,equipment,TRC,Trace heating: Energy centre,DB-L0-04B,0,230,1,0.8,,N,C00-0095,2.5,35,
LTG-L0-015,equipment,LTG,Lighting: Main kitchen (2),DB-L0-04B,0,230,1,0.6,,N,C00-0096,1.5,45,
TRC-L0-004,equipment,TRC,Trace heating: Medical gas plant room,DB-L0-04B,0,230,1,1.3,,N,C00-0097,2.5,33,
TRC-L0-005,equipment,TRC,Trace heating: Sprinkler tank room (2),DB-L0-04B,0,230,1,0.8,,N,C00-0098,2.5,5,
LTG-L0-016,equipment,LTG,Lighting: Energy centre,DB-L0-04B,0,230,1,1.3,,N,C00-0099,1.5,26,
DB-L0-05,board,DB,Level 0 main kitchen distribution board,SMSB-M,0,400,3,,340,,C00-0100,2x300,29,
DB-L0-05A,board,DB,Level 0 kitchen cooking line,DB-L0-05,0,400,3,,280,,C00-0101,300,19,
EF-L0-001,equipment,EF,Dirty utility extract fan: Main kitchen,DB-L0-05A,0,400,3,2.2,,N,C00-0102,2.5,57,
SP-L0-006,equipment,SP,Small power: Main kitchen,DB-L0-05A,0,230,1,2.8,,N,C00-0103,2.5,47,
KIT-L0-001,equipment,KIT,Pass-through dishwasher: Main kitchen,DB-L0-05A,0,400,3,11,,N,C00-0104,2.5,36,
KIT-L0-002,equipment,KIT,Pass-through dishwasher: Main kitchen (2),DB-L0-05A,0,400,3,8,,N,C00-0105,2.5,15,
KIT-L0-003,equipment,KIT,Steam kettle: Main kitchen,DB-L0-05A,0,400,3,8,,N,C00-0106,2.5,25,
KIT-L0-004,equipment,KIT,Bratt pan: Main kitchen,DB-L0-05A,0,400,3,17,,N,C00-0107,4,6,
KIT-L0-005,EQUIPMENT,KIT,Combi oven: Main kitchen,DB-L0-05A,0,400,3,7,,N,C00-0108,2.5,47,
KIT-L0-006,equipment,KIT,Bratt pan: Main kitchen (2),DB-L0-05A,0,400,3,11,,N,C00-0109,2.5,48,
KIT-L0-007,equipment,KIT,Combi oven: Main kitchen (2),DB-L0-05A,0,400,3,12,,N,C00-0110,2.5,25,
SP-L0-007,equipment,SP,Small power: Main kitchen (2),DB-L0-05A,0,230,1,1.9,,N,C00-0111,2.5,9,
KIT-L0-008,equipment,KIT,Steam kettle: Main kitchen (2),DB-L0-05A,0,400,3,14,,N,C00-0112,4,32,
KIT-L0-009,equipment,KIT,Bratt pan: Main kitchen (3),DB-L0-05A,0,400,3,18,,N,C00-0113,4,31,
IHW-L0-002,equipment,IHW,Instantaneous water heater: Main kitchen (2),DB-L0-05B,0,400,3,10.8,,N,C00-0122,2.5,13,
KIT-L0-011,equipment,KIT,Pass-through dishwasher: Main kitchen (3),DB-L0-05A,0,400,3,19,,N,C00-0115,6,57,
CR-L0-004,equipment,CR,Cold room 4,DB-L0-05B,0,400,3,3,,N,C00-0120,2.5,29,
CR-L0-001,equipment,CR,Cold room 1,DB-L0-05B,0,400,3,2.2,,N,C00-0117,2.5,45,
CR-L0-002,equipment,CR,Cold room 2,DB-L0-05B,0,400,3,5.5,,N,C00-0118,2.5,55,
CR-L0-003,equipment,CR,Cold room 3,DB-L0-05B,0,400,3,3,,N,C00-0119,2.5,51,
DB-L0-05B,board,DB,Level 0 cold rooms & dishwash,DB-L0-05,0,400,3,,150,,C00-0116,120,11,
IHW-L0-001,equipment,IHW,Instantaneous water heater: Main kitchen,DB-L0-05B,0,400,3,12,,N,C00-0121,2.5,55,
KIT-L0-010,equipment,KIT,Fryer: Main kitchen,DB-L0-05A,0,400,3,16,,N,C00-0114,4,44,
KIT-L0-012,equipment,KIT,Bratt pan: Main kitchen,DB-L0-05B,0,400,3,14 ,,N,C00-0123,4,55,
KIT-L0-013,equipment,KIT,Induction range: Main kitchen,DB-L0-05B,0,400,3,14,,N,C00-0124,4,38,
SP-L0-008,equipment,SP,Small power: Main kitchen,DB-L0-05B,0,230,1,3.3,,N,C00-0125,2.5,28,
SP-L0-009,equipment,SP,Small power: Main kitchen (2),DB-L0-05B,0,230,1,2.8,,N,C00-0126,2.5,7,
LTG-L0-017,equipment,LTG,Lighting: Main kitchen,DB-L0-05B,0,230,1,1.7,,N,C00-0127,1.5,36,
SP-L0-010,Equipment,SP,Small power: Main kitchen (3),DB-L0-05B,0,230,1,3.1,,N,C00-0128,2.5,19,
DB-L0-06,board,DB,"Level 0 sterile services, mortuary & loading bay distribution board",SMSB-M,0,400,3,,260,,C00-0129,300,27,
PTS-L0-001,equipment,PTS,Pneumatic tube blower,DB-L0-06,0,400,3,4,,N,C00-0130,2.5,58,moved per RFI-112
CMP-L0-001,equipment,CMP,Waste compactor,DB-L0-06,0,400,3,7.5,,N,C00-0131,2.5,20,"circuit re-terminated, see TQ-031"
DB-L0-06A,board,DB,Level 0 sterile services,DB-L0-06,0,400,3,,170,,C00-0132,150,21,
STR-L0-001,equipment,STR,Steam steriliser 1,DB-L0-06A,0,400,3,18,,N,C00-0133,4,56,
WD-L0-002,equipment,WD,Washer-disinfector 2,DB-L0-06A,0,400,3,18,,N,C00-0137,4,41,
STR-L0-003,equipment,STR,Steam steriliser 3,DB-L0-06A,0,400,3,24,,N,C00-0135,10,37,
WD-L0-001,equipment,WD,Washer-disinfector 1,DB-L0-06A,0,400,3,9,,N,C00-0136,2.5,33,"tagged ""temporary"" on site, confirm with Northside M&E"
STR-L0-002,equipment,STR,Steam steriliser 2,DB-L0-06A,0,400,3,18,,N,C00-0134,4,13,
SP-L0-012,equipment,SP,Small power: Sterile services (2),DB-L0-06A,0,230,1,3.1,,N,C00-0142,2.5,6,
WD-L0-004,equipment,WD,Washer-disinfector 4,DB-L0-06A,0,400,3,9,,N,C00-0139,2.5,48,
LTG-L0-018,equipment,LTG,Lighting: Sterile services,DB-L0-06A,0,230,1,1.3,,N,C00-0140,1.5,56,
MOR-L0-002,equipment,MOR,Mortuary refrigeration 2,DB-L0-06B,0,400,3,3,,N,C00-0147,2.5,24,
DB-L0-06B,board,DB,Level 0 mortuary & loading bay,DB-L0-06,0,400,3,,25,,C00-0145,10,25,
LTG-L0-019,equipment,LTG,Lighting: Sterile services (2),DB-L0-06A,0,230,1,1.2,,N,C00-0143,1.5,24,
SP-L0-013,equipment,SP,Small power: Sterile services (3),DB-L0-06A,0,230,1,2.5,,N,C00-0144,2.5,13,
LTG-L0-022,equipment,LTG,Lighting: Service yard (2),DB-L0-06B,0,230,1,1.9,,N,C00-0153,1.5,20,
MOR-L0-001,equipment,MOR,Mortuary refrigeration 1,DB-L0-06B,0,400,3,3,,N,C00-0146,2.5,52,
SP-L0-011,equipment,SP,Small power: Sterile services,DB-L0-06A,0,230,1,3.5,,N,C00-0141,2.5,51,
ACC-L0-001,equipment,ACC,Access control panel: Mortuary,DB-L0-06B,0,230,1,0.29,,N,C00-0148,2.5,47,
ACC-L0-002,equipment,ACC,Access control panel: Loading bay,DB-L0-06B,0,230,1,0.27,,N,C00-0149,2.5,7,
WD-L0-003,equipment,WD,Washer-disinfector 3,DB-L0-06A,0,400,3,9,,N,C00-0138,2.5,26,
LTG-L0-021,equipment,LTG,Lighting: Mortuary,DB-L0-06B,0,230,1,1.1,,N,C00-0151,1.5,34,
CCTV-L0-001,equipment,CCTV,CCTV: Loading bay,DB-L0-06B,0,230,1,0.23,,N,C00-0152,2.5,24,
LTG-L0-020,equipment,LTG,Lighting: Service yard,DB-L0-06B,0,230,1,1.1,,N,C00-0150,1.5,47,
SP-L0-014,equipment,SP,Small power: Mortuary,DB-L0-06B,0,230,1,2.7,,N,C00-0154,2.5,41,
SP-L0-015,equipment,SP,Small power: Loading bay,DB-L0-06B,0,230,1,2.4,,N,C00-0155,2.5,59,
LTG-L0-023,equipment,LTG,Lighting: Service yard (3),DB-L0-06B,0,230,1,1.2,,N,C00-0156,1.5,8,
LTG-L0-024,equipment,LTG,Lighting: Mortuary (2),DB-L0-06B,0,230,1,1.2,,N,C00-0157,1.5,59,
SMSB-E,board,SMSB,Sub-main switchboard E (essential & life-safety services),MSB,0,400,3,,750,,C00-0158,3x300,18,
FA-L0-001,equipment,FA,Main fire alarm panel (energy centre),SMSB-E,0,230,1,0.42,,Y,C00-0159,2.5,55,
SMK-L0-001,equipment,SMK,Smoke extract fan 1 (east stair),SMSB-E,0,400,3,15,,Y,C00-0160,4,54,
SMK-L0-002,equipment,SMK,Smoke extract fan 2 (west stair),SMSB-E,0,400,3,15,,Y,C00-0161,4,49,
EM-L0-001,equipment,EM,Emergency lighting: energy centre,SMSB-E,0,230,1,0.27,,Y,C00-0162,1.5,15,
EM-L0-002,equipment,EM,Emergency lighting: service corridor,SMSB-E,0,230,1,0.26,,Y,C00-0163,1.5,55,
SMSB-L,board,SMSB,Sub-main switchboard L (lifts),MSB,0,400,3,,310,,C00-0164,2x300,13,IR test re-done after snag
LIFT-L0-001,equipment,LIFT,Bed lift 1,SMSB-L,0,400,3,15,,N,C00-0165,4,18,
LIFT-L0-002,equipment,LIFT,Bed lift 2,SMSB-L,0,400,3,15,,N,C00-0166,4,8,
LIFT-L0-003,equipment,LIFT,Bed lift 3,SMSB-L,0,400,3,18.5,,N,C00-0167,6,13,
LIFT-L0-004,equipment,LIFT,Bed lift 4,SMSB-L,0,400,3,15,,N,C00-0168,4,34,
LIFT-L0-005,equipment,LIFT,Bed lift 5,SMSB-L,0,400,3,18.5,,N,C00-0169,6,20,
LIFT-L0-006,equipment,LIFT,Bed lift 6,SMSB-L,0,400,3,18.5,,N,C00-0170,6,17,
LIFT-L0-007,equipment,LIFT,Passenger lift 1,SMSB-L,0,400,3,11,,N,C00-0171,2.5,11,
LIFT-L0-008,equipment,LIFT,Passenger lift 2,SMSB-L,0,400,3,11,,N,C00-0172,2.5,43,
LIFT-L0-009,equipment,LIFT,Passenger lift 3,SMSB-L,0,400,3,15,,N,C00-0173,4,36,
LIFT-L0-010,equipment,LIFT,Passenger lift 4,SMSB-L,0,400,3,15,,N,C00-0174,4,53,
LIFT-L0-011,equipment,LIFT,Goods lift,SMSB-L,0,400,3,15,,,C00-0175,4,6,
LIFT-L0-012,equipment,LIFT,Firefighting lift,SMSB-L,0,400,3,18.5,,Y,C00-0176,6,10,
DB-L1-01,board,DB,Level 1 Emergency Department north wing distribution board,SMSB-A,1,400,3,,200,,C01-0001,185,19,
HP-L1-001,equipment,HP,Heat pump: L1 north wing,DB-L1-01,1,400,3,11,,N,C01-0002,2.5,54,
DATA-L1-001,equipment,DATA,Floor comms room: L1 north wing,DB-L1-01,1,230,1,2.5,,N,C01-0003,2.5,58,
DB-L1-01A,board,DB,Level 1 lighting,DB-L1-01,1,230,1,,50,,C01-0004,120,22,
EM-L1-001,equipment,EM,Emergency lighting: L1 north wing,DB-L1-01A,1,230,1,0.29,,Y,C01-0005,1.5,14,
LTG-L1-001,equipment,LTG,Lighting: Main entrance,DB-L1-01A,1,230,1,1.7,,N,C01-0006,1.5,56,
LTG-L1-009,equipment,LTG,Lighting: Main entrance (3),DB-L1-01A,1,230,1,1.5,,N,C01-0014,1.5,11,
LTG-L1-003,equipment,LTG,Lighting: See & treat,DB-L1-01A,1,230,1,1.1,,N,C01-0008,1.5,9,
LTG-L1-004,equipment,LTG,Lighting: Ambulance entrance,DB-L1-01A,1,230,1,1.2,,N,C01-0009,1.5,23,
LTG-L1-005,equipment,LTG,Lighting: Main entrance (2),DB-L1-01A,1,230,1,0.8,,N,C01-0010,1.5,12,
LTG-L1-006,equipment,LTG,Lighting: Majors (2),DB-L1-01A,1,230,1,1.8,,N,C01-0011,1.5,9,
LTG-L1-007,equipment,LTG,Lighting: See & treat (2),DB-L1-01A,1,230,1,,,N,C01-0012,1.5,54,
LTG-L1-008,equipment,LTG,Lighting: Ambulance entrance (2),DB-L1-01A,1,230,1,1.5,,N,C01-0013,1.5,22,
LTG-L1-012,equipment,LTG,Lighting: Ambulance entrance (3),DB-L1-01A,1,  230  ,1,1.6,,N,C01-0017,1.5,53,
LTG-L1-010,equipment,LTG,Lighting: Majors (3),DB-L1-01A,1,230,1,1,,N,C01-0015,1.5,31,
LTG-L1-011,equipment,LTG,Lighting: See & treat (3),DB-L1-01A,1,230,1,0.7,,N,C01-0016,1.5,6,
LTG-L1-002,equipment,LTG,Lighting: Majors,DB-L1-01A,1,230,1,1.3,,N,C01-0007,1.5,23,
LTG-L1-013,equipment,LTG,Lighting: Main entrance (4),DB-L1-01A,1,230,1,1.9,,N,C01-0018,1.5,18,
LTG-L1-015,equipment,LTG,Lighting: Ambulance entrance (4),DB-L1-01A,1,230,1,2,,N,C01-0021,1.5,37,
CCTV-L1-001,equipment,CCTV,CCTV: See & treat,DB-L1-01A,1,230,1,0.4,,N,C01-0020,2.5,42,
LTG-L1-014,equipment,LTG,Lighting: Majors (4),DB-L1-01A,1,230,1,0.5,,N,C01-0019,1.5,44,
LTG-L1-016,equipment,LTG,Lighting: Main entrance (5),DB-L1-01A,1,230,1,0.6,,N,C01-0022,1.5,26,
DB-L1-01B,board,DB,Level 1 small power,DB-L1-01,1,230,1,,50,,C01-0023,120,5,
SP-L1-001,equipment,SP,Small power: Waiting room,DB-L1-01B,1,230,1,1.8,,N,C01-0024,2.5,22,
HD-L1-001,EQUIPMENT,HD,Hand dryer: Triage,DB-L1-01B,1,230,1,2.1,,N,C01-0025,2.5,39,
SP-L1-002,equipment,SP,Small power: CDU,DB-L1-01B,1,230,1,1.6,,N,C01-0026,2.5,47,
BEV-L1-001,equipment,BEV,Beverage bay: Plaster room,DB-L1-01B,1,230,1,2.3,,N,C01-0027,2.5,35,
SP-L1-003,equipment,SP,Small power: Waiting room (2),DB-L1-01B,1,230,1,2.4,,N,C01-0028,2.5,6,
SP-L1-004,equipment,SP,Small power: Triage,DB-L1-01B,1,230,1,3.1,,N,C01-0029,2.5,22,
SP-L1-005,equipment,SP,Small power: CDU (2),DB-L1-01B,1,230,1,2.2,,N,C01-0030,2.5,28,
SP-L1-006,equipment,SP,Small power: Plaster room,DB-L1-01B,1,230,1,1.8,,N,C01-0031,2.5,15,spare way used
SP-L1-007,equipment,SP,Small power: Waiting room (3),DB-L1-01B,1,230,1,2.9,,N,C01-0032,2.5,44,
SP-L1-008,equipment,SP,Small power: Triage (2),DB-L1-01B,1,230,1,1.8,,N,C01-0033,2.5,20,
SP-L1-009,equipment,SP,Small power: CDU (3),DB-L1-01B,1,230,1,2.1,,N,C01-0034,2.5,45,
BHP-L1-002,equipment,BHP,Bed-head power: Ambulance entrance,DB-L1-01C,1,230,1,2.6,,N,C01-0044,2.5,6,as-built per site instruction SI-045
SP-L1-011,equipment,SP,Small power: Waiting room (4),DB-L1-01B,1,230,1,3.1,,N,C01-0036,2.5,27,
HD-L1-002,equipment,HD,Hand dryer: Triage (2),DB-L1-01B,1,230,1,1.5,,N,C01-0037,2.5,54,
HW-L1-001,equipment,HW,Water heater: Plaster room,DB-L1-01B,1,230,1,2.5,,N,C01-0039,2.5,8,
SP-L1-010,equipment,SP,Small power: Plaster room (2),DB-L1-01B,1,230,1,1.6,,N,C01-0035,2.5,19,
DB-L1-01C,board,DB,Level 1 cubicles bed-head & nurse call,DB-L1-01,1,230,1,,55,,C01-0040,120,11,
NC-L1-001,equipment,NC,Nurse call system: Paediatric ED,DB-L1-01C,1,230,1,0.52,,Y,C01-0041,2.5,7,
BHP-L1-001,equipment,BHP,Bed-head power: Staff base,DB-L1-01C,1,230,1,2.5,,N,C01-0042,2.5,55,
MON-L1-001,equipment,MON,Patient monitoring: Majors,DB-L1-01C,1,230,1,0.8,,N,C01-0043,2.5,30,label missing on site
HD-L1-003,equipment,HD,Hand dryer: CDU,DB-L1-01B,1,230,1,2,,N,C01-0038,2.5,6,
SP-L1-012,equipment,SP,Small power: Paediatric ED,DB-L1-01C,1,230,1,2.5,,N,C01-0045,2.5,54,
SP-L1-013,equipment,SP,Small power: Paediatric ED (2),DB-L1-01C,1,230,1,3.2,,FALSE,C01-0053,2.5,51,
BHP-L1-003,equipment,BHP,Bed-head power: Majors,DB-L1-01C,1,230,1,1.9,,N,C01-0047,2.5,20,
BHP-L1-004,equipment,BHP,Bed-head power: Ambulance entrance (2),DB-L1-01C,1,230,1,2.6,,N,C01-0048,2.5,14,
BHP-L1-005,equipment,BHP,Bed-head power: Paediatric ED,DB-L1-01C,1,230,1,2.2,,N,C01-0049,2.5,38,
FRG-L1-001,equipment,FRG,Medicines fridge: Staff base,DB-L1-01C,1,230,1,0.41,,N,C01-0050,2.5,27,
MON-L1-003,equipment,MON,Patient monitoring: Majors (2),DB-L1-01C,1,230,1,0.3,,N,C01-0051,2.5,15,
BHP-L1-006,equipment,BHP,Bed-head power: Ambulance entrance (3),DB-L1-01C,1,230,1,2.3,,N,C01-0052,2.5,49,
MON-L1-002,equipment,MON,Patient monitoring: Staff base,DB-L1-01C,1,230,1,0.6,,N,C01-0046,2.5,31,route changed to avoid MRI shielding
BHP-L1-007,equipment,BHP,Bed-head power: Staff base (2),DB-L1-01C,1,230,1,2.1,,N,C01-0054,2.5,19,
DB-L1-01D,board,DB,Level 1 treatment equipment,DB-L1-01,1,400,3,,65,,C01-0057,35,13,
MON-L1-004,equipment,MON,Patient monitoring: Ambulance entrance,DB-L1-01C,1,230,1,0.7,,N,C01-0056,2.5,10,
SP-L1-014,equipment,SP,Small power: Majors,DB-L1-01C,1,230,1,1.6,,n,C01-0055,2.5,30,
IHW-L1-001,equipment,IHW,Instantaneous water heater: Resus,DB-L1-01D,1,400,3,9,,N,C01-0058,2.5,48,
BHP-L1-008,equipment,BHP,Bed-head power: Minors,DB-L1-01D,1,230,1,2.8,,N,C01-0059,2.5,32,
EF-L1-001,equipment,EF,Isolation room extract fan: Relatives room,DB-L1-01D,1,400,3,1.5,,N,C01-0060,2.5,13,"tagged ""temporary"" on site, confirm with Northside M&E"
MON-L1-005,equipment,MON,Patient monitoring: Main entrance,DB-L1-01D,1,230,1,0.8KW,,n,C01-0061,2.5,31,
SP-L1-015,equipment,SP,Small power: Resus,DB-L1-01D,1,230,1,2.6,,N,C01-0062,2.5,28,
SP-L1-016,equipment,SP,Small power: Relatives room,DB-L1-01D,1,230,1,1.8,,N,C01-0064,2.5,34,
MON-L1-006,equipment,MON,Patient monitoring: Minors,DB-L1-01D,1,230,1,0.6,,N,C01-0063,2.5,19,
BHP-L1-009,equipment,BHP,Bed-head power: Main entrance,DB-L1-01D,1,230,1,2.4,,N,C01-0065,2.5,32,
BHP-L1-010,equipment,BHP,Bed-head power: Resus,DB-L1-01D,1,230,1,1.8,,N,C01-0066,2.5,39,
BHP-L1-011,equipment,BHP,Bed-head power: Minors (2),DB-L1-01D,1,230,1,1.6,,N,C01-0067,2.5,17,
BHP-L1-012,equipment,BHP,Bed-head power: Relatives room,DB-L1-01D,1,230,1,2.1,,N,C01-0068,2.5,48,
BHP-L1-013,equipment,BHP,Bed-head power: Main entrance (2),DB-L1-01D,1,230,1,1.8,,N,C01-0069,2.5,19,
MON-L1-007,equipment,MON,Patient monitoring: Resus,DB-L1-01D,1,230,1,0.8,,N,C01-0070,2.5,21,
BHP-L1-014,equipment,BHP,Bed-head power: Minors (3),DB-L1-01D,1,230,1,1.6,,N,C01-0071,2.5,16,
SP-L1-017,equipment,SP,Small power: Relatives room (2),DB-L1-01D,1,230,1,1.7,,N,C01-0072,2.5,53,
BHP-L1-015,equipment,BHP,Bed-head power: Main entrance (3),DB-L1-01D,1,230,1,2.4,,N,C01-0073,2.5,56,
FRG-L1-002,equipment,FRG,Medicines fridge: Resus,DB-L1-01D,1,230,1,0.42,,N,C01-0074,2.5,40,
DB-L1-02,board,DB,Level 1 Emergency Department south wing distribution board,SMSB-A,1,400,3,,240,,C01-0075,240,32,
HP-L1-002,equipment,HP,Heat pump: L1 south wing,DB-L1-02,1,400,3,7.5,,N,C01-0076,2.5,55,
DATA-L1-002,equipment,DATA,Floor comms room: L1 south wing,DB-L1-02,1,230,1,2,,N,C01-0077,2.5,15,
DB-L1-02A,board,DB,Level 1 lighting,DB-L1-02,1,230,1,,50,,C01-0078,120,7,
EM-L1-002,equipment,EM,Emergency lighting: L1 south wing,DB-L1-02A,1,230,1,0.29,,Y,C01-0079,1.5,51,
LTG-L1-017,equipment,LTG,Lighting: Ambulance entrance,DB-L1-02A,1,230,1,0.8,,N,C01-0080,1.5,34,
LTG-L1-018,equipment,LTG,Lighting: Waiting room,DB-L1-02A,1,230,1,1.7,,N,C01-0081,1.5,6,
LTG-L1-019,equipment,LTG,Lighting: Triage,DB-L1-02A,1,230,1,1.2,,N,C01-0082,1.5,47,
LTG-L1-020,equipment,LTG,Lighting: CDU,DB-L1-02A,1,230,1,1.2,,N,C01-0083,1.5,31,
LTG-L1-021,equipment,LTG,Lighting: Ambulance entrance (2),DB-L1-02A,1,230,1,1.6,,N,C01-0084,1.5,7,
LTG-L1-022,equipment,LTG,Lighting: Waiting room (2),DB-L1-02A,1,230,1,1,,N,C01-0085,1.5,5,
ACC-L1-001,equipment,ACC,Access control panel: Triage,DB-L1-02A,1,230,1,0.41,,N,C01-0086,2.5,29,
LTG-L1-023,equipment,LTG,Lighting: CDU (2),DB-L1-02A,1,230,1,1.3,,N,C01-0087,1.5,44,"fed via local isolator, see dwg E-501 rev C"
LTG-L1-024,equipment,LTG,Lighting: Ambulance entrance (3),DB-L1-02A,1,230,1,1.3,,N,C01-0088,1.5,51,
LTG-L1-025,equipment,LTG,Lighting: Waiting room (3),DB-L1-02A,1,230,1,1.7,,N,C01-0089,1.5,33,
LTG-L1-026,equipment,LTG,Lighting: Triage (2),DB-L1-02A,1,230,1,1.4,,N,C01-0090,1.5,28,
LTG-L1-027,equipment,LTG,Lighting: CDU (3),DB-L1-02A,1,230,1,0.8,,N,C01-0091,1.5,16,
LTG-L1-028,equipment,LTG,Lighting: Ambulance entrance (4),DB-L1-02A,1,230,1,1.7,,N,C01-0092,1.5,49,
LTG-L1-031,equipment,LTG,Lighting: CDU (4),DB-L1-02A,1,230,1,1,,N,C01-0095,1.5,53,
LTG-L1-030,equipment,LTG,Lighting: Triage (3),DB-L1-02A,1,230,1,0.6,,N,C01-0094,1.5,52,
LTG-L1-029,equipment,LTG,Lighting: Waiting room (4),DB-L1-02A,1,230,1,0.6,,N,C01-0093,1.5,31,
LTG-L1-032,equipment,LTG,Lighting: Ambulance entrance (5),DB-L1-02A,1,230,1,1.4,,N,C01-0096,1.5,30,
LTG-L1-033,equipment,LTG,Lighting: Waiting room (5),DB-L1-02A,1,230,1,0.7,,N,C01-0097,1.5,40,
DB-L1-02B,board,DB,Level 1 small power,DB-L1-02,1,230,1,,70,,C01-0098,185,22,
SP-L1-024,equipment,SP,Small power: See & treat (3),DB-L1-02B,1,230,1,1.6,,N,C01-0107,2.5,43,
SP-L1-019,equipment,SP,Small power: Main entrance,DB-L1-02B,1,230,1,3.1,,N,C01-0100,2.5,30,
SP-L1-020,equipment,SP,Small power: Resus,DB-L1-02B,1,230,1,2.6,,N,C01-0101,2.5,22,
SP-L1-021,equipment,SP,Small power: Ambulance entrance,DB-L1-02B,1,230,1,3.4,,0,C01-0102,2.5,24,
SP-L1-022,equipment,SP,Small power: See & treat (2),DB-L1-02B,1,230,1,2.4,,N,C01-0103,2.5,15,
SP-L1-023,equipment,SP,Small power: Main entrance (2),DB-L1-02B,1,230,1,1.8,,N,C01-0104,2.5,35,
HW-L1-002,equipment,HW,Water heater: Resus,DB-L1-02B,1,230,1,2.6,,N,C01-0105,2.5,53,
BEV-L1-002,equipment,BEV,Beverage bay: Ambulance entrance,DB-L1-02B,1,230,1,2.1,,N,C01-0106,2.5,36,
SP-L1-018,equipment,SP,Small power: See & treat,DB-L1-02B,1,230,1,3.3,,N,C01-0099,2.5,55,
SP-L1-025,equipment,SP,Small power: Main entrance (3),DB-L1-02B,1,230,1,2.9,,N,C01-0108,2.5,9,
HW-L1-003,equipment,HW,Water heater: Resus (2),DB-L1-02B,1,230,1,2.1,,N,C01-0109,2.5,34,
SP-L1-026,equipment,SP,Small power: Ambulance entrance (2),DB-L1-02B,1,230,1,3,,N,C01-0110,2.5,14,
HD-L1-004,equipment,HD,Hand dryer: See & treat,DB-L1-02B,1,230,1,1.4,,N,C01-0111,2.5,39,
SP-L1-027,equipment,SP,Small power: Main entrance (4),DB-L1-02B,1,230,1,2.6,,N,C01-0112,2.5,26,
SP-L1-028,equipment,SP,Small power: Resus (2),DB-L1-02B,1,230,1,3.5,,N,C01-0113,2.5,32,
SP-L1-029,equipment,SP,Small power: Ambulance entrance (3),DB-L1-02B,1,230,1,1.8,,N,C01-0114,2.5,46,
BEV-L1-003,equipment,BEV,Beverage bay: See & treat,DB-L1-02B,1,230,1,2.1,,N,C01-0115,2.5,60,
SP-L1-030,equipment,SP,Small power: Main entrance (5),DB-L1-02B,1,230,1,1.5,,N,C01-0116,2.5,32,
SP-L1-031,equipment,SP,Small power: Resus (3),DB-L1-02B,1,230,1,3.2,,N,C01-0117,2.5,43,
DB-L1-02C,board,DB,Level 1 cubicles bed-head & nurse call,DB-L1-02,1,230,1,,75,,C01-0118,185,16,
NC-L1-002,equipment,NC,Nurse call system: See & treat,DB-L1-02C,1,230,1,0.29,,Y,C01-0119,2.5,5,
BHP-L1-016,equipment,BHP,Bed-head power: Majors,DB-L1-02C,1,230,1,1.8,,N,C01-0120,2.5,28,
BHP-L1-017,equipment,BHP,Bed-head power: Waiting room,DB-L1-02C,1,230,1,2.4,,N,C01-0121,2.5,54,
BHP-L1-018,equipment,BHP,Bed-head power: Triage,DB-L1-02C,1,230,1,2,,N,C01-0122,2.5,60,
MON-L1-008,equipment,MON,Patient monitoring: See & treat,DB-L1-02C,1,230,1,0.6,,N,C01-0123,2.5,29,
SP-L1-032,equipment,SP,Small power: Majors,DB-L1-02C,1,230,1,2.5,,N,C01-0124,2.5,57,
BHP-L1-019,equipment,BHP,Bed-head power: Waiting room (2),DB-L1-02C,1,230,1,2.3,,N,C01-0125,2.5,49,
SP-L1-033,equipment,SP,Small power: Waiting room,DB-L1-02C,1,230,1,2.1,,N,C01-0133,2.5,34,
BHP-L1-021,equipment,BHP,Bed-head power: See & treat,DB-L1-02C,1,230,1,2.5,,N,C01-0127,2.5,6,
BHP-L1-022,equipment,BHP,Bed-head power: Majors (2),DB-L1-02C,1,230,1,2.8,,N,C01-0128,2.5,47,
BHP-L1-023,equipment,BHP,Bed-head power: Waiting room (3),DB-L1-02C,1,230,1,2.7,,N,C01-0129,2.5,47,
FRG-L1-003,EQUIPMENT,FRG,Medicines fridge: Triage,DB-L1-02C,1,230,1,0.36,,0,C01-0130,2.5,13,
BHP-L1-024,equipment,BHP,Bed-head power: See & treat (2),DB-L1-02C,1,230,1,2.3,,N,C01-0131,2.5,12,
BHP-L1-025,equipment,BHP,Bed-head power: Majors (3),DB-L1-02C,1,230,1,1.8,,N,C01-0132,2.5,53,
BHP-L1-020,equipment,BHP,Bed-head power: Triage (2),DB-L1-02C,1,230,1,2.1,,N,C01-0126,2.5,47,
MON-L1-009,equipment,MON,Patient monitoring: Triage,DB-L1-02C,1,230,1,0.4,,N,C01-0134,2.5,42,
MON-L1-010,equipment,MON,Patient monitoring: See & treat (2),DB-L1-02C,1,230,1,0.5,,N,C01-0135,2.5,19,
BHP-L1-026,equipment,BHP,Bed-head power: Majors (4),DB-L1-02C,1,230,1,2.8,,N,C01-0136,2.5,37,
BHP-L1-027,equipment,BHP,Bed-head power: Waiting room (4),DB-L1-02C,1,230,1,2.7,,N,C01-0137,2.5,30,
DB-L1-02D,board,DB,Level 1 treatment equipment,DB-L1-02,1,400,3,,85,,C01-0138,50,8,
IHW-L1-002,equipment,IHW,Instantaneous water heater: CDU,DB-L1-02D,1,400,3,9,,N,C01-0139,2.5,8,
MON-L1-011,equipment,MON,Patient monitoring: Plaster room,DB-L1-02D,1,230,1,0.6,,N,C01-0140,2.5,16,
SP-L1-034,equipment,SP,Small power: Relatives room,DB-L1-02D,1,230,1,1.9,,N,C01-0141,2.5,8,
SP-L1-035,equipment,SP,Small power: Minors,DB-L1-02D,1,230,1,2.3,,N,C01-0142,2.5,45,
BHP-L1-028,equipment,BHP,Bed-head power: CDU,DB-L1-02D,1,230,1,1.7,,N,C01-0143,2.5,15,
BHP-L1-029,equipment,BHP,Bed-head power: Plaster room,DB-L1-02D,1,230,1,2.9,,N,C01-0144,2.5,38,
MON-L1-012,equipment,MON,Patient monitoring: Relatives room,DB-L1-02D,1,230,1,0.3,,N,C01-0145,2.5,42,
SP-L1-036,equipment,SP,Small power: Minors (2)   ,DB-L1-02D,1,230,1,2.3,,N,C01-0146,2.5,33,
MON-L1-013,equipment,MON,Patient monitoring: CDU,DB-L1-02D,1,230,1,0.6,,N,C01-0147,2.5,8,
BHP-L1-030,equipment,BHP,Bed-head power: Plaster room (2),DB-L1-02D,1,230,1,2.4,,N,C01-0148,2.5,24,
SP-L1-037,equipment,SP,Small power: Relatives room (2),DB-L1-02D,1,230,1,3.4,,no,C01-0149,2.5,33,
BHP-L1-031,equipment,BHP,Bed-head power: Minors,DB-L1-02D,1,230,1,2.3,,N,C01-0150,2.5,7,
BHP-L1-032,equipment,BHP,Bed-head power: CDU (2),DB-L1-02D,1,230,1,2.2,,N,C01-0151,2.5,33,
MON-L1-014,equipment,MON,Patient monitoring: Plaster room (2),DB-L1-02D,1,230,1,0.7,,N,C01-0152,2.5,29,
SP-L1-038,equipment,SP,Small power: Relatives room (3),DB-L1-02D,1,230,1,2.9,,N,C01-0153,2.5,9,
EF-L1-002,equipment,EF,Isolation room extract fan: Minors,DB-L1-02D,1,400,3,1.1,,N,C01-0154,2.5,33,
SP-L1-039,equipment,SP,Small power: CDU,DB-L1-02D,1,230,1,1.6,,,C01-0155,2.5,35,
BHP-L1-033,equipment,BHP,Bed-head power: Plaster room (3),DB-L1-02D,1,230,1,3,,N,C01-0156,2.5,36,
DB-L1-03,board,DB,"Level 1 resus, X-ray & ambulance services distribution board",SMSB-A,1,400,3,,260,,C01-0157,300,24,
DB-L1-03A,board,DB,Level 1 resus bays,DB-L1-03,1,400,3,,60,,C01-0158,35,11,
VENT-L1-001,equipment,VENT,Ventilator circuit: resus bay 1,DB-L1-03A,1,230,1,0.5,,Y,C01-0159,2.5,45,
VENT-L1-002,Equipment,VENT,Ventilator circuit: resus bay 2,DB-L1-03A,1,230,1,0.9,,Y,C01-0160,2.5,23,
SP-L1-040,equipment,SP,Small power: Waiting room,DB-L1-03A,1,230,1,3.1,,N,C01-0161,2.5,45,
IMG-L1-001,equipment,IMG,Mobile image intensifier: Staff base,DB-L1-03A,1,230,1,2.2,,N,C01-0162,2.5,48,
SP-L1-041,equipment,SP,Small power: CDU,DB-L1-03A,1,230,1,2.5,,N,C01-0163,2.5,57,
MON-L1-015,equipment,MON,Patient monitoring: Staff base,DB-L1-03A,1,230,1,0.3,,N,C01-0166,2.5,40,
BHP-L1-035,equipment,BHP,Bed-head power: Waiting room,DB-L1-03A,1,230,1,2.2,,N,C01-0165,2.5,54,
BHP-L1-034,equipment,BHP,Bed-head power: Majors,DB-L1-03A,1,230,1,1.5,,N,C01-0164,2.5,37,
BHP-L1-036,equipment,BHP,Bed-head power: CDU,DB-L1-03A,1,230,1,1.6,,N,C01-0167,2.5,17,
BHP-L1-037,equipment,BHP,Bed-head power: Majors (2),DB-L1-03A,1,230,1,2.3,,N,C01-0168,2.5,33,
SP-L1-042,equipment,SP,Small power: Waiting room (2),DB-L1-03A,1,230,1,3.3,,N,C01-0169,2.5,10,
IMG-L1-002,equipment,IMG,Mobile image intensifier: Staff base (2),DB-L1-03A,1,230,1,2.1,,N,C01-0170,2.5,8,
MON-L1-016,equipment,MON,Patient monitoring: CDU,DB-L1-03A,1,230,1,0.5,,N,C01-0171,2.5,39,
SP-L1-043,equipment,SP,Small power: Majors,DB-L1-03A,1,230,1,3.5,,N,C01-0172,2.5,20,
SP-L1-044,equipment,SP,Small power: Waiting room (3),DB-L1-03A,1,230,1,2.1,,N,C01-0173,2.5,41,
BHP-L1-038,equipment,BHP,Bed-head power: Staff base,DB-L1-03A,1,230,1,2,,N,C01-0174,2.5,26,
FRG-L1-004,equipment,FRG,Medicines fridge: CDU,DB-L1-03A,1,230,1,0.25,,N,C01-0175,2.5,44,
BHP-L1-039,equipment,BHP,Bed-head power: Majors (3),DB-L1-03A,1,230,1   ,1.9,,N,C01-0176,2.5,57,
DB-L1-03B,board,DB,Level 1 ED X-ray rooms,DB-L1-03,1,400,3,, 100 kW,,C01-0177,70,21,
XR-L1-001,equipment,XR,ED X-ray room 1,DB-L1-03B,1,400,3,29,,N,C01-0178,10,13,
XR-L1-002,equipment,XR,ED X-ray room 2,DB-L1-03B,1,400,3,25,,N,C01-0179,10,46,
US-L1-001,equipment,US,Ultrasound: See & treat,DB-L1-03B,1,230,1,0.9,,N,C01-0180,2.5,49,
LTG-L1-034,equipment,LTG,Lighting: Majors,DB-L1-03B,1,230,1,1.2,,N,C01-0181,1.5,5,
LTG-L1-035,equipment,LTG,Lighting: Ambulance entrance,DB-L1-03B,1,230,1,1.4,,N,C01-0182,1.5,25,
LTG-L1-036,equipment,LTG,Lighting: CDU,DB-L1-03B,1,230,1,1.9,,N,C01-0183,1.5,33,
SP-L1-045,equipment,SP,Small power: See & treat,DB-L1-03B,1,230,1,1.9,,N,C01-0184,2.5,56,
DB-L1-03C,board,DB,Level 1 reception & waiting,DB-L1-03,1,230,1,,65,,C01-0185,150,4,
SP-L1-046,equipment,SP,Small power: Relatives room,DB-L1-03C,1,230,1,2.4,,N,C01-0186,2.5,23,
ACC-L1-002,equipment,ACC,Access control panel: Main entrance,DB-L1-03C,1,230,1,0.48,,N,C01-0187,2.5,52,
ACC-L1-003,equipment,ACC ,Access control panel: Waiting room,DB-L1-03C,1,230,1,0.24,,N,C01-0188,2.5,52,
LTG-L1-037,equipment,LTG,Lighting: Plaster room,DB-L1-03C,1,230,1,1.9,,N,C01-0189,1.5,48,
ACC-L1-004,equipment,ACC,Access control panel: Relatives room,DB-L1-03C,1,230,1,0.45,,N,C01-0190,2.5,20,
SP-L1-047,equipment,SP,Small power: Main entrance,DB-L1-03C,1,230,1,1.5,,N,C01-0191,2.5,42,
SP-L1-048,equipment,SP,Small power: Waiting room,DB-L1-03C,1,230,1,3.1,,N,C01-0192,2.5,5,
SP-L1-049,equipment,SP,Small power: Plaster room ,DB-L1-03C,1,230,1,2,,N,C01-0193,2.5,31,
SP-L1-053,equipment,SP,Small power: Relatives room (2),DB-L1-03C,1,230,1,2,,N,C01-0202,2.5,27,
DATA-L1-003,equipment,DATA,Comms cabinet: Main entrance,DB-L1-03C,1,230,1,2.9,,N,C01-0195,2.5,20,
SP-L1-050,equipment,SP,Small power: Waiting room (2),DB-L1-03C,1,230,1,2.2,,N,C01-0196,2.5,16,
LTG-L1-039,equipment,LTG,Lighting: Plaster room (2),DB-L1-03C,1,230,1,1,,N,C01-0197,1.5,33,
DATA-L1-004,equipment,DATA,Comms cabinet: Relatives room,DB-L1-03C,1,230,1,2.1,,N,C01-0198,2.5,46,
LTG-L1-040,equipment,LTG,Lighting: Main entrance,DB-L1-03C,1,230,1,1.5,,N,C01-0199,1.5,35,
SP-L1-051,equipment,SP,Small power: Waiting room (3),DB-L1-03C,1,230,1,2.1,,FALSE,C01-0200,2.5,33,
EV-L1-002,equipment,EV,Ambulance charger: bay 2,DB-L1-03D,1,230,1,7.4,,N,C01-0207,6,58,
LTG-L1-038,equipment,LTG,Lighting: Relatives room,DB-L1-03C,1,230,1,2,,N,C01-0194,1.5,40,
IHW-L1-004,equipment,IHW,Decontamination shower heater 2,DB-L1-03D,1,400,3,12,,N,C01-0209,2.5,21,
SP-L1-054,equipment,SP,Small power: Waiting room (4),DB-L1-03C,1,230,1,2.1,,N,C01-0204,2.5,52,
LTG-L1-043,equipment,LTG,Lighting: Staff base,DB-L1-03D,1,230,1,1.1,,N,C01-0212,1.5,8,
EV-L1-001,equipment,EV,Ambulance charger: bay 1,DB-L1-03D,1,230,1,7.4,,N,C01-0206,6,50,
SP-L1-052,equipment,SP,Small power: Plaster room (2),DB-L1-03C,1,230,1,1.7,,N,C01-0201,2.5,11,spare way used
LTG-L1-042,equipment,LTG,Lighting: Plaster room,DB-L1-03D,1,230,1,1.5,,N,C01-0211,1.5,29,
DATA-L1-005,equipment,DATA,Comms cabinet: Main entrance (2),DB-L1-03C,1,230,1,2.2,,N,C01-0203,2.5,20,
LTG-L1-041,equipment,LTG,Lighting: Triage,DB-L1-03D,1,230,1,0.8,,N,C01-0210,1.5,39,
IHW-L1-003,equipment,IHW,Decontamination shower heater 1,DB-L1-03D,1,400,3,9,,N,C01-0208,2.5,43,
DB-L1-03D,board,DB,Level 1 ambulance bay & decontamination,DB-L1-03,1,400,3,,75,,C01-0205,50,6,
LTG-L1-047,equipment,LTG,Lighting: Triage (3),DB-L1-03D,1,230,1,2,,N,C01-0218,1.5,13,
LTG-L1-044,equipment,LTG,Lighting: Triage (2),DB-L1-03D,1,230,1,1.4,,N,C01-0214,1.5,48,
CCTV-L1-002,equipment,CCTV,CCTV: Plaster room,DB-L1-03D,1,230,1,0.49,,N,C01-0215,2.5,60,
LTG-L1-045,equipment,LTG,Lighting: Staff base (2),DB-L1-03D,1,230,1,0.8,,N,C01-0216,1.5,12,
LTG-L1-046,equipment,LTG,Lighting: Resus,DB-L1-03D,1,230,1,2,,N,C01-0217,1.5,10,
EF-L1-003,equipment,EF,General extract fan: Resus,DB-L1-03D,1,400,3,1.1,,N,C01-0213,2.5,43,
LTG-L1-048,equipment,LTG,Lighting: Plaster room (2),DB-L1-03D,1,230,1,1,,N,C01-0219,1.5,7,
SP-L1-055,equipment,SP,Small power: Staff base,DB-L1-03D,1,230,1,1.7,,N,C01-0220,2.5,50,
ACC-L1-005,equipment,ACC,Access control panel: Resus,DB-L1-03D,1,230,1,0.43,,N,C01-0221,2.5,40,
LTG-L1-049,equipment,LTG,Lighting: Triage (4),DB-L1-03D,1,230,1,1.4,,N,C01-0222,1.5,6,
LTG-L1-050,equipment,LTG,Lighting: Plaster room (3),DB-L1-03D,1,230,1,1.2,,N,C01-0223,1.5,6,
LTG-L1-051,equipment,LTG,Lighting: Staff base (3),DB-L1-03D,1,230,1,1.4,,N,C01-0224,1.5,16,
DB-L1-04,board,DB,Level 1 mechanical services distribution board,SMSB-A,1,400,3,,470,,C01-0225,2x300,32,
AHU-L1-001,equipment,AHU,Air handling unit 1: Emergency Department,DB-L1-04,1,400,3,22,,N,C01-0226,6,42,
AHU-L1-002,equipment,AHU,Air handling unit 2: Emergency Department,DB-L1-04,1,400,3,15,,N,C01-0227,4,58,
DB-L1-04A,board,DB,Level 1 pumps & extract fans,DB-L1-04,1,400,3,,70,,C01-0228,35,13,
SF-L1-001,equipment,SF,Supply fan: Main entrance,DB-L1-04A,1,400,3,3,,N,C01-0232,2.5,54,
FCU-L1-001,equipment,FCU,Fan coil units: CDU,DB-L1-04A,1,230,1,2.5,,N,C01-0230,2.5,40,
EF-L1-004,equipment,EF,Isolation room extract fan: See & treat,DB-L1-04A,1,400,3,1.1,,N,C01-0231,2.5,27,
PMP-L1-001,equipment,PMP,LTHW heating pump: Minors,DB-L1-04A,1,400,3,4,,N,C01-0229,2.5,48,
HP-L1-003,equipment,HP,Heat pump: Minors,DB-L1-04A,1,400,3,7.5,,N,C01-0233,2.5,20,
PMP-L1-002,equipment,PMP,DHW secondary pump: CDU,DB-L1-04A,1,400,3,2.2,,N,C01-0234,2.5,48,
BMS-L1-001,equipment,BMS,BMS outstation: See & treat,DB-L1-04A,1,230,1,0.5,,N,C01-0235,2.5,47,
PMP-L1-003,equipment,PMP,DHW secondary pump: Main entrance,DB-L1-04A,1,400,3,2.2,,N,C01-0236,2.5,6,
FCU-L1-002,equipment,FCU,Fan coil units: Minors,DB-L1-04A,1,230,1,2.3,,N,C01-0237,2.5,39,
PMP-L1-004,equipment,PMP,Condenser water pump: CDU,DB-L1-04A,1,400,3,3,,N,C01-0238,2.5,49,
EF-L1-005,equipment,EF,Kitchen extract fan: See & treat,DB-L1-04A,1,400,3,1.5,,N,C01-0239,2.5,51,
BMS-L1-002,equipment,BMS,BMS outstation: Main entrance,DB-L1-04A,1,230,1,0.3,,N,C01-0240,2.5,46,
HP-L1-004,equipment,HP,Heat pump: Minors (2),DB-L1-04A,1,400,3,5.5,,N,C01-0241,2.5,50,
BMS-L1-003,equipment,BMS,BMS outstation: CDU,DB-L1-04A,1,230,1,1,,N,C01-0242,2.5,56,
PMP-L1-005,equipment,PMP,Chilled water pump: See & treat,DB-L1-04A,1,400,3,11,,N,C01-0243,2.5,22,
EF-L1-006,equipment,EF,Isolation room extract fan: Main entrance,DB-L1-04A,1,400,3,2.2,,N,C01-0244,2.5,28,
PRS-L1-001,equipment,PRS,Pressurisation unit: Minors,DB-L1-04A,1,230,1,0.5,,N,C01-0245,2.5,44,
PRS-L1-002,equipment,PRS,Pressurisation unit: CDU,DB-L1-04A,1,230,1,0.5,,N,C01-0246,2.5,29,
DB-L1-04B,board,DB,Level 1 fan coil units & controls,DB-L1-04,1,230,1,,50,,C01-0247,120,5,
FCU-L1-003,equipment,FCU,Fan coil units: Resus,DB-L1-04B,1,230,1,2.3,,N,C01-0248,2.5,10,
FCU-L1-004,equipment,FCU,Fan coil units: Minors,DB-L1-04B,1,230,1,2.4,,n,C01-0249,2.5,33,
BMS-L1-004,equipment,BMS,BMS outstation: Relatives room,DB-L1-04B,1,230,1,0.7,,N,C01-0254,2.5,47,
FCU-L1-005,equipment,FCU,Fan coil units: Paediatric ED,DB-L1-04B,1,230,1,2.1,,N,C01-0251,2.5,45,
FCU-L1-006,equipment,FCU,Fan coil units: Resus (2),DB-L1-04B,1,230,1,1,,N,C01-0252,2.5,54,
TEF-L1-002,equipment,TEF,Toilet extract fan: Minors,DB-L1-04B,1,230,1,0.59,,N,C01-0253,2.5,7,
TEF-L1-001,equipment,TEF,Toilet extract fan: Relatives room,DB-L1-04B,1,230,1,0.55,,N,C01-0250,2.5,12,
TEF-L1-003,equipment,TEF,Toilet extract fan: Paediatric ED,DB-L1-04B,1,230,1,0.28,,N,C01-0255,2.5,11,
BMS-L1-005,equipment,BMS,BMS outstation: Resus,DB-L1-04B,1,230,1,0.3,,N,C01-0256,2.5,18,
FCU-L1-007,equipment,FCU,Fan coil units: Minors (2),DB-L1-04B,1,230,1,2.1,,N,C01-0257,2.5,25,
TEF-L1-004,equipment,TEF,Toilet extract fan: Relatives room (2),DB-L1-04B,1,230,1,0.58,,N,C01-0258,2.5,31,
FCU-L1-008,equipment,FCU,Fan coil units: Paediatric ED (2),DB-L1-04B,1,230,1,1.8,,N,C01-0259,2.5,27,
FCU-L1-009,equipment,FCU,Fan coil units: Resus (3),DB-L1-04B,1,230,1,2.3,,FALSE,C01-0260,2.5,6,
FCU-L1-010,equipment,FCU,Fan coil units: Minors (3),DB-L1-04B,1,230,1,1.2,,N,C01-0261,2.5,59,
BMS-L1-006,equipment,BMS,BMS outstation: Relatives room (2),DB-L1-04B,1,230,1,0.7,,N,C01-0262,2.5,7,
EF-L1-007,equipment,EF,Isolation room extract fan: Majors,DB-L1-04C,1,400,3,1.5,,N,C01-0268,2.5,36,
BMS-L1-007,equipment,BMS,BMS outstation: Resus (2),DB-L1-04B,1,230,1,0.8,,N,C01-0264,2.5,58,
FCU-L1-011,equipment,FCU,Fan coil units: Minors (4),DB-L1-04B,1,230,1,1.9,,N,C01-0265,2.5,15,
FCU-L1-012,equipment,FCU,Fan coil units: Relatives room,DB-L1-04B,1,230,1,0.8,,N,C01-0266,2.5,10,
DB-L1-04C,board,DB,Level 1 heat pumps & supply fans,DB-L1-04,1,400,3,,140,,C01-0267,95,5,
EF-L1-008,equipment,EF, General extract fan: Majors,DB-L1-04C,1,400,3,0.75,,N,C01-0272,2.5,20,label missing on site
SF-L1-002,equipment,SF,Supply fan: Majors,DB-L1-04C,1,400,3,1.1,,N,C01-0276,2.5,49,to be verified at commissioning
PMP-L1-007,equipment,PMP,Cold water booster pump: See & treat,DB-L1-04C,1,400,3,7.5,,N,C01-0270,2.5,39,
PMP-L1-008,equipment,PMP,Condenser water pump: Ambulance entrance,DB-L1-04C,1,400,3,11,,N,C01-0271,2.5,60,
TEF-L1-005,equipment,TEF,Toilet extract fan: Paediatric ED (2),DB-L1-04B,1,230,1,0.25,,N,C01-0263,2.5,37,
EF-L1-009,equipment,EF,Dirty utility extract fan: Minors,DB-L1-04C,1,400,3,2.2,,N,C01-0277,2.5,24,
HP-L1-005,equipment,HP,Heat pump: See & treat,DB-L1-04C,1,400,3,11,,no,C01-0274,2.5,5,
PMP-L1-010,equipment,PMP,Chilled water pump: Ambulance entrance,DB-L1-04C,1,400,3,5.5,,N,C01-0275,2.5,37,
PMP-L1-006,equipment,PMP,DHW secondary pump: Minors,DB-L1-04C,1,400,3,7.5,,N,C01-0269,2.5,7,
PMP-L1-009,equipment,PMP,Condenser water pump: Minors,DB-L1-04C,1,400,3,2.2,,N,C01-0273,2.5,59,
FCU-L1-013,equipment,FCU,Fan coil units: See & treat,DB-L1-04C,1,230,1,0.8,,N,C01-0278,2.5,18,
PMP-L1-011,equipment,PMP,LTHW heating pump: Ambulance entrance,DB-L1-04C,1,400,3,11,,N,C01-0279,2.5,59,
PMP-L1-012,equipment,PMP,Chilled water pump: Majors,DB-L1-04C,1,400,3,4,,N,C01-0280,2.5,34,
PRS-L1-003,equipment,PRS,Pressurisation unit: Minors,DB-L1-04C,1,230,1,1,,N,C01-0281,2.5,29,
HP-L1-006,equipment,HP,Heat pump: See & treat (2),DB-L1-04C,1,400,3,15,,N,C01-0282,4,54,
HP-L1-007,equipment,HP,Heat pump: Ambulance entrance,DB-L1-04C,1,400,3,11,,,C01-0283,2.5,44,
EF-L1-010,equipment,EF,Plant room extract fan: Majors,DB-L1-04C,1,400,3,3,,N,C01-0284,2.5,29,
DB-L1-04D,board,DB,Level 1 fan coil units & controls,DB-L1-04,1,230,1,,45,,C01-0285,95,10,
FCU-L1-014,equipment,FCU,Fan coil units: Plaster room,DB-L1-04D,1,230,1,0.9,,N,C01-0286,2.5,45,
FCU-L1-015,equipment,FCU,Fan coil units: Waiting room,DB-L1-04D,1,230,1,2.1,,N,C01-0287,2.5,47,
FCU-L1-016,equipment,FCU,Fan coil units: Main entrance,DB-L1-04D,1,230,1,2,,N,C01-0288,2.5,9,
FCU-L1-017,equipment,FCU,Fan coil units: See & treat,DB-L1-04D,1,230,1,2.1,,N,C01-0289,2.5,34,
FCU-L1-018,equipment,FCU,Fan coil units: Plaster room (2),DB-L1-04D,1,230,1,2.1,,N,C01-0290,2.5,42,
FCU-L1-019,equipment,FCU,Fan coil units: Waiting room (2),DB-L1-04D,1,230,1,1.4,,N,C01-0291,2.5,19,
FCU-L1-020,equipment,FCU,Fan coil units: Main entrance (2),DB-L1-04D,1,230,1,2.3,,N,C01-0292,2.5,33,
FCU-L1-021,equipment,FCU,Fan coil units: See & treat (2),DB-L1-04D,1,230,1,2.3,,N,C01-0293,2.5,19,
FCU-L1-022,equipment,FCU,Fan coil units: Plaster room (3),DB-L1-04D,1,230,1,1.1,,N,C01-0294,2.5,57,
TEF-L1-006,equipment,TEF,Toilet extract fan: Waiting room,DB-L1-04D,1,230,1,0.26,,N,C01-0295,2.5,43,
TEF-L1-007,equipment,TEF,Toilet extract fan: Main entrance,DB-L1-04D,1,230,1,0.45,,N,C01-0296,2.5,9,
TEF-L1-008,equipment,TEF,Toilet extract fan: See & treat,DB-L1-04D,1,230,1,0.22,,N,C01-0297,2.5,53,
FCU-L1-023,equipment,FCU,Fan coil units: Plaster room (4),DB-L1-04D,1,230,1,2.2,,N,C01-0298,2.5,54,
TEF-L1-009,equipment,TEF,Toilet extract fan: Waiting room (2),DB-L1-04D,1,230,1,0.49,,N,C01-0299,2.5,27,
FCU-L1-024,equipment,FCU,Fan coil units: Main entrance (3),DB-L1-04D,1,230,1,2,,N,C01-0300,2.5,40,
FCU-L1-025,equipment,FCU,Fan coil units: See & treat (3),DB-L1-04D,1,230,1,2.3,,N,C01-0301,2.5,6,
DB-L1-E,board,DB,Level 1 essential services board,SMSB-E,1,400,3,,80,,C01-0302,50,24,
EM-L1-003,equipment,EM,Emergency lighting: stair core 1 (L1),DB-L1-E,1,230,1,0.26,,Y,C01-0303,1.5,18,
EM-L1-005,equipment,EM,Emergency lighting: escape corridors (L1),DB-L1-E,1,230,1,0.47,,Y,C01-0305,1.5,31,
EM-L1-004,equipment,EM,Emergency lighting: stair core 2 (L1),DB-L1-E,1,230,1,0.4,,Y,C01-0304,1.5,59,
FA-L1-001,equipment,FA,Fire alarm panel (level 1),DB-L1-E,1,230,1,0.43,,Y,C01-0306,2.5,52,
SP-L1-056,equipment,SP,Essential small power: Resus,DB-L1-E,1,230,1,1.9,,N,C01-0307,2.5,56,
BMS-L1-008,equipment,BMS,BMS outstation: Plaster room,DB-L1-E,1,230,1,0.5,,N,C01-0308,2.5,28,
SP-L1-057,equipment,SP,Essential small power: Ambulance entrance,DB-L1-E,1,230,1,3,,,C01-0309,2.5,29,
SP-L1-058,equipment,SP,Essential small power: CDU,DB-L1-E,1,230,1,1.5,,N,C01-0310,2.5,51,moved per RFI-112
LTG-L1-052,equipment,LTG,Essential lighting: Resus,DB-L1-E,1,230,1,1.3,,N,C01-0311,1.5,12,
LTG-L1-053,equipment,LTG,Essential lighting: Plaster room,DB-L1-E,1,230,1,0.5,,N,C01-0312,1.5,11,
LTG-L1-054,equipment,LTG,Essential lighting: Ambulance entrance,DB-L1-E,1,230,1,1.2kW,,N,C01-0313,1.5,24,
SP-L1-059,equipment,SP,Essential small power: CDU (2),DB-L1-E,1,230,1,2.9,,N,C01-0314,2.5,10,
SP-L1-060,equipment,SP,Essential small power: Resus (2),DB-L1-E,1,230,1,2.2,,N,C01-0315,2.5,50,
LTG-L1-055,equipment,LTG,Essential lighting: Plaster room (2),DB-L1-E,1,230,1,1.9,,N,C01-0316,1.5,37,
LTG-L1-056,equipment,LTG,Essential lighting: Ambulance entrance (2),DB-L1-E,1,230,1,0.7,,N,C01-0317,1.5,7,
ACC-L1-006,equipment,ACC,Access control panel: CDU,DB-L1-E,1,230   ,1,0.21,,N,C01-0318,2.5,11,
SP-L1-061,equipment,SP,Essential small power: Resus (3),DB-L1-E,1,230,1,1.8,,N,C01-0319,2.5,53,
CCTV-L1-003,equipment,CCTV,CCTV: Plaster room,DB-L1-E,1,230,1,0.47,,N,C01-0320,2.5,57,
BMS-L1-009,equipment,BMS,BMS outstation: Ambulance entrance,DB-L1-E,1,230,1,1,,N,C01-0321,2.5,12,
ACC-L1-007,equipment,ACC,Access control panel: CDU (2),DB-L1-E,1,230,1,0.38,,N,C01-0322,2.5,20,
SP-L1-062,equipment,SP,Essential small power: Resus (4),DB-L1-E,1,230,1,2.1,,N,C01-0323,2.5,16,
SP-L1-063,equipment,SP,Essential small power: Plaster room,DB-L1-E,1,230,1,1.7,,N,C01-0324,2.5,25,
LTG-L1-057,equipment,LTG,Essential lighting: Ambulance entrance (3),DB-L1-E,1,230,1,1.2,,N,C01-0325,1.5,25,
LTG-L1-058,equipment,LTG,Essential lighting: CDU,DB-L1-E,1,230,1,1.5,,N,C01-0326,1.5,42,
SP-L1-064,equipment,SP,Essential small power: Resus (5),DB-L1-E,1,230,1,2.6,,N,C01-0327,2.5,44,
SP-L1-065,equipment,SP,Essential small power: Plaster room (2),DB-L1-E,1,230,1,1.8,,N,C01-0328,2.5,15,
LTG-L1-059,equipment,LTG,Essential lighting: Ambulance entrance (4),DB-L1-E,1,230,1,1.9,,N,C01-0329,1.5,9,
DB-L2-01,board,DB,Level 2 Imaging & Radiology north wing distribution board,SMSB-A,2,400,3,,310,,C02-0001,2x300,33,
HP-L2-001,equipment,HP,Heat pump: L2 north wing,DB-L2-01,2,400,3,11,,N,C02-0002,2.5,26,
DATA-L2-001,equipment,DATA,Floor comms room: L2 north wing,DB-L2-01,2,230,1,2.5,,N,C02-0003,2.5,45,
DB-L2-01A,board,DB,Level 2 lighting,DB-L2-01,2,230,1,,25,,C02-0004,50,4,
EM-L2-001,equipment,EM,Emergency lighting: L2 north wing,DB-L2-01A,2,230,1,0.24,,Y,C02-0005,1.5,59,
LTG-L2-001,equipment,LTG,Lighting: Mammography,DB-L2-01A,2,230,1,1.6,,N,C02-0006,1.5,31,
LTG-L2-002,equipment,LTG,Lighting: X-ray rooms,DB-L2-01A,2,230,1,1.1,,N,C02-0007,1.5,40,
LTG-L2-003,equipment,LTG,Lighting: Reporting room,DB-L2-01A,2,230,1,0.6,,N,C02-0008,1.5,41,
LTG-L2-004,equipment,LTG,Lighting: Reception,DB-L2-01A,2,230,1,1.7,,N,C02-0009,1.5,12,
LTG-L2-005,equipment,LTG,Lighting: Mammography (2),DB-L2-01A,2,230,1,1.2,,N,C02-0010,1.5,7,
LTG-L2-006,equipment,LTG,Lighting: X-ray rooms (2),DB-L2-01A,2,230,1,0.9,,N,C02-0011,1.5,50,
LTG-L2-007,equipment,LTG,Lighting: Reporting room (2),DB-L2-01A,2,230,1,2,,N,C02-0012,1.5,10,
LTG-L2-008,equipment,LTG,Lighting: Reception (2),DB-L2-01A,2,230,1,1.3,,N,C02-0013,1.5,36,
LTG-L2-009,equipment,LTG,Lighting: Mammography (3),DB-L2-01A,2,230,1,0.7,,N,C02-0014,1.5,40,
LTG-L2-010,equipment,LTG,Lighting: X-ray rooms (3),DB-L2-01A,2,230,1,0.6,,N,C02-0015,1.5,23,
LTG-L2-011,equipment,LTG,Lighting: Reporting room (3),DB-L2-01A,2,230,1,1.9,,N,C02-0016,1.5,41,
LTG-L2-012,equipment,LTG,Lighting: Reception (3),DB-L2-01A,2,230,1,1.4,,N,C02-0017,1.5,24,
LTG-L2-013,equipment,LTG,Lighting: Mammography (4),DB-L2-01A,2,230,1,0.8,,N,C02-0018,1.5,50,
LTG-L2-014,equipment,LTG,Lighting: X-ray rooms (4),DB-L2-01A,2,230,1,0.9,,N,C02-0019,1.5,40,
LTG-L2-015,equipment,LTG,Lighting: Reporting room (4),DB-L2-01A,2,230,1,0.7,,N,C02-0020,1.5,6,
LTG-L2-016,equipment,LTG,Lighting: Reception (4),DB-L2-01A,2,230,1,1.4,,N,C02-0021,1.5,13,
ACC-L2-001,equipment,ACC,Access control panel: Mammography,DB-L2-01A,2,230,1,0.24,,N,C02-0022,2.5,27,
DB-L2-01B,board,DB,Level 2 small power,DB-L2-01,2,230,1,,95,,C02-0023,300,17,
SP-L2-001,equipment,SP,Small power: Imaging recovery bays,DB-L2-01B,2,230,1,2.5,,N,C02-0024,2.5,14,
SP-L2-002,equipment,SP,Small power: X-ray rooms,DB-L2-01B,2,230,1,1.7,,N,C02-0025,2.5,56,
SP-L2-003,equipment,SP,Small power: Fluoroscopy,DB-L2-01B,2,230,1,2.4,,N,C02-0026,2.5,48,
SP-L2-004,equipment,SP,Small power: MRI suite,DB-L2-01B,2,230,1,3.1,,N,C02-0027,2.5,41,
SP-L2-005,equipment,SP,Small power: Imaging recovery bays (2),DB-L2-01B,2,230,1,1.5,,N,C02-0028,2.5,35,
SP-L2-009,equipment,SP,Small power: X-ray rooms (2),DB-L2-01B,2,230,1,3.1,,N,C02-0033,2.5,44,
SP-L2-006,equipment,SP,Small power: Fluoroscopy (2),DB-L2-01B,2,230,1,2.7,,N,C02-0030,2.5,11,
SP-L2-007,equipment,SP,Small power: MRI suite (2),DB-L2-01B,2,230,1,2.3,,N,C02-0031,2.5,48,
SP-L2-008,equipment,SP,Small power: Imaging recovery bays (3),DB-L2-01B,2,230,1,3.1,,N,C02-0032,2.5,46,"fed via local isolator, see dwg E-501 rev C"
HW-L2-001,equipment,HW,Water heater: X-ray rooms,DB-L2-01B,2,230,1,2.9,,N,C02-0029,2.5,50,
DB-L2-01C,board,DB,Level 2 reporting & patient areas,DB-L2-01,2,230,1,,70,,C02-0042,185,22,
SP-L2-010,equipment,SP,Small power: MRI suite (3),DB-L2-01B,2,230,1,2.2,,N,C02-0035,2.5,49,
DATA-L2-002,equipment,DATA,Comms cabinet: Imaging recovery bays,DB-L2-01B,2,230,1,2.8 ,,N,C02-0040,2.5,48,
SP-L2-012,equipment,SP,Small power: X-ray rooms (3),DB-L2-01B,2,230,1,2.4,,N,C02-0037,2.5,14,
SP-L2-013,equipment,SP,Small power: Fluoroscopy (3),DB-L2-01B,2,230,1,2.7,,N,C02-0038,2.5,5,
SP-L2-014,equipment,SP,Small power: MRI suite (4),DB-L2-01B,2,230,1,2.2,,N,C02-0039,2.5,32,
SP-L2-011,equipment,SP,Small power: Imaging recovery bays (4),DB-L2-01B,2,230,1,2.1,,N,C02-0036,2.5,57,
HD-L2-001,equipment,HD,Hand dryer: X-ray rooms,DB-L2-01B,2,230,1,1.3,,0,C02-0041,2.5,34,
BEV-L2-001,equipment,BEV,Beverage bay: Fluoroscopy,DB-L2-01B,2,230,1,2.5,,N,C02-0034,2.5,5,
LTG-L2-017,equipment,LTG,Lighting: Changing cubicles,DB-L2-01C,2,230,1,1.1,,N,C02-0043,1.5,54,
LTG-L2-018,equipment,LTG,Lighting: Reception,DB-L2-01C,2,230,1,0.8,,N,C02-0044,1.5,14,
SP-L2-015,equipment,SP,Small power: MRI suite,DB-L2-01C,2,230,1,1.7,,N,C02-0045,2.5,5,
SP-L2-016,equipment,SP,Small power: Patient waiting,DB-L2-01C,2,230,1,2.5,,N,C02-0046,2.5,32,
SP-L2-017,equipment,SP,Small power: Changing cubicles,DB-L2-01C,2,230,1,3.1,,N,C02-0047,2.5,45,
SP-L2-018,equipment,SP,Small power: Reception,DB-L2-01C,2,230,1,3,,N,C02-0048,2.5,18,
SP-L2-019,equipment,SP,Small power: MRI suite (2),DB-L2-01C,2,230,1,2.5,,N,C02-0049,2.5,36,
SP-L2-021,equipment,SP,Small power: Changing cubicles (2),DB-L2-01C,2,230,1,3,,N,C02-0051,2.5,25,
SP-L2-020,equipment,SP,Small power: Patient waiting (2),DB-L2-01C,2,230,1,2.3,,N,C02-0050,2.5,16,
SP-L2-022,equipment,SP,Small power: Reception (2),DB-L2-01C,2,230,1,2.1,,N,C02-0052,2.5,33,
SP-L2-023,equipment,SP,Small power: MRI suite (3),DB-L2-01C,2,230,1,3.2kW,,N,C02-0053,2.5,14,
LTG-L2-019,equipment,LTG,Lighting: Patient waiting,DB-L2-01C,2,230,1,1.1,,N,C02-0054,1.5,34,
LTG-L2-020,equipment,LTG,Lighting: Changing cubicles (2),DB-L2-01C,2,230,1,1.1,,N,C02-0055,1.5,54,
SP-L2-024,equipment,SP,Small power: Reception (3),DB-L2-01C,2,230,1,2.8,,N,C02-0056,2.5,6,
SP-L2-025,equipment,SP,Small power: MRI suite (4),DB-L2-01C,2,230,1,1.8,,N,C02-0057,2.5,34,
SP-L2-026,equipment,SP,Small power: Patient waiting (3),DB-L2-01C,2,230,1,2,,N,C02-0058,2.5,24,
SP-L2-027,equipment,SP,Small power: Changing cubicles (3),DB-L2-01C,2,230,1,2.4,,N,C02-0059,2.5,27,
DATA-L2-003,equipment,DATA,Comms cabinet: Reception,DB-L2-01C,2,230,1,1.5,,N,C02-0060,2.5,52,
EF-L2-002,equipment,EF,Kitchen extract fan: Fluoroscopy,DB-L2-01D,2,400,3,3,,N,C02-0068,2.5,19,
SP-L2-033,equipment,SP,Small power: Fluoroscopy (2),DB-L2-01D,2,230,1,1.6,,N,C02-0072,2.5,55,
SP-L2-029,equipment,SP,Small power: Imaging recovery bays,DB-L2-01D,2,230,1,2.6,,N,C02-0063,2.5,55,
DATA-L2-004,equipment,DATA,Comms cabinet: Mammography,DB-L2-01D,2,230,1,2.7,,N,C02-0070,2.5,16,
SP-L2-031,equipment,SP,Small power: X-ray rooms,DB-L2-01D,2,230,1,2.6,,N,C02-0065,2.5,58,
SP-L2-032,equipment,SP,Small power: X-ray rooms (2),DB-L2-01D,2,230,1,3,,N,C02-0069,2.5,60,
MON-L2-001,equipment,MON,Patient monitoring: Imaging recovery bays,DB-L2-01D,2,230,1,0.3,,N,C02-0067,2.5,48,
EF-L2-001,equipment,EF,Isolation room extract fan: Mammography,DB-L2-01D,2,400,3,0.75,,N,C02-0066,2.5,45,
SP-L2-028,equipment,SP,Small power: MRI suite (5),DB-L2-01C,2,230,1,3.5,,N,C02-0061,2.5,51,
DB-L2-01D,board,DB,Level 2 imaging support equipment,DB-L2-01,2,400,3,,50,,C02-0062,25,20,
MON-L2-002,equipment,MON,Patient monitoring: Imaging recovery bays (2),DB-L2-01D,2,230,1,0.4,,N,C02-0071,2.5,34,
SP-L2-030,equipment,SP,Small power: Fluoroscopy,DB-L2-01D,2,230,1,2.8,,N,C02-0064,2.5,36,
DATA-L2-005,equipment,DATA,Comms cabinet: X-ray rooms,DB-L2-01D,2,230,1,2.2,,N,C02-0073,2.5,53,
SP-L2-034,equipment,SP,Small power: Mammography,DB-L2-01D,2,230,1,2.4,,N,C02-0074,2.5,23,
SP-L2-035,equipment,SP,Small power: Imaging recovery bays (2),DB-L2-01D,2,230,1,2,,N,C02-0075,2.5,17,
SP-L2-036,equipment,SP,Small power: Fluoroscopy (3),DB-L2-01D,2,230,1,2.2,,N,C02-0076,2.5,41,to be verified at commissioning
SP-L2-037,equipment,SP,Small power: X-ray rooms (3),DB-L2-01D,2,230,1,2.2,,N,C02-0077,2.5,13,
IMG-L2-001,equipment,IMG,Mobile image intensifier: Mammography,DB-L2-01D,2,230,1,1.9,,N,C02-0078,2.5,13,
MON-L2-003,equipment,MON,Patient monitoring: Imaging recovery bays (3),DB-L2-01D,2,230,1,0.7,,N,C02-0079,2.5,19,
SP-L2-038,equipment,SP,Small power: Fluoroscopy (4),DB-L2-01D,2,230,1,2.5,,N,C02-0080,2.5,21,
SP-L2-039,equipment,SP,Small power: X-ray rooms (4),DB-L2-01D,2,230,1,2.1,,N,C02-0081,2.5,33,
DB-L2-02,board,DB,Level 2 Imaging & Radiology south wing distribution board,SMSB-A,2,400,3,,290,,C02-0082,300,37,
HP-L2-002,equipment,HP,Heat pump: L2 south wing,DB-L2-02,2,400,3,11,,N,C02-0083,2.5,32,
DATA-L2-006,equipment,DATA,Floor comms room: L2 south wing,DB-L2-02,2,230,1,2.5,,0,C02-0084,2.5,16,
DB-L2-02A,board,DB,Level 2 lighting,DB-L2-02,2,230,1,,15,,C02-0085,16,5,
EM-L2-002,Equipment,EM,Emergency lighting: L2 south wing,DB-L2-02A,2,230,1,0.46,,Y,C02-0086,1.5,25,
CCTV-L2-001,equipment,CCTV,CCTV: Fluoroscopy,DB-L2-02A,2,230,1,0.28,,N,C02-0087,2.5,18,
LTG-L2-021,equipment,LTG,Lighting: Imaging recovery bays,DB-L2-02A,2,230,1,1.2,,N,C02-0088,1.5,58,
LTG-L2-022,equipment,LTG,Lighting: CT suite,DB-L2-02A,2,230,1,0.9,,N,C02-0089,1.5,24,
LTG-L2-023,equipment,LTG,Lighting: Mammography,DB-L2-02A,2,230,1,0.9,,N,C02-0090,1.5,35,
LTG-L2-024,equipment,LTG,Lighting: Fluoroscopy,DB-L2-02A,2,230,1,0.9,,N,C02-0091,1.5,23,
LTG-L2-025,Equipment,LTG,Lighting: Imaging recovery bays (2),DB-L2-02A,2,230,1,0.8,,N,C02-0092,1.5,10,
LTG-L2-026,equipment,LTG,Lighting: CT suite (2),DB-L2-02A,2,230,1,0.5,,N,C02-0093,1.5,13,
CCTV-L2-002,equipment,CCTV,CCTV: Mammography,DB-L2-02A,2,230,1,0.46,,N,C02-0094,2.5,42,
LTG-L2-027,equipment,LTG,Lighting: Fluoroscopy (2),DB-L2-02A,2,230,1,1.2,,N,C02-0095,1.5,55,
LTG-L2-028,equipment,LTG,Lighting: Imaging recovery bays (3),DB-L2-02A,2,230,1,1.4,,N,C02-0096,1.5,43,
LTG-L2-029,equipment,LTG,Lighting: CT suite (3),DB-L2-02A,2,230,1,0.7,,N,C02-0097,1.5,43,
LTG-L2-033,equipment,LTG,Lighting: CT suite (4),DB-L2-02A,2,230,1,1.4,,N,C02-0101,1.5,21,
LTG-L2-031,equipment,LTG,Lighting: Fluoroscopy (3),DB-L2-02A,2,230,1,1.2,,N,C02-0099,1.5,45,
LTG-L2-032,equipment,LTG,Lighting: Imaging recovery bays (4),DB-L2-02A,2,230,1,1.7,,N,C02-0100,1.5,22,
LTG-L2-030,equipment,LTG,Lighting: Mammography (2),DB-L2-02A,2,230,1,1.7,,N,C02-0098,1.5,5,
LTG-L2-034,equipment,LTG,Lighting: Mammography (3),DB-L2-02A,2,230,1,1,,N,C02-0102,1.5,56,
DB-L2-02B,board,DB,Level 2 small power,DB-L2-02,2,230,1,,65,,C02-0103,150,17,
SP-L2-040,equipment,SP,Small power: Reception,DB-L2-02B,2,230,1,3.2,,N,C02-0104,2.5,15,
DATA-L2-007,equipment,DATA,Comms cabinet: Reporting room,DB-L2-02B,2,230,1,1.8,,N,C02-0105,2.5,50,
SP-L2-041,equipment,SP,Small power: Control room,DB-L2-02B,2,230,1,3.3,,N,C02-0106,2.5,50,
SP-L2-042,equipment,SP,Small power: X-ray rooms,DB-L2-02B,2,230,1,1.9,,N,C02-0107,2.5,22,
SP-L2-043,equipment,SP,Small power: Reception (2),DB-L2-02B,2,230,1,3.2,,N,C02-0108,2.5,15,
DATA-L2-008,equipment,DATA,Comms cabinet: Reporting room (2),DB-L2-02B,2,230,1,2.7,,N,C02-0109,2.5,33,
HD-L2-002,equipment,HD,Hand dryer: Control room,DB-L2-02B,2,230,1,1.3,,N,C02-0110,2.5,19,
SP-L2-044,equipment,SP,Small power: X-ray rooms (2),DB-L2-02B,2,230,1,2.9,,N,C02-0111,2.5,37,
SP-L2-045,equipment,SP,Small power: Reception (3),DB-L2-02B,2,230,1,3.3,,N,C02-0112,2.5,33,
SP-L2-046,equipment,SP,Small power: Reporting room,DB-L2-02B,2,230,1,3.2,,N,C02-0113,2.5,40,
SP-L2-047,equipment,SP,Small power: Control room (2),DB-L2-02B,2,230,1,3,,N,C02-0114,2.5,53,
SP-L2-048,equipment,SP,Small power: X-ray rooms (3),DB-L2-02B,2,230,1,3.3,,N,C02-0115,2.5,57,
SP-L2-049,equipment,SP,Small power: Reception (4),DB-L2-02B,2,230,1,3.3,,N,C02-0116,2.5,5,
SP-L2-050,equipment,SP,Small power: Reporting room (2),DB-L2-02B,2,230,1,2.1,,N,C02-0117,2.5,27,
SP-L2-051,equipment,SP,Small power: Control room (3),DB-L2-02B,2,230,1,2.8,,N,C02-0118,2.5,50,
SP-L2-052,equipment,SP,Small power: X-ray rooms (4),DB-L2-02B,2,230,1,2.6,,N,C02-0119,2.5,39,
BEV-L2-002,equipment,BEV,Beverage bay: Reception,DB-L2-02B,2,230,1,2.3,,N,C02-0120,2.5,44,
HD-L2-003,equipment,HD,Hand dryer: Reporting room,DB-L2-02B,2,230,1,1.7,,N,C02-0121,2.5,45,
DB-L2-02C,board,DB,Level 2 reporting & patient areas,DB-L2-02,2,230,1,,40,,C02-0123,70,9,
SP-L2-053,equipment,SP,Small power: Control room (4),DB-L2-02B,2,230,1,3.3,,N,C02-0122,2.5,37,
SP-L2-056,equipment,SP,Small power: Reception,DB-L2-02C,2,230,1,1.8,,N,C02-0130,2.5,29,
US-L2-002,equipment,US,Ultrasound: MRI suite,DB-L2-02C,2,230,1,0.9,,N,C02-0125,2.5,12,
DATA-L2-009,equipment,DATA,Comms cabinet: Reception,DB-L2-02C,2,230,1,2.1,,N,C02-0126,2.5,27,
US-L2-003,equipment,US,Ultrasound: Mammography,DB-L2-02C,2,230,1,1.2,,N,C02-0127,2.5,34,
SP-L2-054,Equipment,SP,Small power: X-ray rooms,DB-L2-02C,2,230,1,1.7,,N,C02-0128,2.5,54,
SP-L2-055,equipment,SP,Small power: MRI suite,DB-L2-02C,2,230,1,2.2,,N,C02-0129,2.5,23,
US-L2-001,equipment,US,Ultrasound: X-ray rooms,DB-L2-02C,2,230,1,1,,N,C02-0124,2.5,13,
DATA-L2-010,equipment,DATA,Comms cabinet: Mammography,DB-L2-02C,2,230,1,1.8,,N,C02-0131,2.5,30,
LTG-L2-035,equipment,LTG,Lighting: X-ray rooms,DB-L2-02C,2,230,1,0.8,,N,C02-0132,1.5,35,
SP-L2-057,equipment,SP,Small power: MRI suite (2),DB-L2-02C,2,230,1,3.3,,N,C02-0133,2.5,49,
FRG-L2-001,equipment,FRG,Medicines fridge: Reception,DB-L2-02C,2,230,1,0.44,,N,C02-0134,2.5,6,
SP-L2-058,equipment,SP,Small power: Mammography,DB-L2-02C,2,230,1,2.7,,no,C02-0135,2.5,47,
LTG-L2-036,equipment,LTG,Lighting: X-ray rooms (2),DB-L2-02C,2,230,1,2,,N,C02-0136,1.5,5,
DATA-L2-011,equipment,DATA,Comms cabinet: MRI suite,DB-L2-02C,2,230,1,1.7,,N,C02-0137,2.5,48,
SP-L2-059,equipment,SP,Small power: Reception (2),DB-L2-02C,2,230,1,3.3,,,C02-0138,2.5,49,
SP-L2-060,equipment,SP,Small power: Mammography (2),DB-L2-02C,2,230,1,1.5,,N,C02-0139,2.5,17,
MON-L2-004,equipment,MON,Patient monitoring: Reporting room,DB-L2-02D,2,230,1,0.5,,N,C02-0143,2.5,31,
DB-L2-02D,board,DB,Level 2 imaging support equipment,DB-L2-02,2,400,3,,45,,C02-0141,25,16,
DATA-L2-012,equipment,DATA,Comms cabinet: Reception,DB-L2-02D,2,230,1,2.6,,N,C02-0142,2.5,8,
SP-L2-061,equipment,SP,Small power: X-ray rooms (2),DB-L2-02C,2,230,1,2,,N,C02-0140,2.5,46,
SP-L2-062,equipment,SP,Small power: Changing cubicles,DB-L2-02D,2,230,1,1.9,,N,C02-0144,2.5,50,
SP-L2-063,equipment,SP,Small power: Control room,DB-L2-02D,2,230,1,2.6,,N,C02-0145,2.5,11,
SP-L2-064,equipment,SP,Small power: Reception,DB-L2-02D,2,230,1,3.2,,N,C02-0146,2.5,26,
US-L2-004,equipment,US,Ultrasound: Reporting room,DB-L2-02D,2,230,1,0.8,,N,C02-0147,2.5,30,
MON-L2-005,equipment,MON,Patient monitoring: Changing cubicles,DB-L2-02D,2,230,1,0.3,,N,C02-0148,2.5,45,
SP-L2-065,equipment,SP,Small power: Control room (2),DB-L2-02D,2,230,1,3.3,,N,C02-0149,2.5,46,
EF-L2-003,equipment,EF,Plant room extract fan: Reception,DB-L2-02D,2,400,3,0.75,,N,C02-0150,2.5,38,
EF-L2-004,equipment,EF,Plant room extract fan: Reporting room,DB-L2-02D,2,400,3,4,,N,C02-0151,2.5,32,
US-L2-005,equipment,US,Ultrasound: Changing cubicles,DB-L2-02D,2,230,1,0.5,,N,C02-0152,2.5,27,
SP-L2-066,equipment,SP,Small power: Control room (3),DB-L2-02D,2,230,1,3,,N,C02-0153,2.5,30,
US-L2-006,equipment,US,Ultrasound: Reception,DB-L2-02D,2,230,1,0.7,,N,C02-0154,2.5,47,
DATA-L2-013,EQUIPMENT,DATA,Comms cabinet: Reporting room,DB-L2-02D,2,230,1,1.6,,N,C02-0155,2.5,47,
MON-L2-006,equipment,MON,Patient monitoring: Changing cubicles (2),DB-L2-02D,2,230,1,0.7,,n,C02-0156,2.5,29,
US-L2-007,equipment,US,Ultrasound: Control room,DB-L2-02D,2,230,1,1.1,,N,C02-0157,2.5,33,
INJ-L2-001,equipment,INJ,Contrast injector: CT 1,DB-L2-03A,2,230,1,0.46,,N,C02-0164,2.5,7,
SP-L2-067,equipment,SP,Small power: Reporting room,DB-L2-02D,2,230,1,2.5,,N,C02-0159,2.5,51,
DB-L2-03,board,DB,Level 2 imaging modalities distribution board,SMSB-A,2,400,3,,800,,C02-0160,3x300,23,
DB-L2-03A,board,DB,Level 2 CT scanners,DB-L2-03,2,400,3,,220,,C02-0161,240,10,
CT-L2-001,equipment,CT,CT scanner 1,DB-L2-03A,2,400,3,83,,N,C02-0162,50,40,
CT-L2-002,equipment,CT,CT scanner 2,DB-L2-03A,2,400,3,83,,N,C02-0163,50,58,
MON-L2-007,equipment,MON,Patient monitoring: Reception,DB-L2-02D,2,230,1,0.5,,N,C02-0158,2.5,19,
SP-L2-069,equipment,SP,Small power: Imaging recovery bays,DB-L2-03B,2,230,1,3.2,,N,C02-0173,2.5,10,
CRAC-L2-001,equipment,CRAC,CT equipment room cooling,DB-L2-03A,2,400,3,11,,N,C02-0166,2.5,57,
SP-L2-068,equipment,SP,Small power: Fluoroscopy,DB-L2-03A,2,230,1,3.4,,N,C02-0167,2.5,40,
DB-L2-03B,board,DB,Level 2 MRI scanner,DB-L2-03,2,400,3,,200,,C02-0168,185,15,
MRI-L2-001,equipment,MRI,MRI scanner (3T),DB-L2-03B,2,400,3,58,,N,C02-0169,35,13,
HEC-L2-001,equipment,HEC,MRI helium compressor: MRI suite,DB-L2-03B,2,400,3,9,,N,C02-0170,2.5,29,
CRAC-L2-002,equipment,CRAC,MRI equipment room cooling,DB-L2-03B,2,400,3,11,,N,C02-0171,2.5,56,
XR-L2-001,equipment,XR,X-ray room 1,DB-L2-03C,2,400,3,34,,N,C02-0177,16,30,
INJ-L2-002,equipment,INJ,Contrast injector: CT 2,DB-L2-03A,2,230,1,0.41,,N,C02-0165,2.5,48,
SP-L2-070,equipment,SP,Small power: Patient waiting,DB-L2-03B,2,230,1,3.5,,N,C02-0174,2.5,52,
LTG-L2-037,equipment,LTG,Lighting: Reporting room,DB-L2-03B,2,230,1,1.1,,N,C02-0175,1.5,42,
DB-L2-03C,board,DB,Level 2 X-ray rooms,DB-L2-03,2,400,3,,200,,C02-0176,185,5,
INJ-L2-003,equipment,INJ,Contrast injector: MRI,DB-L2-03B,2,230,1,0.32,,N,C02-0172,2.5,60,
XR-L2-002,equipment,XR,X-ray room 2,DB-L2-03C,2,400,3,28,,N,C02-0178,10,8,
XR-L2-003,equipment,XR,X-ray room 3,DB-L2-03C,2,400,3,30,,N,C02-0179,10,18,
LTG-L2-038,equipment,LTG,Lighting: Changing cubicles,DB-L2-03C,2,230,1,1.1,,N,C02-0180,1.5,20,
SP-L2-071,equipment,SP,Small power: Reporting room,DB-L2-03C,2,230,1,2.6,,N,C02-0181,2.5,9,
DATA-L2-014,equipment,DATA,Comms cabinet: Mammography,DB-L2-03C,2,230,1,2,,N,C02-0182,2.5,38,
DATA-L2-015,equipment,DATA,Comms cabinet: CT suite,DB-L2-03C,2,230,1,2,,N,C02-0183,2.5,60,
DB-L2-03D,board,DB,Level 2 fluoroscopy & mammography,DB-L2-03,2,400,3,,95,,C02-0184,70,18,"rating taken from nameplate, not O&M manual"
FLU-L2-001,equipment,FLU,Fluoroscopy suite,DB-L2-03D,2,400,3,41,,N,C02-0185,16,46,
MAM-L2-001,equipment,MAM,Mammography unit: Reporting room,DB-L2-03D,2,230,1,4.8,,N,C02-0186,4,44,
US-L2-008,equipment,US,Ultrasound room 1,DB-L2-03D,2,230,1,1,,N,C02-0187,2.5,31,
US-L2-009,equipment,US,Ultrasound room 2,DB-L2-03D,2,230,1,1,,N,C02-0188,2.5,22,
LTG-L2-039,Equipment,LTG,Lighting: Ultrasound,DB-L2-03D,2,230,1,0.6,,N,C02-0189,1.5,59,
SP-L2-072,equipment,SP,Small power: X-ray rooms,DB-L2-03D,2,230,1,1.5,,N,C02-0190,2.5,51,
DB-L2-04,board,DB,Level 2 mechanical services distribution board,SMSB-A,2,400,3,,360,,C02-0191,2x300,36,
AHU-L2-001,equipment,AHU,Air handling unit 1: Imaging & Radiology,DB-L2-04,2,400,3,15,,N,C02-0192,4,18,
AHU-L2-002,equipment,AHU,Air handling unit 2: Imaging & Radiology,DB-L2-04,2,400,3,11,,N,C02-0193,2.5,14,
DB-L2-04A,board,DB,Level 2 pumps & extract fans,DB-L2-04,2,400,3,,110,,C02-0194,70,11,
SF-L2-001,equipment,SF,Supply fan: Ultrasound,DB-L2-04A,2,400,3,4,,N,C02-0195,2.5,11,
FCU-L2-001,equipment,FCU,Fan coil units: Reporting room,DB-L2-04A,2,230,1,,,N,C02-0196,2.5,55,
PMP-L2-001,equipment,PMP,Chilled water pump: Imaging recovery bays,DB-L2-04A,2,400,3,2.2,,N,C02-0197,2.5,43,
EF-L2-005,equipment,EF,General extract fan: Reception,DB-L2-04A,2,400,3,3,,N,C02-0198,2.5,38,
HP-L2-003,equipment,HP,Heat pump: Ultrasound,DB-L2-04A,2,400,3,5.5,,N,C02-0199,2.5,55,
EF-L2-006,equipment,EF,Dirty utility extract fan: Reporting room,DB-L2-04A,2,400,3,1.1,,N,C02-0200,2.5,33,
HP-L2-004,equipment,HP,Heat pump: Imaging recovery bays,DB-L2-04A,2,400,3,15,,N,C02-0201,4,37,
PMP-L2-002,equipment,PMP,Cold water booster pump: Reception,DB-L2-04A,2,400,3,3,,N,C02-0202,2.5,13,
FCU-L2-002,equipment,FCU,Fan coil units: Ultrasound,DB-L2-04A,2,230,1,1.5,,N,C02-0203,2.5,58,
FCU-L2-003,equipment,FCU,Fan coil units: Reporting room (2),DB-L2-04A,2,230,1,2.3,,N,C02-0204,2.5,48,
FCU-L2-004,equipment,FCU,Fan coil units: Imaging recovery bays,DB-L2-04A,2,230,1,1.9,,N,C02-0205,2.5,42,
PMP-L2-003,equipment,PMP,DHW secondary pump: Reception,DB-L2-04A,2,400,3,3,,N,C02-0206,2.5,13,
SF-L2-002,equipment,SF, Supply fan: Ultrasound (2),DB-L2-04A,2,400,3,1.5,,N,C02-0207,2.5,30,"circuit re-terminated, see TQ-031"
PMP-L2-004,EQUIPMENT,PMP,Condenser water pump: Reporting room,DB-L2-04A,2,400,3,11,,N,C02-0208,2.5,28,
EF-L2-007,equipment,EF,Isolation room extract fan: Imaging recovery bays,DB-L2-04A,2,400,3,1.5,,N,C02-0209,2.5,10,
PMP-L2-005,equipment,PMP,Chilled water pump: Reception,DB-L2-04A,2,400,3,5.5,,N,C02-0210,2.5,9,
EF-L2-008,equipment,EF,Kitchen extract fan: Ultrasound,DB-L2-04A,2,400,3,4,,N,C02-0211,2.5,24,
PMP-L2-006,equipment,PMP,Condenser water pump: Reporting room (2),DB-L2-04A,2,400,3,7.5,,N,C02-0212,2.5,11,
PMP-L2-007,equipment,PMP,Cold water booster pump: Imaging recovery bays,DB-L2-04A,2,400,3,3,,N,C02-0213,2.5,50,
DB-L2-04B,board,DB,Level 2 fan coil units & controls,DB-L2-04,2,230,1,,45,,C02-0214,95,15,
FCU-L2-005,equipment,FCU,Fan coil units: Reporting room,DB-L2-04B,2,230,1,1.3,,N,C02-0215,2.5,22,
TEF-L2-001,equipment,TEF,Toilet extract fan: Imaging recovery bays,DB-L2-04B,2,230,1,0.51,,N,C02-0216,2.5,32,
FCU-L2-006,equipment,FCU,Fan coil units: Reception,DB-L2-04B,2,230,1,1.5,,N,C02-0217,2.5,12,
FCU-L2-007,equipment,FCU,Fan coil units: MRI suite,DB-L2-04B,2,230,1,1.7,,N,C02-0218,2.5,30,
FCU-L2-008,equipment,FCU,Fan coil units: Reporting room (2),DB-L2-04B,2,230,1,2,,N,C02-0219,2.5,54,
FCU-L2-009,equipment,FCU,Fan coil units: Imaging recovery bays,DB-L2-04B,2,230,1,2.1,,N,C02-0220,2.5,9,
BMS-L2-001,equipment,BMS,BMS outstation: Reception,DB-L2-04B,2,230,1,0.4,,N,C02-0221,2.5,22,to be verified at commissioning
FCU-L2-010,equipment,FCU,Fan coil units: MRI suite (2),DB-L2-04B,2,230,1,2.4,,N,C02-0222,2.5,14,
FCU-L2-011,equipment,FCU,Fan coil units: Reporting room (3),DB-L2-04B,2,230,1,1.9,,N,C02-0223,2.5,53,
FCU-L2-012,equipment,FCU,Fan coil units: Imaging recovery bays (2),DB-L2-04B,2,230,1,2.1,,N,C02-0224,2.5,13,
FCU-L2-013,equipment,FCU,Fan coil units: Reception (2),DB-L2-04B,2,230,1,0.9,,N,C02-0225,2.5,18,
FCU-L2-014,equipment,FCU,Fan coil units: MRI suite (3),DB-L2-04B,2,230,1,2,,N,C02-0226,2.5,29,
FCU-L2-015,equipment,FCU,Fan coil units: Reporting room (4),DB-L2-04B,2,230,1,1.2,,n,C02-0227,2.5,32,
TEF-L2-002,equipment,TEF,Toilet extract fan: Imaging recovery bays (2),DB-L2-04B,2,230,1,0.43,,,C02-0228,2.5,40,
FCU-L2-016,equipment,FCU,Fan coil units: Reception (3),DB-L2-04B,2,230,1,0.9,,N,C02-0229,2.5,13,
BMS-L2-002,equipment,BMS,BMS outstation: MRI suite,DB-L2-04B,2,230,1,0.7,,N,C02-0230,2.5,14,
FCU-L2-017,equipment,FCU,Fan coil units: Reporting room (5),DB-L2-04B,2,230,1,1.4,,N,C02-0231,2.5,53,
FCU-L2-018,equipment,FCU,Fan coil units: Imaging recovery bays (3),DB-L2-04B,2,230,1,1.3,,N,C02-0232,2.5,35,
FCU-L2-019,equipment,FCU,Fan coil units: Reception (4),DB-L2-04B,2,230,1,1.6,,N,C02-0233,2.5,23,
DB-L2-04C,board,DB,Level 2 heat pumps & supply fans,DB-L2-04,2,400,3,,85,,C02-0234,50,18,
EF-L2-009,equipment,EF,Plant room extract fan: Ultrasound,DB-L2-04C,2,400,3,1.5,,N,C02-0235,2.5,6,
EF-L2-010,equipment,EF,Dirty utility extract fan: Changing cubicles,DB-L2-04C,2,400,3,1.5,,N,C02-0236,2.5,30,
EF-L2-011,equipment,EF,Isolation room extract fan: Imaging recovery bays,DB-L2-04C,2,400,3,4,,N,C02-0237,2.5,21,
PMP-L2-008,equipment,PMP,LTHW heating pump: Reporting room,DB-L2-04C,2,400,3,5.5,,N,C02-0238,2.5,8,
PMP-L2-009,equipment,PMP,Chilled water pump: Ultrasound,DB-L2-04C,2,400,3,11,,N,C02-0239,2.5,13,
EF-L2-012,equipment,EF,Dirty utility extract fan: Changing cubicles (2),DB-L2-04C,2,400,3,1.1,,N,C02-0240,2.5,37,
EF-L2-013,equipment,EF,Plant room extract fan: Imaging recovery bays,DB-L2-04C,2,400,3,2.2,,N,C02-0241,2.5,56,
HP-L2-005,equipment,HP,Heat pump: Reporting room,DB-L2-04C,2,400,3,15,,N,C02-0242,4,8,
PMP-L2-010,equipment,PMP,Chilled water pump: Ultrasound (2),DB-L2-04C,2,400,3,2.2,,N,C02-0243,2.5,36,
FCU-L2-020,equipment,FCU,Fan coil units: Changing cubicles,DB-L2-04C,2,230,1,2.3,,N,C02-0244,2.5,33,
EF-L2-014,equipment,EF,Kitchen extract fan: Imaging recovery bays,DB-L2-04C,2,400,3,1.1,,N,C02-0245,2.5,5,
HP-L2-006,equipment,HP,Heat pump: Reporting room (2),DB-L2-04C,2,400,3,15,,N,C02-0246,4,34,
BMS-L2-003,equipment,BMS,BMS outstation: Ultrasound,DB-L2-04C,2,230,1,0.7,,N,C02-0247,2.5,54,
FCU-L2-021,equipment,FCU,Fan coil units: Changing cubicles (2),DB-L2-04C,2,230,1,1.6,,N,C02-0248,2.5,21,
BMS-L2-004,equipment,BMS,BMS outstation: Imaging recovery bays,DB-L2-04C,2,230,1,0.6,,N,C02-0249,2.5,15,
FCU-L2-022,equipment,FCU,Fan coil units: Reporting room,DB-L2-04C,2,230,1,2.4   ,,N,C02-0250,2.5,34,
EF-L2-015,equipment,EF,Isolation room extract fan: Ultrasound,DB-L2-04C,2,400,3,0.75,,N,C02-0251,2.5,17,
SF-L2-003,equipment,SF,Supply fan: Changing cubicles,DB-L2-04C,2,400,3,1.1,,N,C02-0252,2.5,47,
EF-L2-016,equipment,EF,Dirty utility extract fan: Imaging recovery bays,DB-L2-04C,2,400,3,1.1,,N,C02-0253,2.5,16,
TEF-L2-005,equipment,TEF,Toilet extract fan: Control room,DB-L2-04D,2,230,1,0.53,,N,C02-0267,2.5,10,
BMS-L2-005,equipment,BMS,BMS outstation: CT suite,DB-L2-04D,2,230,1,0.6,,N,C02-0256,2.5,24,
LTG-L1-004,equipment,LTG,Lighting: Ambulance entrance - new circuit,DB-L1-01A,1,230,1,1.2,,N,C01-0009,1.5,23,
FCU-L2-023,equipment,FCU,Fan coil units: Control room,DB-L2-04D,2,230,1,1.8,,N,C02-0255,2.5,52,
TEF-L2-003,equipment,TEF,Toilet extract fan: Changing cubicles,DB-L2-04D,2,230,1,0.36,,,C02-0257,2.5,45,
FCU-L2-024,equipment,FCU,Fan coil units: Fluoroscopy,DB-L2-04D,2,230,1,2.5,,N,C02-0258,2.5,57,
FCU-L2-025,equipment,FCU,Fan coil units: Control room (2),DB-L2-04D,2,230,1,2,,N,C02-0259,2.5,34,
FCU-L2-026,equipment,FCU,Fan coil units: CT suite,DB-L2-04D,2,230,1,1.8,,N,C02-0260,2.5,18,
TEF-L2-004,equipment,TEF,Toilet extract fan: Changing cubicles (2),DB-L2-04D,2,230,1,0.4,,N,C02-0261,2.5,25,
FCU-L2-030,equipment,FCU,Fan coil units: Changing cubicles,DB-L2-04D,2,230,1,2.4,,N,C02-0265,2.5,59,
FCU-L2-028 ,equipment,FCU,Fan coil units: Control room (3),DB-L2-04D,2,230,1,1.2,,N,C02-0263,2.5,59,
FCU-L2-031,equipment,FCU,Fan coil units: Fluoroscopy (3),DB-L2-04D,2,230,1,1.3,,N,C02-0266,2.5,50,
DB-L2-04D,board,DB,Level 2 fan coil units & controls,DB-L2-04,2,230,1,,30,,C02-0254,50,20,
EM-L2-004,equipment,EM,Emergency lighting: stair core 2 (L2),DB-L2-E,2,230,1,0.35,,Y,C02-0273,1.5,11,
FCU-L2-027,equipment,FCU,Fan coil units: Fluoroscopy (2),DB-L2-04D,2,230,1,1.1,,N,C02-0262,2.5,10,
FCU-L2-032,equipment,FCU,Fan coil units: CT suite (3),DB-L2-04D,2,230,1,1.9,,N,C02-0268,2.5,26,
LTG-L2-040,equipment,LTG,Essential lighting: Mammography,DB-L2-E,2,230,1,0.7,,N,C02-0277,1.5,17,
TEF-L2-006,equipment,TEF,Toilet extract fan: Fluoroscopy,DB-L2-04D,2,230,1,0.58,,N,C02-0270,2.5,16,
DB-L2-E,board,DB,Level 2 essential services board,SMSB-E,2,400,3,,65,,C02-0271,35,29,
EM-L2-003,equipment,EM,Emergency lighting: stair core 1 (L2),DB-L2-E,2,230,1,0.27,,Y,C02-0272,1.5,27,
FCU-L2-029,equipment,FCU ,Fan coil units: CT suite (2),DB-L2-04D,2,230,1,2.5,,N,C02-0264,2.5,29,
EM-L2-005,equipment,EM,Emergency lighting: escape corridors (L2),DB-L2-E,2,230,1,0.42,,Y,C02-0274,1.5,34,"fed via local isolator, see dwg E-501 rev C"
FA-L2-001,equipment,FA,Fire alarm panel (level 2),DB-L2-E,2,230,1,0.33,,Y,C02-0275,2.5,21,
SP-L2-073,equipment,SP,Essential small power: Control room,DB-L2-E,2,230,1,3.5,,,C02-0276,2.5,34,
FCU-L2-033,equipment,FCU,Fan coil units: Changing cubicles (2),DB-L2-04D,2,230,1,2.2,,N,C02-0269,2.5,60,
SP-L2-074,equipment,SP,Essential small power: Patient waiting,DB-L2-E,2,230,1,2.5,,N,C02-0278,2.5,12,
LTG-L2-041,equipment,LTG,Essential lighting: MRI suite,DB-L2-E,2,230,1,1.3,,N,C02-0279,1.5,13,
DATA-L2-016,equipment,DATA,Comms cabinet: Control room,DB-L2-E,2,230,1,1.1,,N,C02-0280,2.5,25,
LTG-L2-042,equipment,LTG,Essential lighting: Mammography (2),DB-L2-E,2,230,1,1.3,,N,C02-0281,1.5,12,
LTG-L2-043,equipment,LTG,  Essential lighting: Patient waiting  ,DB-L2-E,2,230,1,1.6,,,C02-0282,1.5,17,
SP-L2-075,equipment,SP,Essential small power: MRI suite,DB-L2-E,2,230,1,2.8,,N,C02-0283,2.5,46,
SP-L2-076,equipment,SP,Essential small power: Control room (2),DB-L2-E,2,230,1,1.8,,N,C02-0284,2.5,7,
LTG-L2-044,equipment,LTG,Essential lighting: Mammography (3),DB-L2-E,2,230,1,0.7,,N,C02-0285,1.5,20,
DATA-L2-017,equipment,DATA,Comms cabinet: Patient waiting,DB-L2-E,2,230,1,1.8,,N,C02-0286,2.5,20,
LTG-L2-045,equipment,LTG,Essential lighting: MRI suite (2),DB-L2-E,2,230,1,1.5,,N,C02-0287,1.5,15,
SP-L2-077,equipment,SP,Essential small power: Control room (3),DB-L2-E,2,230,1,2,,N,C02-0288,2.5,58,
BMS-L2-006,equipment,BMS,BMS outstation: Mammography,DB-L2-E,2,230,1,0.7,,N,C02-0289,2.5,14,
SP-L2-078,equipment,SP,Essential small power: Patient waiting (2),DB-L2-E,2,230,1,2,,N,C02-0290,2.5,34,
LTG-L2-046,equipment,LTG,Essential lighting: MRI suite (3),DB-L2-E,2,230,1,1.8,,N,C02-0291,1.5,31,
SP-L2-079,equipment,SP,Essential small power: Control room (4),DB-L2-E,2,230,1,1.9,,N,C02-0292,2.5,60,
SP-L2-080,equipment,SP,Essential small power: Mammography,DB-L2-E,2,230,1,2.5,,N,C02-0293,2.5,20,
LTG-L2-047,equipment,LTG,Essential lighting: Patient waiting (2),DB-L2-E,2,230,1,0.7,,N,C02-0294,1.5,52,
SP-L2-081,equipment,SP,Essential small power: MRI suite (2),DB-L2-E,2,230,1,2.6,,N,C02-0295,2.5,32,
CCTV-L2-003,equipment,CCTV,CCTV: Control room,DB-L2-E,2,230,1,0.3,,N,C02-0296,2.5,22,spare way used
BMS-L2-007,equipment,BMS,BMS outstation: Mammography (2),DB-L2-E,2,230,1,0.4,,N,C02-0297,2.5,40,
SP-L2-082,equipment,SP,Essential small power: Patient waiting (3),DB-L2-E,2,230,1,2.5,,N,C02-0298,2.5,48,
LTG-L2-048,equipment,LTG,Essential lighting: MRI suite (4),DB-L2-E,2,230,1,1.1,,N,C02-0299,1.5,48,
DB-L3-01,board,DB,Level 3 Outpatients north wing distribution board,SMSB-A,3,400,3,,290,,C03-0001,300,41,
HP-L3-001,equipment,HP,Heat pump: L3 north wing,DB-L3-01,3,400,3,5.5,,N,C03-0002,2.5,51,
DATA-L3-001,equipment,DATA,Floor comms room: L3 north wing,DB-L3-01,3,230,1,2.2,,N,C03-0003,2.5,19,
DB-L3-01A,board,DB,Level 3 lighting,DB-L3-01,3,230,1,,30,,C03-0004,50,5,
EM-L3-001,equipment,EM,Emergency lighting: L3 north wing,DB-L3-01A,3,230,1,0.47,,Y,C03-0005,1.5,9,
LTG-L3-001,equipment,LTG,Lighting: Consulting rooms 1-8,DB-L3-01A,3,230,1,0.8,,N,C03-0006,1.5,51,
LTG-L3-002,equipment,LTG,Lighting: Clinic D,DB-L3-01A,3,230,1,0.6,,N,C03-0007,1.5,54,
LTG-L3-003,equipment,LTG,Lighting: Consulting rooms 9-16,DB-L3-01A,3,230,1,0.7,,N,C03-0008,1.5,12,
ACC-L3-001,equipment,ACC,Access control panel: Treatment rooms,DB-L3-01A,3,230,1,0.37,,N,C03-0009,2.5,29,
LTG-L3-004,equipment,LTG,Lighting: Consulting rooms 1-8 (2),DB-L3-01A,3,230,1,0.6,,N,C03-0010,1.5,37,
LTG-L3-005,equipment,LTG,Lighting: Clinic D (2),DB-L3-01A,3,230,1,1.4,,N,C03-0011,1.5,53,
LTG-L3-006,equipment,LTG,Lighting: Consulting rooms 9-16 (2),DB-L3-01A,3,230, 1,1.8,,N,C03-0012,1.5,15,
LTG-L3-007,equipment,LTG,Lighting: Treatment rooms,DB-L3-01A,3,230,1,1.3,,N,C03-0013,1.5,52,
LTG-L3-008,equipment,LTG,Lighting: Consulting rooms 1-8 (3),DB-L3-01A,3,230,1,0.7,,N,C03-0014,1.5,18,
LTG-L3-009,equipment,LTG,Lighting: Clinic D (3),DB-L3-01A,3,230,1,1.6,,N,C03-0015,1.5,8,
LTG-L3-010,equipment,LTG,Lighting: Consulting rooms 9-16 (3),DB-L3-01A,3,230,1,1,,N,C03-0016,1.5,48,
LTG-L3-011,equipment,LTG,Lighting: Treatment rooms (2),DB-L3-01A,3,230,1,1.1,,N,C03-0017,1.5,32,
CCTV-L3-001,equipment,CCTV,CCTV: Consulting rooms 1-8,DB-L3-01A,3,230,1,0.58,,N,C03-0018,2.5,46,
LTG-L3-012,equipment,LTG,Lighting: Clinic D (4),DB-L3-01A,3,230,1,0.7,,N,C03-0019,1.5,24,
LTG-L3-013,equipment,LTG,Lighting: Consulting rooms 9-16 (4),DB-L3-01A,3,230,1,1.1,,N,C03-0020,1.5,54,
DB-L3-01B,board,DB,Level 3 small power,DB-L3-01,3,230,1,,90,,C03-0021,240,17,
SP-L3-001,equipment,SP,Small power: Eye clinic,DB-L3-01B,3,230,1,1.7,,N,C03-0022,2.5,52,IR test re-done after snag
BEV-L3-001,equipment,BEV,Beverage bay: Phlebotomy,DB-L3-01B,3,230,1,2.6,,N,C03-0023,2.5,43,
SP-L3-002,equipment,SP,Small power: Clinic A,DB-L3-01B,3,230,1,3.4,,N,C03-0024,2.5,29,
HD-L3-001,equipment,HD,Hand dryer: Clinic D,DB-L3-01B,3,230,1,1.3,,N,C03-0025,2.5,16,
SP-L3-003,equipment,SP,Small power: Eye clinic (2),DB-L3-01B,3,230,1,3.2,,N,C03-0026,2.5,36,
SP-L3-004,equipment,SP,Small power: Phlebotomy,DB-L3-01B,3,230,1,1.9,,N,C03-0027,2.5,7,
HD-L3-002,equipment,HD,Hand dryer: Clinic A,DB-L3-01B,3,230,1,1.2,,N,C03-0028,2.5,27,
SP-L3-005,equipment,SP,Small power: Clinic D,DB-L3-01B,3,230,1,3.2,,N,C03-0029,2.5,33,
SP-L3-006,equipment,SP,Small power: Eye clinic (3),DB-L3-01B,3,230,1,2.9,,N,C03-0030,2.5,10,
SP-L3-007,equipment,SP,Small power: Phlebotomy (2),DB-L3-01B,3,230,1,3,,N,C03-0031,2.5,27,
SP-L3-008,equipment,SP,Small power: Clinic A (2),DB-L3-01B,3,230,1,2.4,,N,C03-0032,2.5,36,
SP-L3-009,equipment,SP,Small power: Clinic D (2),DB-L3-01B,3,230,1,2.7,,N,C03-0033,2.5,11,
SP-L3-010,equipment,SP,Small power: Eye clinic (4),DB-L3-01B,3,230,1,3.4,,N,C03-0034,2.5,39,
SP-L3-011,equipment,SP,Small power: Phlebotomy (3),DB-L3-01B,3,230,1,2.2,,N,C03-0035,2.5,31,
SP-L3-012,equipment,SP,Small power: Clinic A (3),DB-L3-01B,3,230,1,3.5,,N,C03-0036,2.5,58,
SP-L3-013,equipment,SP,Small power: Clinic D (3),DB-L3-01B,3,230,1,1.7,,N,C03-0037,2.5,20,
SP-L3-014,equipment,SP,Small power: Eye clinic (5),DB-L3-01B,3,230,1,3,,N,C03-0038,2.5,44,
SP-L3-015,equipment,SP,Small power: Phlebotomy (4),DB-L3-01B,3,230,1,3.1,,N,C03-0039,2.5,22,
LTG-L3-014,Equipment,LTG,Lighting: Phlebotomy,DB-L3-01C,3,230,1,1.5,,N,C03-0042,1.5,54,
DB-L3-01C,board,DB,Level 3 clinic rooms,DB-L3-01,3,230,1,,75,,C03-0041,185,11,
SP-L3-016,equipment,SP,Small power: Clinic A (4),DB-L3-01B,3,230,1,2.6,,N,C03-0040,2.5,24,
SP-L3-017,equipment,SP,Small power: Reception,DB-L3-01C,3,230,1,3.3,,N,C03-0043,2.5,34,
SP-L3-018,equipment,SP,Small power: Main waiting,DB-L3-01C,3,230,1,3.3,,N,C03-0044,2.5,34,
SP-L3-019,equipment,SP,Small power: Consulting rooms 1-8,DB-L3-01C,3,230,1,2.6,,N,C03-0045,2.5,5,
SP-L3-020,equipment,SP,Small power: Phlebotomy,DB-L3-01C,3,230,1,2.3,,N,C03-0046,2.5,51,
DATA-L3-002,equipment,DATA,Comms cabinet: Reception,DB-L3-01C,3,230,1,1.4,,N,C03-0047,2.5,22,
SP-L3-021,equipment,SP,Small power: Main waiting (2),DB-L3-01C,3,230,1,2.9,,N,C03-0048,2.5,13,
LTG-L3-015,equipment,LTG,Lighting: Consulting rooms 1-8,DB-L3-01C,3,230,1,0.9,,N,C03-0049,1.5,58,
US-L3-001,equipment,US,Ultrasound: Phlebotomy,DB-L3-01C,3,230,1,0.8,,N,C03-0050,2.5,44,
FRG-L3-001,equipment,FRG,Medicines fridge: Reception,DB-L3-01C,3,230,1,0.37,,N,C03-0051,2.5,13,
SP-L3-022,equipment,SP,Small power: Main waiting (3),DB-L3-01C,3,230,1,2.6,,N,C03-0052,2.5,40,
LTG-L3-016,equipment,LTG,Lighting: Consulting rooms 1-8 (2),DB-L3-01C,3,230,1,1.7,,N,C03-0053,1.5,32,
LTG-L3-017,equipment,LTG,Lighting: Phlebotomy (2),DB-L3-01C,3,230,1,1.3,,N,C03-0054,1.5,11,
SP-L3-023,equipment,SP,Small power: Reception (2),DB-L3-01C,3,230,1,3.2,,N,C03-0055,2.5,33,
LTG-L3-018,equipment,LTG,Lighting: Main waiting,DB-L3-01C,3,230,1,1.7,,N,C03-0056,1.5,24,
LTG-L3-019,equipment,LTG,Lighting: Phlebotomy (3),DB-L3-01C,3,230,1,0.5,,N,C03-0058,1.5,42,
SP-L3-024,equipment,SP,Small power: Consulting rooms 1-8 (2),DB-L3-01C,3,230,1,1.7,,N,C03-0057,2.5,49,
SP-L3-025,equipment,SP,Small power: Reception (3),DB-L3-01C,3,230,1,1.9,,N,C03-0059,2.5,34,
SP-L3-026,equipment,SP,Small power: Main waiting (4),DB-L3-01C,3,230,1,1.8,,N,C03-0060,2.5,46,
SP-L3-029,equipment,SP,Small power: Clinic C,DB-L3-01D,3,230,1,3.3,,N,C03-0069,2.5,12,
IHW-L3-001,equipment,IHW,Instantaneous water heater: Reception,DB-L3-01D,3,400,3,12,,N,C03-0062,2.5,23,
LTG-L3-020,equipment,LTG,Lighting: Clinic B,DB-L3-01D,3,230,1,0.7,,N,C03-0063,1.5,55,
EF-L3-001,equipment,EF,Dirty utility extract fan: Audiology,DB-L3-01D,3,400,3,3,,N,C03-0064,2.5,47,IR test re-done after snag
IHW-L3-002,equipment,IHW,Instantaneous water heater: Clinic C,DB-L3-01D,3,400,3,9,,N,C03-0065,2.5,32,
SP-L3-027,equipment,SP,Small power: Reception,DB-L3-01D,3,230,1,3.3,,N,C03-0066,2.5,24,
SP-L3-028,equipment,SP,Small power: Clinic B,DB-L3-01D,3,230,1,2.7,,N,C03-0067,2.5,60,
ENDO-L3-001,Equipment,ENDO,Endoscopy stack: Audiology,DB-L3-01D,3,230,1,1,,N,C03-0068,2.5,41,
DB-L3-01D,board,DB,Level 3 treatment rooms,DB-L3-01,3,400,3,,75,,C03-0061,50,22,
SP-L3-031,equipment,SP,Small power: Clinic C (2),DB-L3-01D,3,230,1,1.6,,N,C03-0073,2.5,6,
SP-L3-030,EQUIPMENT,SP,Small power: Clinic B (2),DB-L3-01D,3,230,1,1.9,,N,C03-0071,2.5,11,
EF-L3-002,equipment,EF,Isolation room extract fan: Reception,DB-L3-01D,3,400,3,0.75,,,C03-0074,2.5,60,
FRG-L3-002,equipment,FRG,Medicines fridge: Reception,DB-L3-01D,3,230,1,0.22,,N,C03-0070,2.5,9,
US-L3-002,equipment,US,Ultrasound: Audiology,DB-L3-01D,3,230,1,0.8,,N,C03-0072,2.5,50,
FRG-L3-003,equipment,FRG,Medicines fridge: Clinic B,DB-L3-01D,3,230,1,0.38,,N,C03-0075,2.5,28,
SP-L3-032,equipment,SP,Small power: Audiology,DB-L3-01D,3,230,1,2.7,,N,C03-0076,2.5,45,
SP-L3-033,equipment,SP,Small power: Clinic C (3),DB-L3-01D,3,230,1,1.8,,N,C03-0077,2.5,43,
SP-L3-034,equipment,SP,Small power: Reception (2),DB-L3-01D,3,230,1,2.1,,N,C03-0078,2.5,23,
SP-L3-035 ,equipment,SP,Small power: Clinic B (3),DB-L3-01D,3,230,1,3.2,,N,C03-0079,2.5,33,
SP-L3-036,equipment,SP,Small power: Audiology (2),DB-L3-01D,3,230,1,1.8,,N,C03-0080,2.5,16,
DB-L3-02,board,DB,Level 3 Outpatients south wing distribution board,SMSB-A,3,400,3,,180,,C03-0081,150,26,
HP-L3-002,equipment,HP,Heat pump: L3 south wing,DB-L3-02,3,400,3,7.5,,N,C03-0082,2.5,39,
DATA-L3-003,equipment,DATA,Floor comms room: L3 south wing,DB-L3-02,3,230,1,2.4,,N,C03-0083,2.5,20,
DB-L3-02A,board,DB,Level 3 lighting,DB-L3-02,3,230,1,,30,,C03-0084,50,13,
EM-L3-002,equipment,EM,Emergency lighting: L3 south wing,DB-L3-02A,3,230,1,0.43,,Y,C03-0085,1.5,46,
LTG-L3-021,equipment,LTG,Lighting: Phlebotomy,DB-L3-02A,3,230,1,1.7,,N,C03-0086,1.5,41,
LTG-L3-024,EQUIPMENT,LTG,Lighting: Phlebotomy (2),DB-L3-02A,3,230,1,1.5,,N,C03-0090,1.5,28,
LTG-L3-022,equipment,LTG,Lighting: Clinic A,DB-L3-02A,3,230,1,1,,N,C03-0088,1.5,14,
LTG-L3-023,equipment,LTG,Lighting: Clinic B,DB-L3-02A,3,230,1,1,,N,C03-0089,1.5,8,
ACC-L3-002,equipment,ACC,Access control panel: Outpatient pharmacy,DB-L3-02A,3,230,1,0.42,,N,C03-0087,2.5,8,
LTG-L3-025,equipment,LTG,Lighting: Outpatient pharmacy,DB-L3-02A,3,230,1,1.2,,N,C03-0091,1.5,40,
LTG-L3-026,equipment,LTG,Lighting: Clinic A (2),DB-L3-02A,3,230,1,1.7,,N,C03-0092,1.5,30,
LTG-L3-027,equipment,LTG,Lighting: Clinic B (2),DB-L3-02A,3,230,1,0.8,,N,C03-0093,1.5,44,
LTG-L3-030,equipment,LTG,Lighting: Phlebotomy (3),DB-L3-02A,3,230,1,1.6,,N,C03-0098,1.5,54,
ACC-L3-003,equipment,ACC,Access control panel: Outpatient pharmacy (2),DB-L3-02A,3,230,1,0.35,,N,C03-0095,2.5,45,
LTG-L3-028,equipment,LTG,Lighting: Clinic A (3),DB-L3-02A,3,230,1,1.8,,N,C03-0096,1.5,34,
LTG-L3-029,equipment,LTG,Lighting: Clinic B (3),DB-L3-02A,3,230,1,0.7,,N,C03-0097,1.5,29,
CCTV-L3-002,equipment,CCTV,CCTV: Phlebotomy,DB-L3-02A,3,230,1,0.28,,N,C03-0094,2.5,24,
LTG-L3-031,equipment,LTG,Lighting: Outpatient pharmacy (2),DB-L3-02A,3,230,1,1.4,,N,C03-0099,1.5,6,
ACC-L3-004,equipment,ACC,Access control panel: Clinic A,DB-L3-02A,3,230,1,0.29,,N,C03-0100,2.5,12,
DB-L3-02B,board,DB,Level 3 small power,DB-L3-02,3,230,1,,55,,C03-0101,120,12,
SP-L3-037,equipment,SP,Small power: Clinic A,DB-L3-02B,3,230,1,2.7,,N,C03-0102,2.5,32,
HD-L3-003,equipment,HD,Hand dryer: Audiology,DB-L3-02B,3,230,1,2.2,,n,C03-0103,2.5,14,
HW-L3-001,equipment,HW,Water heater: Consulting rooms 1-8,DB-L3-02B,3,230,1,2.7,,N,C03-0104,2.5,22,
SP-L3-038,equipment,SP,Small power: Clinic B,DB-L3-02B,3,230,1,1.6,,N,C03-0105,2.5,44,
SP-L3-044,equipment,SP,Small power: Clinic B (2),DB-L3-02B,3,230,1,1.7,,N,C03-0113,2.5,22,
SP-L3-040,equipment,SP,Small power: Audiology,DB-L3-02B,3,230,1,2.8,,N,C03-0107,2.5,51,
SP-L3-041,equipment,SP,Small power: Consulting rooms 1-8,DB-L3-02B,3,230,1,1.8,,N,C03-0108,2.5,25,
BEV-L3-002,equipment,BEV,Beverage bay: Clinic B,DB-L3-02B,3,230,1,2.4,,N,C03-0109,2.5,15,
SP-L3-042,equipment,SP,Small power: Clinic A (3),DB-L3-02B,3,230,1,2.1,,N,C03-0110,2.5,28,
SP-L3-039,equipment,SP,Small power: Clinic A (2),DB-L3-02B,3,230,1,2,,N,C03-0106,2.5,38,
HD-L3-004,equipment,HD,Hand dryer: Clinic A,DB-L3-02B,3,230,1,1.5,,N,C03-0114,2.5,21,
HW-L3-002,equipment,HW,Water heater: Audiology,DB-L3-02B,3,230,1,2.6,,N,C03-0111,2.5,31,
US-L3-003,equipment,US,Ultrasound: Reception,DB-L3-02C,3,230,1,1.2,,N,C03-0120,2.5,17,
BEV-L3-003,equipment,BEV,Beverage bay: Audiology,DB-L3-02B,3,230,1,2.1,,N,C03-0115,2.5,20,
SP-L3-045,equipment,SP,Small power: Consulting rooms 1-8 (3),DB-L3-02B,3,230,1,2.2,,N,C03-0116,2.5,14,
SP-L3-046,equipment,SP,Small power: Clinic B (3),DB-L3-02B,3,230,1,2.5,,N,C03-0117,2.5,33,
SP-L3-047,equipment,SP,Small power: Clinic A (4),DB-L3-02B,3,230,1,2.9,,N,C03-0118,2.5,22,
DB-L3-02C,board,DB,Level 3 clinic rooms,DB-L3-02,3,230,1,,80,,C03-0119,240,22,
SP-L3-043,equipment,SP,Small power: Consulting rooms 1-8 (2),DB-L3-02B,3,230,1,2.3,,N,C03-0112,2.5,30,
SP-L3-048,equipment,SP,Small power: Clinic D,DB-L3-02C,3,230,1,2.6,,N,C03-0121,2.5,24,
SP-L3-049,equipment,SP,Small power: Consulting rooms 9-16,DB-L3-02C,3,230,1,3.3,,N,C03-0122,2.5,46,
LTG-L3-032,equipment,LTG,Lighting: Treatment rooms,DB-L3-02C,3,230,1,1.8,,N,C03-0123,1.5,42,
SP-L3-050,equipment,SP,Small power: Reception,DB-L3-02C,3,230,1,1.8,,N,C03-0124,2.5,30,
SP-L3-051,equipment,SP,Small power: Clinic D (2),DB-L3-02C,3,230,1,2.5,,N,C03-0125,2.5,35,
US-L3-004,equipment,US,Ultrasound: Consulting rooms 9-16,DB-L3-02C,3,230,1,0.8,,N,C03-0126,2.5,40,
LTG-L3-033,equipment,LTG,Lighting: Treatment rooms (2),DB-L3-02C,3,230,1,1.2,,N,C03-0127,1.5,12,
SP-L3-052,EQUIPMENT,SP,Small power: Reception (2),DB-L3-02C   ,3,230,1,2.8,,N,C03-0128,2.5,22,
SP-L3-053,equipment,SP,Small power: Clinic D (3),DB-L3-02C,3,230,1,1.7,,N,C03-0129,2.5,16,
SP-L3-054,equipment,SP,Small power: Consulting rooms 9-16 (2),DB-L3-02C,3,230,1,2.7,,N,C03-0130,2.5,17,
SP-L3-055,equipment,SP,Small power: Treatment rooms,DB-L3-02C,3,230,1,2.3,,N,C03-0131,2.5,28,
US-L3-005,equipment,US,Ultrasound: Reception (2),DB-L3-02C,3,230,1,0.9,,N,C03-0132,2.5,56,
LTG-L3-034,equipment,LTG,Lighting: Clinic D,DB-L3-02C,3,230,1,0.7,,N,C03-0133,1.5,24,
DB-L3-02D,board,DB,Level 3 treatment rooms,DB-L3-02,3,400,3,,75,,C03-0139,50,8,
SP-L3-061,equipment,SP,Small power: Consulting rooms 1-8,DB-L3-02D,3,230,1,2.3,,N,C03-0141,2.5,40,
SP-L3-058,equipment,SP,Small power: Reception (3),DB-L3-02C,3,230,1,2.4,,N,C03-0136,2.5,5,
SP-L3-059,equipment,SP,Small power: Clinic D (4),DB-L3-02C,3,230,1,3.4,,N,C03-0137,2.5,24,
LTG-L3-035,equipment,LTG,Lighting: Consulting rooms 9-16,DB-L3-02C,3,230,1,1.9,,N,C03-0138,1.5,51,
SP-L3-056,equipment,SP,Small power: Consulting rooms 9-16 (3),DB-L3-02C,3,230,1,2,,N,C03-0134,2.5,40,
SP-L3-060,equipment,SP,Small power: Phlebotomy,DB-L3-02D,3,230,1,1.6,,N,C03-0140,2.5,5,
SP-L3-057,equipment,SP,Small power: Treatment rooms (2),DB-L3-02C,3,230,1,2.4,,N,C03-0135,2.5,14,
MCP-L3-001,panel,MCP,Motor control panel: level 3 plant room,DB-L3-04,3,400,3,,25,,C03-9001,16,14,listed by BrightSpark Ltd
SP-L3-062,equipment,SP,Small power: Outpatient pharmacy,DB-L3-02D,3,230,1,2.8,,N,C03-0142,2.5,21,
SP-L3-063,equipment,SP,Small power: Clinic C,DB-L3-02D,3,230,1,2.1,,N,C03-0143,2.5,11,
EF-L3-004,equipment,EF,General extract fan: Clinic C,DB-L3-02D,3,400,3,3,,N,C03-0147,2.5,40,
US-L3-006,equipment,US,Ultrasound: Consulting rooms 1-8,DB-L3-02D,3,230,1,1,,N,C03-0145,2.5,16,
FRG-L3-004,equipment,FRG,Medicines fridge: Outpatient pharmacy,DB-L3-02D,3,230,1,0.33,,N,C03-0146,2.5,41,
EF-L3-003,equipment,EF,Isolation room extract fan: Phlebotomy,DB-L3-02D,3,400,3,2.2,,N,C03-0144,2.5,24,
IHW-L3-003,equipment,IHW,Instantaneous water heater: Phlebotomy,DB-L3-02D,3,400,3,9,,N,C03-0148,2.5,13,
US-L3-007,equipment,US,Ultrasound: Consulting rooms 1-8 (2),DB-L3-02D,3,230,1,1.1,,N,C03-0149,2.5,12,
LTG-L3-036,equipment,LTG,Lighting: Outpatient pharmacy,DB-L3-02D,3,230,1,1.5,,N,C03-0150,1.5,9,
SP-L3-064,equipment,SP,Small power: Clinic C (2),DB-L3-02D,3,230,1,2.7,,N,C03-0151,2.5,46,
US-L3-008,equipment,US,Ultrasound: Phlebotomy,DB-L3-02D,3,230,1,1.1,,N,C03-0152,2.5,7,
SP-L3-065,equipment,SP,Small power: Consulting rooms 1-8 (2),DB-L3-02D,3,230,1,1.6,,N,C03-0153,2.5,25,
SP-L3-066,equipment,SP,Small power: Outpatient pharmacy (2),DB-L3-02D,3,230,1,3.1,,N,C03-0154,2.5,55,
EF-L3-005,equipment,EF,Kitchen extract fan: Clinic C,DB-L3-02D,3,400,3,4,,N,C03-0155,2.5,5,
US-L3-009,equipment,US,Ultrasound: Phlebotomy (2),DB-L3-02D,3,230,1,0.8,,N,C03-0156,2.5,12,
DB-L3-03,board,DB,Level 3 pharmacy & clinic services distribution board,SMSB-A,3,400,3,,230,,C03-0157,240,31,
DB-L3-03A,board,DB,Level 3 phlebotomy,DB-L3-03,3,230,1,,45,,C03-0158,95,20,
FRG-L3-005,equipment,FRG,Medicines fridge: Main waiting,DB-L3-03A,3,230,1,0.42,,N,C03-0159,2.5,22,
SP-L3-067,equipment,SP,Small power: Clinic D,DB-L3-03A,3,230,1,2,,N,C03-0160,2.5,23,
FRG-L3-006,equipment,FRG,Medicines fridge: Treatment rooms,DB-L3-03A,3,230,1,0.46,,N,C03-0161,2.5,11,
SP-L3-068,equipment,SP,Small power: Clinic C,DB-L3-03A,3,230,1,2.1,,N,C03-0162,2.5,9,
SP-L3-069,equipment,SP,Small power: Main waiting,DB-L3-03A,3,230,1,1.7,,N,C03-0163,2.5,25,
FRG-L3-007,equipment,FRG,Medicines fridge: Clinic D,DB-L3-03A,3,230,1,0.35,,N,C03-0164,2.5,27,
SP-L3-070,equipment,SP,Small power: Treatment rooms,DB-L3-03A,3,230,1,2.6,,N,C03-0165,2.5,53,
LTG-L3-037,equipment,LTG,Lighting: Clinic C,DB-L3-03A,3,230,1,0.7,,N,C03-0166,1.5,14,
FRG-L3-008,equipment,FRG,Medicines fridge: Main waiting (2),DB-L3-03A,3,230,1,0.35,,N,C03-0167,2.5,56,
SP-L3-071,equipment,SP,Small power: Clinic D (2),DB-L3-03A,3,230,1,2,,N,C03-0168,2.5,43,
LTG-L3-038,equipment,LTG,Lighting: Treatment rooms,DB-L3-03A,3,230,1,1.6,,N,C03-0169,1.5,16,
DATA-L3-004,equipment,DATA,Comms cabinet: Main waiting,DB-L3-03A,3,230,1,2.9,,N,C03-0171,2.5,32,
SP-L3-072,Equipment,SP,Small power: Clinic C (2),DB-L3-03A,3,230,1,2,,N,C03-0170,2.5,46,
SP-L3-073,equipment,SP,Small power: Clinic D (3),DB-L3-03A,3,230,1,3.1,,FALSE,C03-0172,2.5,7,
DATA-L3-005,equipment,DATA,Comms cabinet: Treatment rooms,DB-L3-03A,3,230,1,2.9,,N,C03-0173,2.5,47,
SP-L3-074,equipment,SP,Small power: Clinic C (3),DB-L3-03A,3,230,1,3.4,,N,C03-0174,2.5,41,
LTG-L3-039,equipment,LTG,Lighting: Main waiting,DB-L3-03A,3,230,1,0.6,,N,C03-0175,1.5,26,
SP-L3-075,equipment,SP,Small power: Clinic D (4),DB-L3-03A,3,230,1,3,,N,C03-0176,2.5,35,
DB-L3-03B,board,DB,Level 3 outpatient pharmacy,DB-L3-03,3,400,3,,45,,C03-0177,25,15,
PHR-L3-001,equipment,PHR,Pharmacy dispensing robot: Clinic A,DB-L3-03B,3,400,3,7.5,,N,C03-0178,2.5,29,
FRG-L3-009,equipment,FRG,Medicines fridge: Treatment rooms,DB-L3-03B,3,230,1,0.32,,N,C03-0179,2.5,15,
SP-L3-076,equipment,SP,Small power: Outpatient pharmacy,DB-L3-03B,3,230,1,3.1,,N,C03-0180,2.5,40,
FRG-L3-010,equipment,FRG,Medicines fridge: Clinic B,DB-L3-03B,3,230,1,0.3,,N,C03-0181,2.5,27,
FRG-L3-011,equipment,FRG,Medicines fridge: Clinic A,DB-L3-03B,3,230,1,0.21,,N,C03-0182,2.5,22,
LTG-L3-040,equipment,LTG,Lighting: Treatment rooms,DB-L3-03B,3,230,1,2,,N,C03-0183,1.5,9,"rating taken from nameplate, not O&M manual"
LTG-L3-041,equipment,LTG,Lighting: Outpatient pharmacy,DB-L3-03B,3,230,1,1.5,,N,C03-0184,1.5,22,
FRG-L3-012,equipment,FRG,Medicines fridge: Clinic B (2),DB-L3-03B,3,230,1,0.33,,N,C03-0185,2.5,18,to be verified at commissioning
SP-L3-077,equipment,SP,Small power: Clinic A,DB-L3-03B,3,230,1,2.9,,N,C03-0186,2.5,17,
LTG-L3-042,equipment,LTG,Lighting: Treatment rooms (2),DB-L3-03B,3,230,1,1.9,,N,C03-0187,1.5,57,
FRG-L3-013,equipment,FRG,Medicines fridge: Outpatient pharmacy,DB-L3-03B,3,230,1,0.33,,N,C03-0188,2.5,26,
SP-L3-078,equipment,SP,Small power: Clinic B,DB-L3-03B,3,230,1,2.7,,N,C03-0189,2.5,5,
SP-L3-079,equipment,SP,Small power: Clinic A (2),DB-L3-03B,3,230,1,2.4,,N,C03-0190,2.5,33,
FRG-L3-014,equipment,FRG,Medicines fridge: Treatment rooms (2),DB-L3-03B,3,230,1,0.25,,N,C03-0191,2.5,6,
SP-L3-080,equipment,SP,Small power: Outpatient pharmacy (2),DB-L3-03B,3,240,1,3.2,,N,C03-0192,2.5,26,
FRG-L3-015,equipment,FRG,Medicines fridge: Clinic B (3),DB-L3-03B,3,230,1,0.38,,N,C03-0193,2.5,24,
SP-L3-081,equipment,SP,Small power: Clinic A (3),DB-L3-03B,3,230,1,2.5,,N,C03-0194,2.5,8,
SP-L3-086,equipment,SP,Small power: Clinic C (2),DB-L3-03C,3,230,1,3,,N,C03-0203,2.5,34,
SP-L3-082,equipment,SP,Small power: Outpatient pharmacy (3),DB-L3-03B,3,230,1,2.9,,N,C03-0196,2.5,40,
DB-L3-03C,board,DB,Level 3 eye & audiology clinics,DB-L3-03,3,230,1,,40,,C03-0197,70,7,
LTG-L3-044,equipment,LTG,Lighting: Phlebotomy,DB-L3-03C,3,230,1,1.6,,N,C03-0198,1.5,28,
SP-L3-083,equipment,SP,Small power: Clinic C,DB-L3-03C,3,230,1,2,,N,C03-0199,2.5,9,
SP-L3-084,equipment,SP,Small power: Reception,DB-L3-03C,3,230,1,2.8,,N,C03-0201,2.5,11,
LTG-L3-045,equipment,LTG,Lighting: Main waiting,DB-L3-03C,3,230,1,1.5,,N,C03-0200,1.5,46,
SP-L3-085,equipment,SP,Small power: Phlebotomy,DB-L3-03C,3,230,1,2.5,,N,C03-0202,2.5,49,spare way used
LTG-L3-043,equipment,LTG,Lighting: Treatment rooms (3),DB-L3-03B,3,230,1,1.9,,0,C03-0195,1.5,26,
SP-L3-087,equipment,SP,Small power: Main waiting,DB-L3-03C,3,230,1,1.6,,N,C03-0204,2.5,48,
SP-L3-088,equipment,SP,Small power: Reception (2),DB-L3-03C,3,230,1,3.2,,N,C03-0205,2.5,36,
SP-L3-089,equipment,SP,Small power: Phlebotomy (2),DB-L3-03C,3,230,1,1.9,,N,C03-0206,2.5,41,
SP-L3-090,equipment,SP,Small power: Clinic C (3),DB-L3-03C,3,230,1,1.7,,N,C03-0207,2.5,30,
SP-L3-091,equipment,SP,Small power: Main waiting (2),DB-L3-03C,3,230,1,3.2,,N,C03-0208,2.5,6,
SP-L3-097,equipment,SP,Small power: Clinic C (5),DB-L3-03C,3,230,1,1.9,,N,C03-0215,2.5,21,
DATA-L3-006,equipment,DATA,Comms cabinet: Phlebotomy,DB-L3-03C,3,230,1,1.1,,N,C03-0210,2.5,51,
SP-L3-093,equipment,SP,Small power: Clinic C (4),DB-L3-03C,3,230,1,2,,N,C03-0211,2.5,37,
SP-L3-094,equipment,SP,Small power: Main waiting (3),DB-L3-03C,3,230,1,1.9,,N,C03-0212,2.5,56,
SP-L3-095,equipment,SP,Small power: Reception (4),DB-L3-03C,3,230,1,3,,,C03-0213,2.5,24,
SP-L3-096,equipment,SP,Small power: Phlebotomy (3),DB-L3-03C,3,230,1,3.5,,N,C03-0214,2.5,60,
SP-L3-092,equipment,SP,Small power: Reception (3),DB-L3-03C,3,230,1,2.5,,N,C03-0209,2.5,52,
SP-L3-098,equipment,SP,Small power: Main waiting (4),DB-L3-03C,3,230,1,2.4,,N,C03-0216,2.5,30,
DB-L3-03D,board,DB,Level 3 main waiting & reception,DB-L3-03,3,230,1,,30,,C03-0217,50,4,
CCTV-L3-003,equipment,CCTV,CCTV: Treatment rooms,DB-L3-03D,3,230,1,0.24,,N,C03-0218,2.5,30,
LTG-L3-046,equipment,LTG,Lighting: Clinic D,DB-L3-03D,3,230,1,1.9,,N,C03-0219,1.5,44,
DATA-L3-007,equipment,DATA,Comms cabinet: Audiology,DB-L3-03D,3,230,1,1.5,,N,C03-0220,2.5,45,
VEND-L3-001,equipment,VEND,Vending machine: Consulting rooms 9-16,DB-L3-03D,3,230,1,0.5,,N,C03-0221,2.5,29,
ACC-L3-005,equipment,ACC,Access control panel: Treatment rooms,DB-L3-03D,3,230,1,0.48,,N,C03-0222,2.5,10,
CCTV-L3-004,equipment,CCTV,CCTV: Clinic D,DB-L3-03D,3,230,1,0.56,,N,C03-0223,2.5,16,
SP-L3-100,equipment,SP,Small power: Audiology,DB-L3-03D,3,230,1,2.3,,N,C03-0232,2.5,59,
VEND-L3-002,equipment,VEND,Vending machine: Consulting rooms 9-16 (2),DB-L3-03D,3,230,1,1,,N,C03-0225,2.5,18,
LTG-L3-047,equipment,LTG,Lighting: Treatment rooms,DB-L3-03D,3,230,1,0.8,,N,C03-0226,1.5,38,
SP-L3-099,equipment,SP,Small power: Clinic D,DB-L3-03D,3,230,1,3,,N,C03-0227,2.5,33,
ACC-L3-006,equipment,ACC,Access control panel: Audiology,DB-L3-03D,3,230,1,0.48,,N,C03-0228,2.5,27,
LTG-L3-048,equipment,LTG,Lighting: Consulting rooms 9-16,DB-L3-03D,3,230,1,0.6,,,C03-0229,1.5,22,
ACC-L3-007,equipment,ACC,Access control panel: Treatment rooms (2),DB-L3-03D,3,230,1,0.35,,N,C03-0230,2.5,40,
VEND-L3-003,equipment,VEND,Vending machine: Clinic D,DB-L3-03D,3,230,1,0.8,,N,C03-0231,2.5,50,
DATA-L3-008,equipment,DATA,Comms cabinet: Audiology (2),DB-L3-03D,3,230,1,1.9,,N,C03-0224,2.5,7,
SP-L3-101,equipment,SP,Small power: Consulting rooms 9-16,DB-L3-03D,3,230,1,3.2,,N,C03-0233,2.5,46,
LTG-L3-049,equipment,LTG,Lighting: Treatment rooms (2),DB-L3-03D,3,230,1,0.8,,N,C03-0234,1.5,59,
LTG-L3-050,equipment,LTG,Lighting: Clinic D (2),DB-L3-03D,3,230,1,0.9,,N,C03-0235,1.5,39,
VEND-L3-004,equipment,VEND,Vending machine: Audiology,DB-L3-03D,3,230,1,0.5,,N,C03-0236,2.5,23,
DB-L3-04,board,DB,Level 3 mechanical services distribution board,SMSB-A,3,400,3,,360,,C03-0237,2x300,43,
AHU-L3-001,equipment,AHU,Air handling unit 1: Outpatients,DB-L3-04,3,400,3,18.5,,,C03-0238,6,18,
AHU-L3-002,equipment,AHU,Air handling unit 2: Outpatients,DB-L3-04,3,400,3,22,,N,C03-0239,6,22,
PMP-L3-002,equipment,PMP,Condenser water pump: Eye clinic,DB-L3-04A,3,400,3,3,,N,C03-0244,2.5,34,
PMP-L3-001,equipment,PMP,Condenser water pump: Outpatient pharmacy,DB-L3-04A,3,400,3,5.5,,N,C03-0241,2.5,9,
FCU-L3-001,equipment,FCU,Fan coil units: Consulting rooms 1-8,DB-L3-04A,3,230,1,1.2,,N,C03-0242,2.5,29,
HP-L3-003,equipment,HP,Heat pump: Clinic A,DB-L3-04A,3,400,3,15,,N,C03-0243,4,31,
DB-L3-04A,board,DB,Level 3 pumps & extract fans,DB-L3-04,3,400,3,,75,,C03-0240,50,21,
EF-L3-006,equipment,EF,Plant room extract fan: Outpatient pharmacy,DB-L3-04A,3,400,3,2.2,,N,C03-0245,2.5,41,
EF-L3-007,equipment,EF,Isolation room extract fan: Consulting rooms 1-8,DB-L3-04A,3,400,3,4,,N,C03-0246,2.5,57,
FCU-L3-002,equipment,FCU,Fan coil units: Clinic A,DB-L3-04A,3,230,1,1.1,,N,C03-0247,2.5,33,
PMP-L3-003,equipment,PMP,Condenser water pump: Eye clinic (2),DB-L3-04A,3,400,3,3,,N,C03-0248,2.5,37,
EF-L3-008,equipment,EF,General extract fan: Outpatient pharmacy,DB-L3-04A,3,400,3,1.5,,N,C03-0249,2.5,10,
FCU-L3-003,equipment,FCU,Fan coil units: Consulting rooms 1-8 (2),DB-L3-04A,3,230,1,1.6,,N,C03-0254,2.5,12,
PMP-L3-004,equipment,PMP,Chilled water pump: Consulting rooms 1-8,DB-L3-04A,3,400,3,5.5,,N,C03-0250,2.5,19,
PMP-L3-005,equipment,PMP,LTHW heating pump: Eye clinic,DB-L3-04A,3,400,3,5.5,,N,C03-0252,2.5,23,
PMP-L3-006,equipment,PMP,Cold water booster pump: Outpatient pharmacy,DB-L3-04A,3,400,3,3,,N,C03-0253,2.5,20,
EF-L3-009,equipment,EF,Plant room extract fan: Clinic A,DB-L3-04A,3,400,3,4,,N,C03-0251,2.5,17,
PMP-L3-007,equipment,PMP,Cold water booster pump: Clinic A,DB-L3-04A,3,400,3,4,,N,C03-0255,2.5,43,"rating taken from nameplate, not O&M manual"
EF-L3-010,equipment,EF,General extract fan: Eye clinic,DB-L3-04A,3,400,3,1.5,,N,C03-0256,2.5,40,
FCU-L3-004,equipment,FCU,Fan coil units: Outpatient pharmacy,DB-L3-04A,3,230,1,1.3,,N,C03-0257,2.5,11,
DB-L3-04B,board,DB,Level 3 fan coil units & controls,DB-L3-04,3,230,1,,35,,C03-0258,70,25,
FCU-L3-005,equipment,FCU,Fan coil units: Consulting rooms 9-16,DB-L3-04B,3,230,1,2,,N,C03-0259,2.5,22,
FCU-L3-006,equipment,FCU,Fan coil units: Reception,DB-L3-04B,3,230,1,1.9,,N,C03-0260,2.5,17,
FCU-L3-007,equipment,FCU,Fan coil units: Consulting rooms 1-8,DB-L3-04B,3,230,1,2.4,,N,C03-0261,2.5,47,
FCU-L3-008,equipment,FCU,Fan coil units: Clinic A,DB-L3-04B,3,230,1,1.2,,N,C03-0262,2.5,24,
FCU-L3-009,equipment,FCU,Fan coil units: Consulting rooms 9-16 (2),DB-L3-04B,3,230,1,2.4,,N,C03-0263,2.5,22,
FCU-L3-010,equipment,FCU,Fan coil units: Reception (2),DB-L3-04B,3,230,1,2.4,,N,C03-0264,2.5,6,
FCU-L3-011,equipment,FCU,Fan coil units: Consulting rooms 1-8 (2),DB-L3-04B,3,230,1,1.2,,N,C03-0265,2.5,57,
FCU-L3-012,equipment,FCU,Fan coil units: Clinic A (2),DB-L3-04B,3,230,1,1.8,,N,C03-0266,2.5,17,
BMS-L3-001,equipment,BMS,BMS outstation: Consulting rooms 9-16,DB-L3-04B,3,230,1,0.7,,N,C03-0267,2.5,49,
BMS-L3-002,equipment,BMS,BMS outstation: Reception,DB-L3-04B,3,230,1,0.4,,N,C03-0268,2.5,24,
TEF-L3-001,equipment,TEF,Toilet extract fan: Consulting rooms 1-8,DB-L3-04B,3,230,1,0.57,,N,C03-0269,2.5,24,
FCU-L3-013,equipment,FCU,Fan coil units: Clinic A (3),DB-L3-04B,3,230,1,1.1,,N,C03-0270,2.5,25,
FCU-L3-014,equipment,FCU,Fan coil units: Consulting rooms 9-16 (3),DB-L3-04B,3,230,1,1.2,,N,C03-0271,2.5,17,
FCU-L3-015,equipment,FCU,Fan coil units: Reception (3),DB-L3-04B,3,230,1,1.3,,N,C03-0272,2.5,48,
FCU-L3-016,equipment,FCU,Fan coil units: Consulting rooms 1-8 (3),DB-L3-04B,3,230,1,1.5,,N,C03-0273,2.5,17,
FCU-L3-017,equipment,FCU,Fan coil units: Clinic A (4),DB-L3-04B,3,230,1,1.6,,no,C03-0274,2.5,32,
FCU-L3-018,equipment,FCU,Fan coil units: Consulting rooms 9-16 (4),DB-L3-04B,3,230,1,1.5KW,,,C03-0275,2.5,35,
DB-L3-04C,board,DB,Level 3 heat pumps & supply fans,DB-L3-04,3,400,3,,85,,C03-0276,50,21,
EF-L3-011,equipment,EF,Plant room extract fan: Clinic A,DB-L3-04C,3,400,3,1.5,,N,C03-0277,2.5,50,
SF-L3-001,equipment,SF,Supply fan: Phlebotomy,DB-L3-04C,3,400,3,1.5,,N,C03-0278,2.5,8,
SF-L3-002,equipment,SF,Supply fan: Clinic B,DB-L3-04C,3,400,3,2.2,,N,C03-0279,2.5,38,
SF-L3-003,equipment,SF,Supply fan: Clinic C,DB-L3-04C,3,400,3,1.5,,N,C03-0280,2.5,21,
FCU-L3-019,equipment,FCU,Fan coil units: Clinic A,DB-L3-04C,3,230,1,1.4,,N,C03-0281,2.5,34,
FCU-L3-020,equipment,FCU,Fan coil units: Phlebotomy,DB-L3-04C,3,230,1,1,,N,C03-0282,2.5,43,
FCU-L3-024,equipment,FCU,Fan coil units: Clinic B (2),DB-L3-04C,3,230,1,1.9,,N,C03-0291,2.5,51,
FCU-L3-022,equipment,FCU,Fan coil units: Clinic C,DB-L3-04C,3,230,1,2.5,,N,C03-0284,2.5,55,
PRS-L3-001,equipment,PRS,Pressurisation unit: Clinic B,DB-L3-04C,3,230,1,1.1,,N,C03-0287,2.5,22,
EF-L3-012,equipment,EF,Isolation room extract fan: Phlebotomy,DB-L3-04C,3,400,3,4,,N,C03-0286,2.5,33,
FCU-L3-023,equipment,FCU,Fan coil units: Clinic A (2),DB-L3-04C,3,230,1,2.3,,N,C03-0285,2.5,8,
HP-L3-004,equipment,HP,Heat pump: Clinic C,DB-L3-04C,3,400,3,11,,N,C03-0288,2.5,36,
PMP-L3-008,equipment,PMP,Cold water booster pump: Clinic A,DB-L3-04C,3,400,3,4,,N,C03-0289,2.5,5,
EF-L3-013,equipment,EF,Isolation room extract fan: Phlebotomy (2),DB-L3-04C,3,400,3,3,,N,C03-0290,2.5,22,
FCU-L3-021,equipment,FCU,Fan coil units: Clinic B,DB-L3-04C,3,230,1,1.1,,N,C03-0283,2.5,47,
PRS-L3-002,equipment,PRS,Pressurisation unit: Clinic C,DB-L3-04C,3,230,1,0.8,,N,C03-0292,2.5,50,
PRS-L3-003,equipment,PRS,Pressurisation unit: Clinic A,DB-L3-04C,3,230,1,1.1,,N,C03-0293,2.5,60,
EF-L3-014,equipment,EF,Dirty utility extract fan: Phlebotomy,DB-L3-04C,3,400,3,3,,N,C03-0294,2.5,41,
HP-L3-005,equipment,HP,Heat pump: Clinic B,DB-L3-04C,3,400,3,15,,N,C03-0295,4,16,
DB-L3-04D,board,DB,Level 3 fan coil units & controls,DB-L3-04,3,230,1,,40,,C03-0296,70,8,
FCU-L3-025,equipment,FCU,Fan coil units: Consulting rooms 1-8,DB-L3-04D,3,230,1,1.7,,N,C03-0297,2.5,15,
FCU-L3-026,equipment,FCU,Fan coil units: Eye clinic,DB-L3-04D,3,230,1,1.9,,N,C03-0298,2.5,20,
TEF-L3-002,equipment,TEF,Toilet extract fan: Clinic B,DB-L3-04D,3,230,1,0.31,,N,C03-0299,2.5,27,
TEF-L3-003,equipment,TEF,Toilet extract fan: Clinic A,DB-L3-04D,3,230,1,0.36,,N,C03-0300,2.5,53,
TEF-L3-004,equipment,TEF,Toilet extract fan: Consulting rooms 1-8,DB-L3-04D,3,230,1,0.33,,N,C03-0301,2.5,33,
FCU-L3-027,equipment,FCU,Fan coil units: Eye clinic (2),DB-L3-04D,3,230,1,1.4,,N,C03-0302,2.5,60,
TEF-L3-005,equipment,TEF,Toilet extract fan: Clinic B (2),DB-L3-04D,3,230,1,0.38,,N,C03-0303,2.5,59,
TEF-L3-006,equipment,TEF,Toilet extract fan: Clinic A (2),DB-L3-04D,3,230,1,0.24,,N,C03-0304,2.5,24,
FCU-L3-028,equipment,FCU,Fan coil units: Consulting rooms 1-8 (2),DB-L3-04D,3,230,1,2.3,,N,C03-0305,2.5,34,
FCU-L3-033,equipment,FCU,Fan coil units: Clinic B (2),DB-L3-04D,3,230,1,1.4,,N,C03-0311,2.5,15,
FCU-L3-030,equipment,FCU,Fan coil units: Clinic B,DB-L3-04D,3,230,1,1.7,,N,C03-0307,2.5,28,
FCU-L3-031,equipment,FCU,Fan coil units: Clinic A,DB-L3-04D,3,230,1,2.1,,N,C03-0308,2.5,17,
TEF-L3-009,equipment,TEF,Toilet extract fan: Eye clinic (2),DB-L3-04D,3,230,1,0.41,,N,C03-0314,2.5,47,
TEF-L3-007,equipment,TEF,Toilet extract fan: Eye clinic,DB-L3-04D,3,230,1,0.52,,N,C03-0310,2.5,29,
FCU-L3-029,equipment,FCU,  Fan coil units: Eye clinic (3)  ,DB-L3-04D,3,230,1,1.5,,N,C03-0306,2.5,24,
TEF-L3-008,equipment,TEF,Toilet extract fan: Clinic A (3),DB-L3-04D,3,230,1,0.4,,N,C03-0312,2.5,22,
FCU-L3-034,equipment,FCU,Fan coil units: Consulting rooms 1-8 (4),DB-L3-04D,3,230,1,1.1,,N,C03-0313,2.5,32,
FCU-L3-032,equipment,FCU,Fan coil units: Consulting rooms 1-8 (3),DB-L3-04D,3,230,1,1.7,,N,C03-0309,2.5,47,
FCU-L3-035,equipment,FCU,Fan coil units: Clinic B (3),DB-L3-04D,3,230,1, 1.6 kW,,N,C03-0315,2.5,16,
DB-L3-E,board,DB,Level 3 essential services board,SMSB-E,3,400,3,,75,,C03-0316,50,38,
EM-L3-003,equipment,EM,Emergency lighting: stair core 1 (L3),DB-L3-E,3,230,1,0.34,,yes,C03-0317,1.5,11,
EM-L3-004,equipment,EM,Emergency lighting: stair core 2 (L3),DB-L3-E,3,230,1,0.49,,Y,C03-0318,1.5,15,
EM-L3-005,equipment,EM,Emergency lighting: escape corridors (L3),DB-L3-E,3,230,1,0.42,,Y,C03-0319,1.5,24,
FA-L3-001,equipment,FA,Fire alarm panel (level 3),DB-L3-E,3,230,1,0.32,,Y,C03-0320,2.5,58,
SP-L3-102,equipment,SP,Essential small power: Consulting rooms 9-16,DB-L3-E,3,230,1,3.2,,N,C03-0321,2.5,11,
SP-L3-103,equipment,SP,Essential small power: Eye clinic,DB-L3-E,3,230,1,3,,N,C03-0322,2.5,45,
SP-L3-105,equipment,SP,Essential small power: Clinic C,DB-L3-E,3,230,1,1.5,,N,C03-0324,2.5,38,
SP-L3-104,equipment,SP,Essential small power: Clinic D,DB-L3-E,3,230,1,1.7,,N,C03-0323,2.5,35,
LTG-L3-051,equipment,LTG,Essential lighting: Consulting rooms 9-16,DB-L3-E,3,230,1,1.5,,N,C03-0325,1.5,54,
LTG-L3-052,equipment,LTG,Essential lighting: Eye clinic,DB-L3-E,3,230,1,0.8,,N,C03-0326,1.5,49,
LTG-L3-053,equipment,LTG,Essential lighting: Clinic D,DB-L3-E,3,230,1,1,,N,C03-0327,1.5,14,
SP-L3-106,equipment,SP,Essential small power: Clinic C (2),DB-L3-E,3,230,1,2.2,,N,C03-0328,2.5,45,
LTG-L3-054,equipment,LTG,Essential lighting: Consulting rooms 9-16 (2),DB-L3-E,3,230,1,1.1,,N,C03-0329,1.5,51,
LTG-L3-055,equipment,LTG,Essential lighting: Eye clinic (2),DB-L3-E,3,230,1,0.6,,N,C03-0330,1.5,34,
LTG-L3-056,equipment,LTG,Essential lighting: Clinic D (2),DB-L3-E,3,230,1,0.5,,N,C03-0331,1.5,34,
LTG-L3-057,equipment,LTG,Essential lighting: Clinic C,DB-L3-E,3,230,1,1.2,,N,C03-0332,1.5,59,
SP-L3-107,equipment,SP,Essential small power: Consulting rooms 9-16 (2),DB-L3-E,3,230,1,2.3,,N,C03-0333,2.5,13,
LTG-L3-058,equipment,LTG,Essential lighting: Eye clinic (3),DB-L3-E,3,230,1,1.9,,N,C03-0334,1.5,30,
LTG-L3-059,equipment,LTG,Essential lighting: Clinic D (3),DB-L3-E,3,230,1,1.1,,N,C03-0335,1.5,18,
SP-L3-108,equipment,SP,Essential small power: Clinic C (3),DB-L3-E,3,230,1,1.8,,N,C03-0336,2.5,23,
SP-L3-109,equipment,SP,Essential small power: Consulting rooms 9-16 (3),DB-L3-E,3,230,1,2.3,,N,C03-0337,2.5,19,
LTG-L3-014,equipment,LTG,Spare way: Lighting: Phlebotomy,DB-L3-01C,3,230,1,1.5,,N,C03-0042,1.5,54,
LTG-L3-060,equipment,LTG,Essential lighting: Eye clinic (4),DB-L3-E,3,230,1,0.6,,N,C03-0338,1.5,25,
ACC-L3-008,equipment,ACC,Access control panel: Clinic D,DB-L3-E,3,230,1,0.22,,N,C03-0339,2.5,29,
LTG-L3-061,equipment,LTG,Essential lighting: Clinic C (2),DB-L3-E,3,230,1,1.3,,N,C03-0340,1.5,13,
SP-L3-110,equipment,SP,Essential small power: Consulting rooms 9-16 (4),DB-L3-E,3,230,1,2.5,,N,C03-0341,2.5,50,
ACC-L3-009,equipment,ACC,Access control panel: Eye clinic,DB-L3-E,3,230,1,0.43,,N,C03-0342,2.5,29,
CCTV-L3-006,equipment,CCTV,CCTV: Consulting rooms 9-16,DB-L3-E,3,230,1,0.35,,N,C03-0345,2.5,25,
SP-L3-111,equipment,SP,Essential small power: Clinic C (4),DB-L3-E,3,230,1,3.3,,N,C03-0344,2.5,41,
CCTV-L3-005,equipment,CCTV,CCTV: Clinic D,DB-L3-E,3,230,1,0.57,,N,C03-0343,2.5,44,
DB-L4-01,board,DB,Level 4 Day Surgery north wing distribution board,SMSB-A,4,400,3,,230,,C04-0001,240,40,
HP-L4-001,equipment,HP,Heat pump: L4 north wing,DB-L4-01,4,400,3,15,,N,C04-0002,4,55,
DATA-L4-001,equipment,DATA,Floor comms room: L4 north wing,DB-L4-01,4,230,1,1.1,,N,C04-0003,2.5,10,
DB-L4-01A,board,DB,Level 4 lighting,DB-L4-01,4,230,1,,30,,C04-0004,50,4,
ACC-L4-001,equipment,ACC,Access control panel: Discharge lounge,DB-L4-01A,4,230,1,0.23,,N,C04-0008,2.5,6,
LTG-L4-001,equipment,LTG,Lighting: Endoscopy,DB-L4-01A,4,230,1,1.4,,N,C04-0006,1.5,43,
LTG-L4-002,equipment,LTG,Lighting: Consulting rooms,DB-L4-01A,4,230,1,1.7,,N,C04-0007,1.5,21,
EM-L4-001,equipment,EM,Emergency lighting: L4 north wing,DB-L4-01A,4,230,1,0.47,,Y,C04-0005,1.5,18,
LTG-L4-003,equipment,LTG,Lighting: Pre-op assessment,DB-L4-01A,4,230,1,1.3,,N,C04-0009,1.5,45,
LTG-L4-004,equipment,LTG,Lighting: Endoscopy (2),DB-L4-01A,4,230,1,1.2,,N,C04-0010,1.5,6,
LTG-L4-005,equipment,LTG,Lighting: Consulting rooms (2),DB-L4-01A,4,230,1,1.8,,N,C04-0011,1.5,35,"rating taken from nameplate, not O&M manual"
LTG-L4-006,equipment,LTG,Lighting: Discharge lounge,DB-L4-01A,4,230,1,0.9,,N,C04-0012,1.5,23,
LTG-L4-007,equipment,LTG,Lighting: Pre-op assessment (2),DB-L4-01A,4,230,1,1.5,,N,C04-0013,1.5,16,
LTG-L4-008,equipment,LTG,Lighting: Endoscopy (3),DB-L4-01A,4,230,1,1.9,,N,C04-0014,1.5,45,
LTG-L4-009,equipment,LTG,Lighting: Consulting rooms (3),DB-L4-01A,4,230,1,1.8,,N,C04-0015,1.5,22,
LTG-L4-010,equipment,LTG,Lighting: Discharge lounge (2),DB-L4-01A,4,230,1,0.9,,N,C04-0016,1.5,29,
LTG-L4-011,equipment,LTG,Lighting: Pre-op assessment (3),DB-L4-01A,4,230,1,0.7,,N,C04-0017,1.5,29,
LTG-L4-012,equipment,LTG,Lighting: Endoscopy (4),DB-L4-01A,4,230,1,1.6,,N,C04-0018,1.5,60,
LTG-L4-013,equipment,LTG,Lighting: Consulting rooms (4),DB-L4-01A,4,230,1,1.4,,N,C04-0019,1.5,58,
SP-L4-003,equipment,SP,Small power: Clean utility,DB-L4-01B,4,230,1,2.7,,N,C04-0026,2.5,45,
LTG-L4-015,equipment,LTG,Lighting: Pre-op assessment (4),DB-L4-01A,4,230,1,1.1,,N,C04-0021,1.5,59,
LTG-L4-016,equipment,LTG,Lighting: Endoscopy (5),DB-L4-01A,4,230,1,1.3,,N,C04-0022,1.5,45,
DB-L4-01B,board,DB,Level 4 small power,DB-L4-01,4,230,1,,55,,C04-0023,120,11,
SP-L4-001,equipment,SP,Small power: Dirty utility,DB-L4-01B,4,230,1,1.8,,N,C04-0024,2.5,56,
SP-L4-002,equipment,SP,Small power: Staff change,DB-L4-01B,4,230,1,1.8,,N,C04-0025,2.5,11,
LTG-L4-014,equipment,LTG,Lighting: Discharge lounge (3),DB-L4-01A,4,230,1,0.8,,N,C04-0020,1.5,19,
SP-L4-004,equipment,SP,Small power: Day theatres corridor,DB-L4-01B,4,230,1,2.2,,N,C04-0027,2.5,55,
SP-L4-005,equipment,SP,Small power: Dirty utility (2),DB-L4-01B,4,230,1,2.8,,N,C04-0028,2.5,20,
HD-L4-001,equipment,HD,Hand dryer: Dirty utility,DB-L4-01B,4,230,1,1.5,,N,C04-0036,2.5,8,
HW-L4-001,equipment,HW,Water heater: Clean utility,DB-L4-01B,4,230,1,3,,N,C04-0030,2.5,49,
SP-L4-007,equipment,SP,Small power: Day theatres corridor (2),DB-L4-01B,4,230,1,2.4,,N,C04-0031,2.5,31,
LTG-L4-054,equipment,LTG,Lighting: admissions lounge extension,DB-L14-01,4,230,1,1.2,,N,C04-9001,1.5,31,
HW-L4-002,equipment,HW,Water heater: Dirty utility,DB-L4-01B,4,230,1,2.4,,N,C04-0032,2.5,24,
SP-L4-008,equipment,SP,Small power: Staff change (3),DB-L4-01B,4,230,1,2.5,,N,C04-0033,2.5,27,
SP-L4-009,equipment,SP,Small power: Clean utility (2),DB-L4-01B,4,230,1,1.9,,N,C04-0034,2.5,16,
BEV-L4-001,equipment,BEV,Beverage bay: Day theatres corridor,DB-L4-01B,4,230,1,2.2,,N,C04-0035,2.5,34,
SP-L4-006,equipment,SP,Small power: Staff change (2),DB-L4-01B,4,230,1,3.3,,N,C04-0029,2.5,19,
SP-L4-010,Equipment,SP,Small power: Staff change (4),DB-L4-01B,4,230,1,1.7,,N,C04-0037,2.5,18,
SP-L4-011,equipment,SP,Small power: Clean utility (3),DB-L4-01B,4,230,1,2.7,,N,C04-0038,2.5,54,
SP-L4-012,equipment,SP,Small power: Day theatres corridor (3),DB-L4-01B,4,230,1,2.4,,N,C04-0039,2.5,7,
SP-L4-013,equipment,SP,Small power: Dirty utility (3),DB-L4-01B,4,230,1,1.6,,N,C04-0040,2.5,38,
SP-L4-014,equipment,SP,Small power: Staff change (5),DB-L4-01B,4,230,1,3,,N,C04-0041,2.5,18,
DB-L4-01C,board,DB,Level 4 pre-op & recovery bed-head & nurse call,DB-L4-01,4,230,1,,55,,C04-0042,120,22,
NC-L4-001,equipment,NC,Nurse call system: Clean utility,DB-L4-01C,4,230,1,0.33,,Y,C04-0043,2.5,57,
BHP-L4-001,equipment,BHP,Bed-head power: Admissions lounge,DB-L4-01C,4,230,1,,,N,C04-0044,2.5,47,
BHP-L4-002,equipment,BHP,Bed-head power: Stage 2 recovery,DB-L4-01C,4,230,1,1.7,,N,C04-0045,2.5,28,
BHP-L4-003,equipment,BHP,Bed-head power: Pre-op assessment,DB-L4-01C,4,230,1,2.6,,N,C04-0046,2.5,59,
BHP-L4-004,equipment,BHP,Bed-head power: Clean utility,DB-L4-01C,4,230,1,2.2,,N,C04-0047,2.5,58,
BHP-L4-005,equipment,BHP,Bed-head power: Admissions lounge (2),DB-L4-01C,4,230,1,1.6,,N,C04-0048,2.5,48,
SP-L4-015,equipment,SP,Small power: Stage 2 recovery,DB-L4-01C,4,230,1 ,1.7,,N,C04-0049,2.5,33,
SP-L4-020,equipment,SP,Small power: Discharge lounge,DB-L4-01D,4,230,1,1.9,,N,C04-0065,2.5,30,
BHP-L4-006,equipment,BHP,Bed-head power: Clean utility (2),DB-L4-01C,4,230,1,2.7,,N,C04-0051,2.5,59,
BHP-L4-007,equipment,BHP,Bed-head power: Admissions lounge (3),DB-L4-01C,4,230,1,2.7,,N,C04-0052,2.5,40,
MON-L4-001,equipment,MON,Patient monitoring: Stage 2 recovery,DB-L4-01C,4,230,1,0.5,,N,C04-0053,2.5,26,
BHP-L4-008,equipment,BHP,Bed-head power: Pre-op assessment (2),DB-L4-01C,4,230,1,2.4kW,,N,C04-0054,2.5,28,
MON-L4-002,equipment,MON,Patient monitoring: Clean utility,DB-L4-01C,4,230,1,0.6,,N,C04-0055,2.5,7,
BHP-L4-009,equipment,BHP,Bed-head power: Admissions lounge (4),DB-L4-01C,4,230,1,2.6,,N,C04-0056,2.5,43,IR test re-done after snag
BHP-L4-010,equipment,BHP,Bed-head power: Stage 2 recovery (2),DB-L4-01C,4,230,1,2.7,,N,C04-0057,2.5,35,
SP-L4-016,equipment,SP,Small power: Pre-op assessment,DB-L4-01C,4,230,1,3.4,,N,C04-0050,2.5,28,
BHP-L4-011,equipment,BHP,Bed-head power: Clean utility (3),DB-L4-01C,4,230,1,2.5,,0,C04-0059,2.5,41,
SP-L4-018,equipment,SP,Small power: Admissions lounge,DB-L4-01C,4,230,1,3.2,,N,C04-0060,2.5,16,
DB-L4-01D,board,DB,Level 4 day-case equipment,DB-L4-01,4,400,3,,75,,C04-0061,50,10,
WRM-L4-001,equipment,WRM,Warming cabinet: Endoscopy,DB-L4-01D,4,230,1,0.5,,N,C04-0062,2.5,30,
SP-L4-019,equipment,SP,Small power: Day theatres corridor,DB-L4-01D,4,230,1,1.7,,N,C04-0063,2.5,31,
ENDO-L4-001,equipment,ENDO,Endoscopy stack: Pre-op assessment,DB-L4-01D,4,230,1,1.2,,N,C04-0064,2.5,25,
SP-L4-017,equipment,SP,Small power: Pre-op assessment (2),DB-L4-01C,4,230,1,3.4,,N,C04-0058,2.5,42,
IHW-L4-001,equipment,IHW,Instantaneous water heater: Pre-op assessment,DB-L4-01D,4,400,3,10.8,,,C04-0072,2.5,45,
SP-L4-021,equipment,SP,Small power: Day theatres corridor (2),DB-L4-01D,4,230,1,2.6,,N,C04-0067,2.5,35,
WRM-L4-002,equipment,WRM,Warming cabinet: Discharge lounge,DB-L4-01D,4,230,1,0.5,,N,C04-0069,2.5,55,RCBO replaced 14/09
SP-L4-022,equipment,SP,Small power: Pre-op assessment,DB-L4-01D,4,230,1,2.7,,N,C04-0068,2.5,57,
SP-L4-023,equipment,SP,Small power: Endoscopy,DB-L4-01D,4,230,1,1.7,,N,C04-0070,2.5,52,
WRM-L4-003,equipment,WRM,Warming cabinet: Day theatres corridor,DB-L4-01D,4,230,1,0.7,,N,C04-0071,2.5,51,
WD-L4-001,equipment,WD,Washer-disinfector: Endoscopy,DB-L4-01D,4,400,3,9,,N,C04-0066,2.5,28,
WRM-L4-004,equipment,WRM,Warming cabinet: Discharge lounge (2),DB-L4-01D,4,230,1,0.7,,N,C04-0073,2.5,43,
MON-L4-003,equipment,MON,Patient monitoring: Endoscopy,DB-L4-01D,4,230,1,0.7,,N,C04-0074,2.5,38,
ENDO-L4-002,equipment,ENDO,Endoscopy stack: Day theatres corridor,DB-L4-01D,4,230,1,0.7,,N,C04-0075,2.5,41,
ENDO-L4-003,equipment,ENDO,Endoscopy stack: Pre-op assessment (2),DB-L4-01D,4,230,1,0.9,,N,C04-0076,2.5,29,
SP-L4-024,equipment,SP,Small power: Discharge lounge (2),DB-L4-01D,4,230,1,3.3,,N,C04-0077,2.5,56,
SP-L4-025,equipment,SP,Small power: Endoscopy (2),DB-L4-01D,4,230,1,2.2,,N,C04-0078,2.5,16,
DB-L4-02,board,DB,Level 4 Day Surgery south wing distribution board,SMSB-A,4,400,3,,240,,C04-0080,240,29,
SP-L4-026,equipment,SP,Small power: Day theatres corridor (3),DB-L4-01D,4,230,1,3,,N,C04-0079,2.5,36,
HP-L4-002,equipment,HP,Heat pump: L4 south wing,DB-L4-02,4,400,3,5.5,,N,C04-0081,2.5,21,
DATA-L4-002,equipment,DATA,Floor comms room: L4 south wing,DB-L4-02,4,230,1,1.9,,N,C04-0082,2.5,21,
DB-L4-02A,board,DB,Level 4 lighting,DB-L4-02,4,230,1,,35,,C04-0083,70,18,IR test re-done after snag
EM-L4-002,equipment,EM,Emergency lighting: L4 south wing,DB-L4-02A,4,230,1,0.28,,Y,C04-0084,1.5,35,
LTG-L4-017,equipment,LTG,Lighting: Reception,DB-L4-02A,4,230,1,0.9,,N,C04-0085,1.5,42,
ACC-L4-002,equipment,ACC,Access control panel: Dirty utility,DB-L4-02A,4,230,1,0.27,,N,C04-0086,2.5,18,
LTG-L4-018,equipment,LTG,Lighting: Pre-op assessment,DB-L4-02A,4,230,1,1.9,,N,C04-0087,1.5,49,
LTG-L4-019,equipment,LTG,Lighting: Discharge lounge,DB-L4-02A,4,230,1,1.7,,N,C04-0088,1.5,39,
LTG-L4-020,equipment,LTG,Lighting: Reception (2),DB-L4-02A,4,230,1,1.3,,N,C04-0089,1.5,40,
LTG-L4-021,equipment,LTG,Lighting: Dirty utility,DB-L4-02A,4,230,1,0.7,,N,C04-0090,1.5,33,
LTG-L4-022,equipment,LTG,Lighting: Pre-op assessment (2),DB-L4-02A,4,230,1,1.4,,N,C04-0091,1.5,24,"rating taken from nameplate, not O&M manual"
ACC-L4-003,equipment,ACC,Access control panel: Dirty utility (2),DB-L4-02A,4,230,1,0.4,,N,C04-0098,2.5,60,
LTG-L4-024,equipment,LTG,Lighting: Reception (3),DB-L4-02A,4,230,1,1.4,,N,C04-0093,1.5,18,
LTG-L4-025,equipment,LTG,Lighting: Dirty utility (2),DB-L4-02A,4,230,1,1.3,,N,C04-0094,1.5,10,
LTG-L4-026,equipment,LTG,Lighting: Pre-op assessment (3),DB-L4-02A,4 ,230,1,1.2,,N,C04-0095,1.5,35,
LTG-L4-027,equipment,LTG,Lighting: Discharge lounge (3),DB-L4-02A,4,230,1,1.4,,N,C04-0096,1.5,28,
LTG-L4-028,equipment,LTG,Lighting: Reception (4),DB-L4-02A,4,230,1,0.8,,N,C04-0097,1.5,10,
LTG-L4-023,equipment,LTG,Lighting: Discharge lounge (2),DB-L4-02A,4,230,1,1.7,,N,C04-0092,1.5,31,
LTG-L4-029,equipment,LTG,Lighting: Pre-op assessment (4),DB-L4-02A,4,230,1,0.7,,N,C04-0099,1.5,53,
LTG-L4-030,equipment,LTG,Lighting: Discharge lounge (4),DB-L4-02A,4,230,1,1.8,,N,C04-0100,1.5,49,
LTG-L4-031,equipment,LTG,Lighting: Reception (5),DB-L4-02A,4,230,1,1.3,,N,C04-0101,1.5,60,
DB-L4-02B,board,DB,Level 4 small power,DB-L4-02,4,230,1,,50,,C04-0102,120,17,
SP-L4-027,equipment,SP,Small power: Staff change,DB-L4-02B,4,230,1,3.1,,N,C04-0103,2.5,42,
SP-L4-028,equipment,SP,Small power: Consulting rooms,DB-L4-02B,4,230,1,1.5,,N,C04-0104,2.5,16,
SP-L4-029,equipment,SP,Small power: Stage 1 recovery,DB-L4-02B,4,230,1,1.9,,N,C04-0105,2.5,18,
HD-L4-002,EQUIPMENT,HD,Hand dryer: Day theatres corridor,DB-L4-02B,4,230,1,1.8,,N,C04-0106,2.5,27,
HD-L4-003,equipment,HD,Hand dryer: Staff change,DB-L4-02B,4,230,1,1.5,,N,C04-0107,2.5,37,
SP-L4-030,equipment,SP,Small power: Consulting rooms (2),DB-L4-02B,4,230,1,1.6,,N,C04-0108,2.5,26,
SP-L4-031,equipment,SP,Small power: Stage 1 recovery (2),DB-L4-02B,4,230,1,3,,N,C04-0109,2.5,24,
SP-L4-032,equipment,SP,Small power: Day theatres corridor,DB-L4-02B,4,230,1,3.2,,N,C04-0110,2.5,38,
HW-L4-003,equipment,HW,Water heater: Staff change,DB-L4-02B,4,230,1,2.5,,N,C04-0111,2.5,19,
BEV-L4-002,equipment,BEV,Beverage bay: Consulting rooms,DB-L4-02B,4,230,1,2.9,,N,C04-0112,2.5,17,
SP-L4-033,equipment,SP,Small power: Stage 1 recovery (3),DB-L4-02B,4,230,1,2.3,,N,C04-0113,2.5,11,
SP-L4-034,equipment,SP,Small power: Day theatres corridor (2),DB-L4-02B,4,230,1,1.5,,N,C04-0114,2.5,23,
SP-L4-035,equipment,SP,Small power: Staff change (2),DB-L4-02B,4,230,1,2.8,,N,C04-0115,2.5,53,
SP-L4-036,equipment,SP,Small power: Consulting rooms (3),DB-L4-02B,4,230,1,1.9,,N,C04-0116,2.5,43,
SP-L4-037,equipment,SP,Small power: Stage 1 recovery (4),DB-L4-02B,4,230,1,2.9,,N,C04-0117,2.5,60,
BHP-L4-014,equipment,BHP,Bed-head power: Staff change,DB-L4-02C,4,230,1,2.3,,n,C04-0124,2.5,16,
SP-L4-038,equipment,SP,Small power: Staff change (3),DB-L4-02B,4,230,1,2.1,,N,C04-0119,2.5,20,
BHP-L4-015,equipment,BHP,Bed-head power: Admissions lounge,DB-L4-02C,4,230,1,2.9,,N,C04-0125,2.5,18,
DB-L4-02C,board,DB,Level 4 pre-op & recovery bed-head & nurse call,DB-L4-02,4,230,1,,45,,C04-0120,95,18,
BHP-L4-012,equipment,BHP,Bed-head power: Stage 2 recovery,DB-L4-02C,4,230,1,2.1,,N,C04-0122,2.5,20,
BHP-L4-013,equipment,BHP,Bed-head power: Stage 1 recovery,DB-L4-02C,4,230,1,2.3,,N,C04-0123,2.5,17,
HD-L4-004,equipment,HD,Hand dryer: Day theatres corridor (2),DB-L4-02B,4,230,1,1.8,,N,C04-0118,2.5,17,
NC-L4-002,equipment,NC,Nurse call system: Admissions lounge,DB-L4-02C,4,230,1,0.54kW,,Y,C04-0121,2.5,51,
MON-L4-005,equipment,MON,Patient monitoring: Stage 2 recovery (2),DB-L4-02C,4,230,1,0.5,,N,C04-0130,2.5,11,
SP-L4-039,equipment,SP,Small power: Stage 1 recovery,DB-L4-02C,4,230,1,2.5,,N,C04-0127,2.5,15,
BHP-L4-016,equipment,BHP,Bed-head power: Staff change (2),DB-L4-02C,4,230,1,1.8,,N,C04-0128,2.5,45,
SP-L4-040,equipment,SP,Small power: Admissions lounge,DB-L4-02C,4,230,1,2.7,,N,C04-0129,2.5,29,
MON-L4-004,equipment,MON,Patient monitoring: Stage 2 recovery,DB-L4-02C,4,230,1,0.7,,N,C04-0126,2.5,5,
BHP-L4-017,equipment,BHP,Bed-head power: Stage 1 recovery (2),DB-L4-02C,4,230,1,2.3,,N,C04-0131,2.5,20,
MON-L4-006,equipment,MON,Patient monitoring: Staff change,DB-L4-02C,4,230,1,0.5,,N,C04-0132,2.5,25,
BHP-L4-018,equipment,BHP,Bed-head power: Admissions lounge (2),DB-L4-02C,4,230,1,2.3,,N,C04-0133,2.5,24,
SP-L4-041,equipment,SP,Small power: Stage 2 recovery,DB-L4-02C,4,230,1,2.3,,N,C04-0134,2.5,17,
BHP-L4-019,equipment,BHP,Bed-head power: Stage 1 recovery (3),DB-L4-02C,4,230,1,1.8,,N,C04-0135,2.5,20,
SP-L4-043,equipment,SP,Small power: Dirty utility,DB-L4-02D,4,230,1,3.2,,N,C04-0142,2.5,38,
DB-L4-02D,board,DB,Level 4 day-case equipment,DB-L4-02,4,400,3,,70,,C04-0138,35,6,
BHP-L4-021,equipment,BHP,Bed-head power: Admissions lounge (3),DB-L4-02C,4,230,1,2.6,,N,C04-0137,2.5,57,
ENDO-L4-004,equipment,ENDO,Endoscopy stack: Staff change,DB-L4-02D,4,230,1,0.8,,N,C04-0139,2.5,16,
SP-L4-042,equipment,SP,Small power: Day theatres corridor,DB-L4-02D,4,230,1,1.7,,N,C04-0140,2.5,40,
WRM-L4-005,equipment,WRM,Warming cabinet: Endoscopy,DB-L4-02D,4,230,1,0.4,,N,C04-0141,2.5,18,
BHP-L4-020,equipment,BHP,Bed-head power: Staff change (3),DB-L4-02C,4,230,1,2,,N,C04-0136,2.5,18,
MON-L4-007,equipment,MON,Patient monitoring: Staff change,DB-L4-02D,4,230,1,0.7,,N,C04-0143,2.5,42,
SP-L4-044,equipment,SP,Small power: Day theatres corridor (2),DB-L4-02D,4,230,1,3.3,,N,C04-0144,2.5,17,moved per RFI-112
SP-L4-045,equipment,SP,Small power: Endoscopy,DB-L4-02D,4,230,1,2.1,,,C04-0145,2.5,54,
SP-L4-046,equipment,SP,Small power: Dirty utility (2),DB-L4-02D,4,230,1,1.8,,N,C04-0146,2.5,60,
WRM-L4-006,equipment,WRM,Warming cabinet: Staff change,DB-L4-02D,4,230,1,0.4,,N,C04-0147,2.5,25,RCBO replaced 14/09
WRM-L4-007,equipment,WRM,Warming cabinet: Day theatres corridor,DB-L4-02D,4,230,1,0.4,,N,C04-0148,2.5,10,
ENDO-L4-005,equipment,ENDO,Endoscopy stack: Endoscopy,DB-L4-02D,4,230,1,1.1,,,C04-0149,2.5,56,
SP-L4-047,equipment,SP,Small power: Dirty utility (3),DB-L4-02D,4,230,1,3.1,,N,C04-0150,2.5,51,
SP-L4-048,equipment,SP,Small power: Staff change,DB-L4-02D,4,230,1,2.9,,N,C04-0151,2.5,35,
SP-L4-049,equipment,SP,Small power: Endoscopy (2),DB-L4-02D,4,230,1,2.4,,N,C04-0153,2.5,19,"fed via local isolator, see dwg E-501 rev C"
ENDO-L4-006,equipment,ENDO,Endoscopy stack: Day theatres corridor,DB-L4-02D,4,230,1,1,,N,C04-0152,2.5,30,
WD-L4-002,equipment,WD,Washer-disinfector: Staff change,DB-L4-02D,4,400,3,18,,N,C04-0155,4,36,
SP-L4-050,equipment,SP,Small power: Dirty utility (4),DB-L4-02D,4,230,1,2.8,,N,C04-0154,2.5,54,
ENDO-L4-007,equipment,ENDO,Endoscopy stack: Day theatres corridor (2),DB-L4-02D,4,230,1,0.9,,N,C04-0156,2.5,21,
SP-L4-051,equipment,SP,Small power: Endoscopy (3),DB-L4-02D,4,230,1,2.7,,N,C04-0157,2.5,30,
DB-L4-03,board,DB,Level 4 day theatres 1-4 distribution board,SMSB-A,4,400,3,,230,,C04-0158,240,46,
DB-L4-03A,board,DB,Level 4 day theatres 1-2 lighting & small power,DB-L4-03,4,230,1,,40,,C04-0159,70,23,
THL-L4-001,equipment,THL,Day theatre 1 operating light,DB-L4-03A,4,230,1,1.5,,Y,C04-0160,2.5,30,
THL-L4-002,equipment,THL,Day theatre 2 operating light,DB-L4-03A,4,230,1,1.2,,Y,C04-0161,2.5,41,
LTG-L4-032,equipment,LTG,Lighting: Day theatre 1,DB-L4-03A,4,230,1,1.7,,N,C04-0162,1.5,10,
SP-L4-052,equipment,SP,Small power: Day theatre 2,DB-L4-03A,4,230,1,3.3,,N,C04-0163,2.5,29,
FRG-L4-001,equipment,FRG,Medicines fridge: Anaesthetic room 1,DB-L4-03A,4,230,1,0.29,,N,C04-0164,2.5,30,
SP-L4-053,equipment,SP,Small power: Anaesthetic room 2,DB-L4-03A,4,230,1,3.5,,N,C04-0165,2.5,52,
SP-L4-054,equipment,SP,Small power: Scrub 1-2,DB-L4-03A,4,230,1,2.7,,N,C04-0166,2.5,16,
SP-L4-055,equipment,SP,Small power: Day theatre corridor,DB-L4-03A,4,230,1,2.7,,N,C04-0167,2.5,58,IR test re-done after snag
LTG-L4-033,equipment,LTG,Lighting: Day theatre 1 (2),DB-L4-03A,4,230,1,1.3,,N,C04-0168,1.5,54,
LTG-L4-034,equipment,LTG,Lighting: Day theatre 2,DB-L4-03A,4,230,1,1.9,,N,C04-0169,1.5,16,
LTG-L4-035,equipment,LTG,Lighting: Anaesthetic room 1,DB-L4-03A,4,230,1,1.1,,N,C04-0170,1.5,51,
SP-L4-056,equipment,SP,Small power: Anaesthetic room 2 (2),DB-L4-03A,4,230,1,2.8KW,,N,C04-0171,2.5,24,
LTG-L4-036,equipment,LTG,Lighting: Scrub 1-2,DB-L4-03A,4,230,1,1.5,,N,C04-0172,1.5,39,
LTG-L4-037,equipment,LTG,Lighting: Day theatre corridor,DB-L4-03A,4,230,1,0.5,,N,C04-0173,1.5,19,
WRM-L4-008,equipment,WRM,Warming cabinet: Day theatre 1,DB-L4-03A,4,230,1,0.6,,N,C04-0174,2.5,60,
LTG-L4-038,equipment,LTG,Lighting: Day theatre 2 (2),DB-L4-03A,4,230,1,1,,N,C04-0175,1.5,11,
DB-L4-03B,board,DB,Level 4 day theatres 1-2 clinical equipment,DB-L4-03,4,400,3,,45,,C04-0176,25,7,
PEND-L4-001,equipment,PEND,Day theatre 1 surgical pendant,DB-L4-03B,4,230,1,1.1,,Y,C04-0177,2.5,52,
PEND-L4-002,equipment,PEND,Day theatre 2 surgical pendant,DB-L4-03B,4,230,1,1.2,,Y,C04-0178,2.5,20,
ANA-L4-001,equipment,ANA,Anaesthetic machine: day theatre 1,DB-L4-03B,4,230,1,0.9,,Y,C04-0179,2.5,25,
ANA-L4-002,equipment,ANA,Anaesthetic machine: day theatre 2,DB-L4-03B,4,230,1,0.7,,Y,C04-0180,2.5,11,
DTH-L4-001,equipment,DTH,Diathermy unit: day theatre 1,DB-L4-03B,4,230,1,0.44,,,C04-0181,2.5,6,
DTH-L4-002,equipment,DTH,Diathermy unit: day theatre 2,DB-L4-03B,4,230,1,0.51,,N,C04-0182,2.5,25,
WRM-L4-009,equipment,WRM,Warming cabinet: Day theatre 1,DB-L4-03B,4,230,1,0.8,,N,C04-0183,2.5,5,
MON-L4-008,equipment,MON,Patient monitoring: Day theatre 2,DB-L4-03B,4,230,1,0.3,,N,C04-0184,2.5,53,
ENDO-L4-008,equipment,ENDO,Endoscopy stack: Anaesthetic room 1,DB-L4-03B,4,230,1,1,,N,C04-0185,2.5,48,
IHW-L4-002,equipment,IHW,Instantaneous water heater: Anaesthetic room 2,DB-L4-03B,4,400,3,10.8,,N,C04-0186,2.5,8,
ENDO-L4-009,equipment,ENDO,Endoscopy stack: Scrub 1-2,DB-L4-03B,4,230,1,1.1,,N,C04-0187,2.5,5,
MON-L4-009,equipment,MON,Patient monitoring: Day theatre corridor,DB-L4-03B,4,230,1,0.8,,N,C04-0188,2.5,30,RCBO replaced 14/09
MON-L4-010,equipment,MON,Patient monitoring: Day theatre 1,DB-L4-03B,4,230,1,0.6,,N,C04-0189,2.5,18,
WRM-L4-010,equipment,WRM,Warming cabinet: Day theatre 2,DB-L4-03B,4,230,1,0.7,,N,C04-0190,2.5,21,
MON-L4-011,equipment,MON,Patient monitoring: Anaesthetic room 1,DB-L4-03B,4,230,1,0.7,,N,C04-0191,2.5,34,
DB-L4-03C,board,DB,Level 4 day theatres 3-4 lighting & small power,DB-L4-03,4,230,1,,45,,C04-0192,95,5,
THL-L4-003,equipment,THL,Day theatre 3 operating light,DB-L4-03C,4,230,1,1.2,,Y,C04-0193,2.5,54,
THL-L4-004,equipment,THL,Day theatre 4 operating light,DB-L4-03C,4,230,1,1.5,,Y,C04-0194,2.5,17,
LTG-L4-039,equipment,LTG,Lighting: Day theatre 3,DB-L4-03C,4,230,1,1,,N,C04-0195,1.5,32,
LTG-L4-040,equipment,LTG,Lighting: Day theatre 4,DB-L4-03C,4,230,1,1.5,,N,C04-0196,1.5,37,
SP-L4-057,equipment,SP,Small power: Anaesthetic room 3,DB-L4-03C,4,230,1,2.1,,N,C04-0197,2.5,49,
LTG-L4-041,equipment,LTG,Lighting: Anaesthetic room 4,DB-L4-03C,4,230,1,1,,N,C04-0198,1.5,46,
LTG-L4-042,equipment,LTG,Lighting: Scrub 3-4,DB-L4-03C,4,230,1,1.9,,N,C04-0199,1.5,36,
LTG-L4-043,equipment,LTG,Lighting: Day theatre corridor,DB-L4-03C,4,230,1,2,,N,C04-0200,1.5,28,
LTG-L4-044,equipment,LTG,Lighting: Day theatre 3 (2),DB-L4-03C,4,230,1,1.5,,N,C04-0201,1.5,13,label missing on site
SP-L4-058,equipment,SP,Small power: Day theatre 4,DB-L4-03C,4,230,1,1.9,,N,C04-0202,2.5,57,
LTG-L4-045,equipment,LTG,Lighting: Anaesthetic room 3,DB-L4-03C,4,230,1,1.2,,N,C04-0203,1.5,23,
SP-L4-059,equipment,SP,Small power: Anaesthetic room 4,DB-L4-03C,4,230,1,2.5,,N,C04-0204,2.5,28,
LTG-L4-046,equipment,LTG,Lighting: Scrub 3-4 (2),DB-L4-03C,4,230,1,0.9,,N,C04-0205,1.5,33,
SP-L4-060,equipment,SP,Small power: Day theatre corridor,DB-L4-03C,4,230,1,3.1,,N,C04-0206,2.5,44,
LTG-L4-047,equipment,LTG,Lighting: Day theatre 3 (3),DB-L4-03C,4,230,1,1.4,,FALSE,C04-0207,1.5,36,
SP-L4-073,equipment,SP,Small power: admissions lounge extension,DB-L14-01,4,230,1,2.5,,N,C04-9002,2.5,33,per old drawing E-204 rev A
LTG-L4-048 ,equipment,LTG,Lighting: Day theatre 4 (2),DB-L4-03C,4,230,1,1.6,,N,C04-0208,1.5,6,
WRM-L4-011,equipment,WRM,Warming cabinet: Anaesthetic room 3,DB-L4-03C,4,230,1,0.7,,N,C04-0209,2.5,27,
DB-L4-03D,board,DB,Level 4 day theatres 3-4 clinical equipment,DB-L4-03,4,400,3,,55,,C04-0210,25,9,
PEND-L4-003,equipment,PEND,Day theatre 3 surgical pendant,DB-L4-03D,4,230,1,1.2,,Y,C04-0211,2.5,11,
PEND-L4-004,equipment,PEND,Day theatre 4 surgical pendant,DB-L4-03D,4,230,1,1.4,,yes,C04-0212,2.5,47,
ANA-L4-003,equipment,ANA,Anaesthetic machine: day theatre 3,DB-L4-03D,4,230,1,0.7,,Y,C04-0213,2.5,35,
ANA-L4-004,equipment,ANA,Anaesthetic machine: day theatre 4,DB-L4-03D,4,230,1,1,,Y,C04-0214,2.5,15,"fed via local isolator, see dwg E-501 rev C"
DTH-L4-003,equipment,DTH,Diathermy unit: day theatre 3,DB-L4-03D,4,230,1,0.52,,N,C04-0215,2.5,18,
DTH-L4-004,equipment,DTH,Diathermy unit: day theatre 4,DB-L4-03D,4,230,1,0.54,,n,C04-0216,2.5,27,
WRM-L4-012,equipment,WRM,Warming cabinet: Day theatre 3,DB-L4-03D,4,230,1,0.8,,N,C04-0217,2.5,21,
IMG-L4-001,equipment,IMG,Mobile image intensifier: Day theatre 4,DB-L4-03D,4,230,1,2.3,,N,C04-0218,2.5,37,
WRM-L4-013,equipment,WRM,Warming cabinet: Anaesthetic room 3,DB-L4-03D,4,230,1,0.6,,N,C04-0219,2.5,10,
WRM-L4-014,equipment,WRM,Warming cabinet: Anaesthetic room 4,DB-L4-03D,4,230,1,0.5,,N,C04-0220,2.5,48,
SP-L4-061,equipment,SP,Small power: Scrub 3-4,DB-L4-03D,4,230,1,2.7,,N,C04-0221,2.5,32,label missing on site
MON-L4-012,equipment,MON,Patient monitoring: Day theatre corridor,DB-L4-03D,4,230,1,0.6,,N,C04-0222,2.5,17,
MON-L4-013,equipment,MON,Patient monitoring: Day theatre 3,DB-L4-03D,4,230,1,0.3,,N,C04-0223,2.5,8,
IHW-L4-003,equipment,IHW,Instantaneous water heater: Day theatre 4,DB-L4-03D,4,400,3,10.8,,,C04-0224,2.5,56,
SP-L4-062,equipment,SP,Small power: Anaesthetic room 3,DB-L4-03D,4,230,1,2.3,,N,C04-0225,2.5,17,
IMG-L4-002,equipment,IMG,Mobile image intensifier: Anaesthetic room 4,DB-L4-03D,4,230,1,2.3,,N,C04-0226,2.5,18,
MON-L4-014,equipment,MON,Patient monitoring: Scrub 3-4,DB-L4-03D,4,230,1,0.7,,N,C04-0227,2.5,26,
PMP-L4-001,equipment,PMP,LTHW heating pump: Dirty utility,DB-L4-04A,4,400,3,3,,N,C04-0232,2.5,9,
AHU-L4-001,equipment,AHU,Air handling unit 1: Day Surgery,DB-L4-04,4,400,3,18.5,,N,C04-0229,6,46,
AHU-L4-002,equipment,AHU,Air handling unit 2: Day Surgery,DB-L4-04,4,400,3,15,,N,C04-0230,4,26,
EF-L4-003,equipment,EF,Dirty utility extract fan: Clean utility,DB-L4-04A,4,400,3,4,,N,C04-0237,2.5,48,
DB-L4-04,board,DB   ,Level 4 mechanical services distribution board,SMSB-A,4,400,3,,340,,C04-0228,2x300,30,
EF-L4-001,equipment,EF,Kitchen extract fan: Clean utility,DB-L4-04A,4,400,3,4,,N,C04-0233,2.5,15,
HP-L4-003,equipment,HP,Heat pump: Endoscopy,DB-L4-04A,4,400,3,7.5,,N,C04-0234,2.5,9,
EF-L4-002,equipment,EF,Isolation room extract fan: Admissions lounge,DB-L4-04A,4,400,3,4,,N,C04-0235,2.5,7,
EF-L4-004,equipment,EF,Plant room extract fan: Admissions lounge,DB-L4-04A,4,400,3 ,4,,N,C04-0239,2.5,16,
DB-L4-04A,board,DB,Level 4 pumps & extract fans,DB-L4-04,4,400,3,,90,,C04-0231,50,13,
PMP-L4-002   ,equipment,PMP,Cold water booster pump: Endoscopy,DB-L4-04A,4,400,3,11,,N,C04-0238,2.5,37,
SF-L4-001,equipment,SF,Supply fan: Dirty utility,DB-L4-04A,4,400,3,1.1,,N,C04-0236,2.5,8,
FCU-L4-001,equipment,FCU,Fan coil units: Dirty utility,DB-L4-04A,4,230,1,2.4,,N,C04-0240,2.5,18,
PMP-L4-003,equipment,PMP,LTHW heating pump: Clean utility,DB-L4-04A,4,400,3,4,,N,C04-0241,2.5,7,
PMP-L4-004,equipment,PMP,Condenser water pump: Endoscopy,DB-L4-04A,4,400,3,7.5,,N,C04-0242,2.5,59,
EF-L4-005,equipment,EF,General extract fan: Admissions lounge,DB-L4-04A,4,400,3,1.5,,N,C04-0243,2.5,25,
HP-L4-004,equipment,HP,Heat pump: Dirty utility,DB-L4-04A,4,400,3,5.5,,N,C04-0244,2.5,56,
EF-L4-006,equipment,EF,General extract fan: Clean utility,DB-L4-04A,4,400,3,2.2,,N,C04-0245,2.5,44,
FCU-L4-002,equipment,FCU,Fan coil units: Endoscopy,DB-L4-04A,4,230,1,1.1,,N,C04-0246,2.5,60,
EF-L4-007,equipment,EF,Plant room extract fan: Admissions lounge (2),DB-L4-04A,4,400,3,2.2,,N,C04-0247,2.5,45,
DB-L4-04B,board,DB,Level 4 fan coil units & controls,DB-L4-04,4,230,1,,40,,C04-0248,70,24,
FCU-L4-003,equipment,FCU,Fan coil units: Staff change,DB-L4-04B,4,230,1,1.9,,N,C04-0249,2.5,21,
TEF-L4-001,equipment,TEF,Toilet extract fan: Discharge lounge,DB-L4-04B,4,230,1,0.4,,N,C04-0250,2.5,44,
FCU-L4-004,equipment,FCU,Fan coil units: Stage 2 recovery,DB-L4-04B,4,230,1,1.8,,N,C04-0251,2.5,23,
FCU-L4-009,equipment,FCU,Fan coil units: Discharge lounge,DB-L4-04B,4,230,1,1.9,,N,C04-0258,2.5,24,
FCU-L4-006,equipment,FCU,Fan coil units: Staff change (2),DB-L4-04B,4,230,1,1.8,,no,C04-0253,2.5,45,
TEF-L4-002,equipment,TEF,Toilet extract fan: Discharge lounge (2),DB-L4-04B,4,230,1,0.31,,N,C04-0254,2.5,29,
FCU-L4-007,equipment,FCU,Fan coil units: Stage 2 recovery (2),DB-L4-04B,4,230,1,1.5,,N,C04-0255,2.5,5,
FCU-L4-008,equipment,FCU,Fan coil units: Stage 1 recovery (2),DB-L4-04B,4,230,1,2.1,,N,C04-0256,2.5,45,
BMS-L4-001,equipment,BMS,BMS outstation: Staff change,DB-L4-04B,4,230,1,0.8,,N,C04-0257,2.5,32,
FCU-L4-005,equipment,FCU,Fan coil units: Stage 1 recovery,DB-L4-04B,4,230,1,1.6,,N,C04-0252,2.5,34,
BMS-L4-002,equipment,BMS,BMS outstation: Stage 2 recovery,DB-L4-04B,4,230,1,0.3,,N,C04-0259,2.5,37,
TEF-L4-003,equipment,TEF,Toilet extract fan: Stage 1 recovery,DB-L4-04B,4,230,1,0.24,,N,C04-0260,2.5,19,spare way used
FCU-L4-010,equipment,FCU,Fan coil units: Staff change (3),DB-L4-04B,4,230,1,2,,N,C04-0261,2.5,10,
BMS-L4-003,equipment,BMS,BMS outstation: Discharge lounge,DB-L4-04B,4,230,1,0.6,,N,C04-0262,2.5,11,
DB-L4-04C,board,DB,Level 4 heat pumps & supply fans,DB-L4-04,4,400,3,,130,,C04-0268,95,20,
FCU-L4-012,equipment,FCU,Fan coil units: Stage 1 recovery (3),DB-L4-04B,4,230,1,1.1,,N,C04-0264,2.5,47,
TEF-L4-004,equipment,TEF,Toilet extract fan: Staff change,DB-L4-04B,4,230,1,0.25,,N,C04-0265,2.5,48,
FCU-L4-013,equipment,FCU,Fan coil units: Discharge lounge (2),DB-L4-04B,4,230,1,1.8,,N,C04-0266,2.5,14,
FCU-L4-014,equipment,FCU,Fan coil units: Stage 2 recovery (4),DB-L4-04B,4,230,1,2.4,,N,C04-0267,2.5,32,
FCU-L4-011,equipment,FCU,Fan coil units: Stage 2 recovery (3),DB-L4-04B,4,230,1,1.8,,N,C04-0263,2.5,44,
PMP-L4-005,equipment,PMP,Condenser water pump: Discharge lounge,DB-L4-04C,4,400,3,5.5,,N,C04-0269,2.5,12,
HP-L4-005,equipment,HP,Heat pump: Dirty utility,DB-L4-04C,4,400,3,7.5,,N,C04-0270,2.5,38,
SF-L4-002,equipment,SF,Supply fan: Endoscopy,DB-L4-04C,4,400,3,4,,N,C04-0271,2.5,29,
PMP-L4-006,equipment,PMP,Chilled water pump: Day theatres corridor,DB-L4-04C,4,400,3,3,,N,C04-0272,2.5,10,
FCU-L4-015,equipment,FCU,Fan coil units: Endoscopy,DB-L4-04C,4,230,1,1.4,,no,C04-0275,2.5,39,
EF-L4-008,equipment,EF,Kitchen extract fan: Dirty utility,DB-L4-04C,4,400,3,2.2,,N,C04-0274,2.5,47,
HP-L4-006,equipment,HP,Heat pump: Discharge lounge,DB-L4-04C,4,400,3,7.5,,N,C04-0273,2.5,10,
FCU-L4-016,equipment,FCU,Fan coil units: Day theatres corridor,DB-L4-04C,4,230,1,1.9,,N,C04-0276,2.5,35,
EF-L4-009,equipment,EF,General extract fan: Discharge lounge,DB-L4-04C,4,400,3,2.2,,N,C04-0277,2.5,40,
EF-L4-012,equipment,EF,Kitchen extract fan: Discharge lounge,DB-L4-04C,4,400,3,1.5,,N,C04-0281,2.5,38,moved per RFI-112
PMP-L4-007,equipment,PMP,Cold water booster pump: Endoscopy,DB-L4-04C,4,400,3,11,,N,C04-0279,2.5,55,
EF-L4-011,equipment,EF,General extract fan: Day theatres corridor,DB-L4-04C,4,400,3,1.1,,N,C04-0280,2.5,52,
EF-L4-010,equipment,EF,Plant room extract fan: Dirty utility,DB-L4-04C,4,400,3,0.75,,N,C04-0278,2.5,16,
PMP-L4-008,equipment,PMP,Chilled water pump: Dirty utility,DB-L4-04C,4,400,3,5.5,,N,C04-0282,2.5,6,
PMP-L4-009,equipment,PMP,LTHW heating pump: Endoscopy,DB-L4-04C,4,400,3,7.5,,N,C04-0283,2.5,27,
HP-L4-007,equipment,HP,Heat pump: Day theatres corridor,DB-L4-04C,4,400,3,7.5,,N,C04-0284,2.5,29,
DB-L4-04D,board,DB,Level 4 fan coil units & controls,DB-L4-04,4,230,1,,50,,C04-0285,120,14,
FCU-L4-017,equipment,FCU,Fan coil units: Dirty utility,DB-L4-04D,4,230,1,2,,N,C04-0286,2.5,53,
FCU-L4-018,equipment,FCU,Fan coil units: Day theatres corridor,DB-L4-04D,4,230,1,2.2,,N,C04-0287,2.5,24,
FCU-L4-019,equipment,FCU,Fan coil units: Stage 2 recovery,DB-L4-04D,4,230,1,2.3,,N,C04-0288,2.5,57,
FCU-L4-020,equipment,FCU,Fan coil units: Endoscopy,DB-L4-04D,4,230,1,1.5,,N,C04-0289,2.5,55,
FCU-L4-021,equipment,FCU,Fan coil units: Dirty utility (2),DB-L4-04D,4,230,1,2.3,,N,C04-0290,2.5,34,
FCU-L4-022,equipment,FCU,Fan coil units: Day theatres corridor (2),DB-L4-04D,4,230,1,1.5,,N,C04-0291,2.5,9,
FCU-L4-023,equipment,FCU,Fan coil units: Stage 2 recovery (2),DB-L4-04D,4,230,1,1.7,,N,C04-0292,2.5,32,
FCU-L4-024,equipment,FCU,Fan coil units: Endoscopy (2),DB-L4-04D,4,230,1,2,,N,C04-0293,2.5,41,
TEF-L4-005,equipment,TEF,Toilet extract fan: Dirty utility,DB-L4-04D,4,230,1,0.48,,N,C04-0294,2.5,32,
FCU-L4-025,equipment,FCU,Fan coil units: Day theatres corridor (3),DB-L4-04D,4,230,1,2.3,,N,C04-0295,2.5,11,
FCU-L4-026,equipment,FCU,Fan coil units: Stage 2 recovery (3),DB-L4-04D,4,230,1,1.2,,N,C04-0296,2.5,40,
BMS-L4-004,equipment,BMS,BMS outstation: Endoscopy,DB-L4-04D,4,230,1,0.8,,N,C04-0297,2.5,52,
TEF-L4-006,equipment,TEF,Toilet extract fan: Dirty utility (2),DB-L4-04D,4,230,1,0.43,,N,C04-0298,2.5,14,
FCU-L4-027,equipment,FCU,Fan coil units: Day theatres corridor (4),DB-L4-04D,4,230,1,2.4,,N,C04-0299,2.5,60,
TEF-L4-008,equipment,TEF,Toilet extract fan: Day theatres corridor,DB-L4-04D,4,230,1,0.5,,N,C04-0303,2.5,16,
FCU-L4-028,equipment,FCU,Fan coil units: Endoscopy (3),DB-L4-04D,4,230,1,1.9,,N,C04-0301,2.5,47,
FCU-L4-029,equipment,FCU,Fan coil units: Dirty utility (3),DB-L4-04D,4,230,1,2.1,,N,C04-0302,2.5,24,
TEF-L4-007,equipment,TEF,Toilet extract fan: Stage 2 recovery,DB-L4-04D,4,230,1,0.39,,N,C04-0300,2.5,8,
FCU-L4-030,equipment,FCU,Fan coil units: Stage 2 recovery (4),DB-L4-04D,4,230,1,0.9,,N,C04-0304,2.5,51,
EM-L4-003,equipment,EM,Emergency lighting: stair core 1 (L4),DB-L4-E,4,230,1,0.35,,Y,C04-0306,1.5,52,
DB-L4-E,board,DB,Level 4 essential services board,SMSB-E,4,400,3,,55,,C04-0305,25,43,
EM-L4-004,equipment,EM,Emergency lighting: stair core 2 (L4),DB-L4-E,4,230,1,0.28,,Y,C04-0307,1.5,27,
EM-L4-005,equipment,EM,Emergency lighting: escape corridors (L4),DB-L4-E,4,230,1,0.44,,Y,C04-0308,1.5,26,
FA-L4-001,equipment,FA,Fire alarm panel (level 4),DB-L4-E,4,230,1,0.46,,Y,C04-0309,2.5,5,
 LTG-L4-049,equipment,LTG,Essential lighting: Dirty utility,DB-L4-E,4,230,1,1.6,,N,C04-0310,1.5,23,
SP-L4-063,equipment,SP,Essential small power: Endoscopy,DB-L4-E,4,230,1,2.1,,N,C04-0311,2.5,12,
DATA-L4-003,equipment,DATA,Comms cabinet: Stage 2 recovery,DB-L4-E,4,230,1,1.5,,N,C04-0312,2.5,38,
SP-L4-064,equipment,SP,Essential small power: Discharge lounge,DB-L4-E,4,230,1,1.5,,N,C04-0313,2.5,17,
DATA-L4-004,equipment,DATA,Comms cabinet: Dirty utility,DB-L4-E,4,230,1,1.3,,N,C04-0314,2.5,42,
ACC-L4-004,equipment,ACC,Access control panel: Endoscopy,DB-L4-E,4,230,1,0.39,,N,C04-0315,2.5,38,"tagged ""temporary"" on site, confirm with Northside M&E"
LTG-L4-050,equipment,LTG,Essential lighting: Stage 2 recovery,DB-L4-E,4,230,1,1.7,,N,C04-0316,1.5,21,
LTG-L4-051,equipment,LTG,Essential lighting: Discharge lounge,DB-L4-E,4,230,1,1.2,,N,C04-0317,1.5,29,
DATA-L4-005,equipment,DATA,Comms cabinet: Dirty utility (2),DB-L4-E,4,230,1,2.6,,,C04-0318,2.5,23,
ACC-L4-005,equipment,ACC,Access control panel: Endoscopy (2),DB-L4-E,4,230,1,0.25,,N,C04-0319,2.5,45,
SP-L4-065,equipment,SP,Essential small power: Stage 2 recovery,DB-L4-E,4,230,1,3.4,,N,C04-0320,2.5,50,
DATA-L4-006,equipment,DATA,Comms cabinet: Discharge lounge,DB-L4-E,4,230,1,1.9,,N,C04-0321,2.5,20,
SP-L4-066,equipment,SP,Essential small power: Dirty utility,DB-L4-E,4,230,1,2.8,,N,C04-0322,2.5,55,label missing on site
ACC-L4-007,equipment,ACC,Access control panel: Discharge lounge,DB-L4-E,4,230,1,0.32,,N,C04-0325,2.5,33,
SP-L4-067,equipment,SP,Essential small power: Stage 2 recovery (2),DB-L4-E,4,230,1,2.8,,N,C04-0324,2.5,37,
ACC-L4-006,equipment,ACC,Access control panel: Endoscopy (3),DB-L4-E,4,230,1,0.5,,N,C04-0323,2.5,31,
SP-L4-068,equipment,SP,Essential small power: Dirty utility (2),DB-L4-E,4,230,1,1.9,,N,C04-0326,2.5,37,
SP-L4-069,equipment,SP,Essential small power: Endoscopy (2),DB-L4-E,4,230,1,2.7,,N,C04-0327,2.5,18,to be verified at commissioning
LTG-L4-052,equipment,LTG,Essential lighting: Stage 2 recovery (2),DB-L4-E,4,230,1,1.9,,N,C04-0328,1.5,7,
DATA-L4-007,equipment,DATA,Comms cabinet: Discharge lounge (2),DB-L4-E,4,230,1,2.5,,N,C04-0329,2.5,57,
SP-L4-070,equipment,SP,Essential small power: Dirty utility (3),DB-L4-E,4,230,1,1.9,,N,C04-0330,2.5,36,
SP-L4-071,equipment,SP,Essential small power: Endoscopy (3),DB-L4-E,4,230,1,2.3,,N,C04-0331,2.5,40,
LTG-L4-053,equipment,LTG,Essential lighting: Stage 2 recovery (3),DB-L4-E,4,230,1,0.9,,N,C04-0332,1.5,39,
SP-L4-072,equipment,SP,Essential small power: Discharge lounge (2),DB-L4-E,4,230,1,2.9,,N,C04-0333,2.5,48,
DB-L5-01,board,DB,Level 5 Operating Theatres north wing distribution board,SMSB-B,5,400,3,,290,,C05-0001,300,51,
HP-L5-001,equipment,HP,Heat pump: L5 north wing,DB-L5-01,5,400,3,5.5,,N,C05-0002,2.5,36,
DATA-L5-001,equipment,DATA,Floor comms room: L5 north wing,DB-L5-01,5,230,1,1.3,,N,C05-0003,2.5,22,
DB-L5-01A,board,DB,Level 5 lighting,DB-L5-01,5,230,1,,40,,C05-0004,70,4,
LTG-L5-007,equipment,LTG,Lighting: Dirty utility (2),DB-L5-01A,5,230,1,1.5,,N,C05-0013,1.5,14,
CCTV-L5-001,equipment,CCTV,CCTV: Theatre corridor,DB-L5-01A,5,230,1,0.28,,N,C05-0006,2.5,17,
LTG-L5-001,equipment,LTG,Lighting: Sterile store,DB-L5-01A,5,230,1,1.6,,N,C05-0007,1.5,45,
LTG-L5-002,equipment,LTG,Lighting: Seminar room,DB-L5-01A,5,230,1,1.4,,N,C05-0008,1.5,24,
LTG-L5-003,equipment,LTG,Lighting: Dirty utility,DB-L5-01A,5,230,1,0.9,,N,C05-0009,1.5,15,
LTG-L5-004,equipment,LTG,Lighting: Theatre corridor,DB-L5-01A,5,230,1,1,,N,C05-0010,1.5,58,
LTG-L5-005,equipment,LTG,Lighting: Sterile store (2),DB-L5-01A,5,230,1,1.3,,N,C05-0011,1.5,51,
LTG-L5-006,equipment,LTG,Lighting: Seminar room (2),DB-L5-01A,5,230,1,1,,N,C05-0012,1.5,33,
EM-L5-001,equipment,EM,Emergency lighting: L5 north wing,DB-L5-01A,5,230,1,0.47,,Y,C05-0005,1.5,59,
LTG-L5-008,equipment,LTG,Lighting: Theatre corridor (2),DB-L5-01A,5   ,230,1,1.7,,N,C05-0014,1.5,23,
LTG-L5-009,equipment,LTG,Lighting: Sterile store (3),DB-L5-01A,5,230,1,0.8,,N,C05-0015,1.5,31,
LTG-L5-010,equipment,LTG,Lighting: Seminar room (3),DB-L5-01A,5,230,1,1.4,,N,C05-0016,1.5,39,
LTG-L5-011,equipment,LTG,Lighting: Dirty utility (3),DB-L5-01A,5,230,1,1.6,,N,C05-0017,1.5,23,
LTG-L5-012,equipment,LTG,Lighting: Theatre corridor (3),DB-L5-01A,5,230,1,1,,N,C05-0018,1.5,49,
LTG-L5-013,equipment,LTG,Lighting: Sterile store (4),DB-L5-01A,5,230,1,0.7,,N,C05-0019,1.5,58,
LTG-L5-014,equipment,LTG,Lighting: Seminar room (4),DB-L5-01A,5,230,1,1.2,,,C05-0020,1.5,41,
LTG-L5-015,equipment,LTG,Lighting: Dirty utility (4),DB-L5-01A,5,230,1,1.4,,N,C05-0021,1.5,55,
ACC-L5-001,equipment,ACC,Access control panel: Theatre corridor,DB-L5-01A,5,230,1,0.35,,N,C05-0022,2.5,40,
SP-L5-001,equipment,SP,Small power: Theatre reception,DB-L5-01B,5,230,1   ,2.1,,N,C05-0025,2.5,58,
DB-L5-01B,board,DB,Level 5 small power,DB-L5-01,5,230,1,,70,,C05-0024,185,17,
LTG-L5-016,equipment,LTG,Lighting: Sterile store (5),DB-L5-01A,5,230,1,1.4,,N,C05-0023,1.5,59,
SP-L5-009,equipment,SP,Small power: Theatre reception (3),DB-L5-01B,5,230,1,2.9,,N,C05-0033,2.5,35,
SP-L5-003,equipment,SP,Small power: Theatre corridor,DB-L5-01B,5,230,1,2.8,,N,C05-0027,2.5,60,
SP-L5-004,equipment,SP,Small power: Changing rooms,DB-L5-01B,5,230,1,2.3,,N,C05-0028,2.5,13,label missing on site
SP-L5-005,equipment,SP,Small power: Theatre reception (2),DB-L5-01B,5,230,1,3.1,,N,C05-0029,2.5,7,
SP-L5-006,equipment,SP,Small power: Coffee room (2),DB-L5-01B,5,230,1,1.8,,N,C05-0030,2.5,23,
SP-L5-007,equipment,SP,Small power: Theatre corridor (2),DB-L5-01B,5,230,1,3,,N,C05-0031,2.5,32,
SP-L5-008,equipment,SP,Small power: Changing rooms (2),DB-L5-01B,5,230,1,2.9,,N,C05-0032,2.5,16,
SP-L5-002,equipment,SP,Small power: Coffee room,DB-L5-01B,5,230,1,2,,N,C05-0026,2.5,11,
HD-L5-001,equipment,HD,Hand dryer: Coffee room,DB-L5-01B,5,230,1,1.6,,N,C05-0034,2.5,53,
BEV-L5-001,equipment,BEV,Beverage bay: Theatre corridor,DB-L5-01B,5,230,1,2.5,,N,C05-0035,2.5,50,
SP-L5-010,equipment,SP,Small power: Changing rooms (3),DB-L5-01B,5,230,1,2.5,,N,C05-0036,2.5,56,
MON-L5-001,equipment,MON,Patient monitoring: Recovery,DB-L5-01C,5,230,1,0.5,,N,C05-0045,2.5,27,
SP-L5-012,equipment,SP,Small power: Coffee room (3),DB-L5-01B,5,230,1,2.4,,N,C05-0038,2.5,9,
SP-L5-013,equipment,SP,Small power: Theatre corridor (3),DB-L5-01B,5,230,1,3.3,,N,C05-0039,2.5,18,
SP-L5-014,equipment,SP,Small power: Changing rooms (4),DB-L5-01B,5,230,1,2.3,,N,C05-0040,2.5,53,
SP-L5-011,equipment,SP,Small power: Theatre reception (4),DB-L5-01B,5,230,1,2.4,,N,C05-0037,2.5,27,
DB-L5-01C,board,DB,Level 5 recovery bed-head & nurse call,DB-L5-01,5,230,1,,50,,C05-0042,120,24,
NC-L5-001,equipment,NC,Nurse call system: Coffee room,DB-L5-01C,5,230,1,0.54,,Y,C05-0043,2.5,48,
BHP-L5-001,equipment,BHP,Bed-head power: Theatre store,DB-L5-01C,5,230,1,1.6,,N,C05-0044,2.5,60,
SP-L5-015,equipment,SP,Small power: Theatre reception (5),DB-L5-01B,5,230,1,3.4,,N,C05-0041,2.5,30,
BHP-L5-002,equipment,BHP,Bed-head power: Staff base,DB-L5-01C,5,230,1,2.9,,N,C05-0046,2.5,43,
SP-L5-016,equipment,SP,Small power: Coffee room,DB-L5-01C,5,230,1,2.5,,N,C05-0047,2.5,60,
BHP-L5-003,equipment,BHP,Bed-head power: Theatre store (2),DB-L5-01C,5,230,1,2.2,,N,C05-0048,2.5,43,
SP-L5-017,equipment,SP,Small power: Recovery,DB-L5-01C,5,230,1,1.7,,N,C05-0049,2.5,16,
SP-L5-018,equipment,SP,Small power: Staff base,DB-L5-01C,5,230,1,3.5,,N,C05-0050,2.5,12,
MON-L5-002,equipment,MON,Patient monitoring: Coffee room,DB-L5-01C,5,230,1,0.6KW,,N,C05-0051,2.5,33,
BHP-L5-004,equipment,BHP,Bed-head power: Theatre store (3),DB-L5-01C,5,230,1,2.4,,N,C05-0052,2.5,30,
MON-L5-003,equipment,MON,Patient monitoring: Recovery (2),DB-L5-01C,5,230,1,0.8,,N,C05-0053,2.5,19,
BHP-L5-005,equipment,BHP,Bed-head power: Staff base (2),DB-L5-01C,5,230,1,2.1,,N,C05-0054,2.5,23,
BHP-L5-006,equipment,BHP,Bed-head power: Coffee room,DB-L5-01C,5,230,1,1.6,,N,C05-0055,2.5,34,
DB-L5-01D,board,DB,Level 5 theatre support equipment,DB-L5-01,5,400,3,,70,,C05-0059,35,24,
SP-L5-019,equipment,SP,Small power: Recovery (2),DB-L5-01C,5,230,1,3,,N,C05-0057,2.5,14,
BHP-L5-008,equipment,BHP,Bed-head power: Staff base (3),DB-L5-01C,5,230,1,2,,N,C05-0058,2.5,18,
BHP-L5-007,equipment,BHP,Bed-head power: Theatre store (4),DB-L5-01C,5,230,1,1.6,,N,C05-0056,2.5,41,
WRM-L5-001,equipment,WRM,Warming cabinet: Dirty utility,DB-L5-01D,5,230,1,0.5,,N,C05-0060,2.5,41,
SP-L5-020,equipment,SP,Small power: Theatre store,DB-L5-01D,5,230,1,2.6,,N,C05-0061,2.5,11,
WRM-L5-002,equipment,WRM,Warming cabinet: Coffee room,DB-L5-01D,5,230,1,0.6,,N,C05-0062,2.5,20,
SP-L5-021,equipment,SP,Small power: Holding bay,DB-L5-01D,5,230,1,2.9,,N,C05-0063,2.5,22,
FRG-L5-001,equipment,FRG,Medicines fridge: Dirty utility,DB-L5-01D,5,230,1,0.37,,N,C05-0064,2.5,48,
FRG-L5-002,equipment,FRG,Medicines fridge: Theatre store,DB-L5-01D,5,230,1,0.38,,N,C05-0065,2.5,51,
WRM-L5-003,equipment,WRM,Warming cabinet: Coffee room (2),DB-L5-01D,5,230,1,0.5,,N,C05-0066,2.5,15,
SP-L5-022,EQUIPMENT,SP,Small power: Holding bay (2),DB-L5-01D,5,230,1,2.1,,N,C05-0067,2.5,54,
SP-L5-023,equipment,SP,Small power: Dirty utility,DB-L5-01D,5,230,1,1.5,,N,C05-0068,2.5,58,
IHW-L5-001,equipment,IHW,Instantaneous water heater: Theatre store,DB-L5-01D,5,400,3,9,,N,C05-0069,2.5,36,
MON-L5-004,equipment,MON,Patient monitoring: Coffee room,DB-L5-01D,5,230,1,0.8,,N,C05-0070,2.5,24,
SP-L5-024,equipment,SP,Small power: Holding bay (3),DB-L5-01D,5,230,1,2.6,,N,C05-0071,2.5,34,
FRG-L5-003,EQUIPMENT,FRG,Medicines fridge: Dirty utility (2),DB-L5-01D,5,230,1,0.25,,N,C05-0072,2.5,43,
MON-L5-005,equipment,MON,Patient monitoring: Theatre store,DB-L5-01D,5,230,1,0.7,,N,C05-0073,2.5,9,
DB-L5-02,board,DB,Level 5 theatres 1-4 distribution board,SMSB-B,5,400,3,,190,,C05-0078,150,33,
SP-L5-026,equipment,SP,Small power: Holding bay (4),DB-L5-01D,5,230,1,2.1,,N,C05-0075,2.5,60,
WRM-L5-004,equipment,WRM,Warming cabinet: Dirty utility (2),DB-L5-01D,5,230,1,0.7,,N,C05-0076,2.5,16,
SP-L5-027,equipment,SP,Small power: Theatre store (2),DB-L5-01D,5,230,1,2,,N,C05-0077,2.5,42,
SP-L5-025,equipment,SP,Small power: Coffee room,DB-L5-01D,5,230,1,2.8,,N,C05-0074,2.5,51,
UPS-L5-001,equipment,UPS,Theatres 1-4 UPS,DB-L5-02,5,400,3,20,,Y,C05-0079,6,37,
THL-L5-002,equipment,THL,Theatre 2 operating light,DB-L5-02A,5,230,1,0.8,,Y,C05-0082,2.5,17,
THL-L5-001,equipment,THL,Theatre 1 operating light,DB-L5-02A,5,230,1,1,,Y,C05-0081,2.5,9,
DB-L5-02A,board,DB,Level 5 theatres 1-2 lighting & small power,DB-L5-02,5,230,1,,45,,C05-0080,95,16,
EM-L5-002,equipment,EM,Emergency lighting: theatres 1-2,DB-L5-02A,5,230,1,0.33,,Y,C05-0083,1.5,14,
LTG-L5-017,equipment,LTG,Lighting: Theatre 1,DB-L5-02A,5,230,1,1.6,,N,C05-0084,1.5,13,
SP-L5-028,equipment,SP,Small power: Theatre 2,DB-L5-02A,5,230,1,2,,N,C05-0085,2.5,37,
LTG-L5-018,equipment,LTG,Lighting: Anaesthetic room 1,DB-L5-02A,5,230,1,1.5,,N,C05-0086,1.5,32,
SP-L5-029,equipment,SP,Small power: Anaesthetic room 2,DB-L5-02A,5,230,1,2.3,,N,C05-0087,2.5,30,label missing on site
SP-L5-030,equipment,SP,Small power: Scrub 1-2,DB-L5-02A,5,230,1,3.5,,N,C05-0088,2.5,38,
LTG-L5-019,equipment,LTG,Lighting: Theatre corridor,DB-L5-02A,5,230,1,1.5,,N,C05-0089,1.5,13,
SP-L5-031,equipment,SP,Small power: Theatre 1,DB-L5-02A,5,230,1,2.3,,N,C05-0090,2.5,53,
SP-L5-032,equipment,SP,Small power: Theatre 2 (2),DB-L5-02A,5,230,1,2.1,,N,C05-0091,2.5,5,
SP-L5-033,equipment,SP,Small power: Anaesthetic room 1,DB-L5-02A,5,230,1,3.2,,N,C05-0092,2.5,6,
LTG-L5-020,equipment,LTG,Lighting: Anaesthetic room 2,DB-L5-02A,5,230,1,1.3,,N,C05-0093,1.5,17,IR test re-done after snag
LTG-L5-021,equipment,LTG,Lighting: Scrub 1-2,DB-L5-02A,5,230,1,1.1,,N,C05-0094,1.5,48,
LTG-L5-022,equipment,LTG,Lighting: Theatre corridor (2),DB-L5-02A,5,230,1,0.6,,N,C05-0095,1.5,31,
LTG-L5-023,equipment,LTG,Lighting: Theatre 1 (2),DB-L5-02A,5,230,1,1.9,,N,C05-0096,1.5,48,
SP-L4-031,equipment,SP,Small power: Stage 1 recovery (2) (relocated),DB-L4-02B,4,230,1,3,,N,C04-0109,2.5,24,
DB-L5-02B,board,DB,Level 5 theatres 1-2 clinical equipment,DB-L5-02,5,400,3,,65,,C05-0099,35,23,
FRG-L5-004,equipment,FRG,Medicines fridge: Anaesthetic room 1,DB-L5-02A,5,230,1,0.4,,N,C05-0098,2.5,24,
LTG-L5-024,equipment,LTG,Lighting: Theatre 2,DB-L5-02A,5,230,1,0.8,,N,C05-0097,1.5,51,
DTH-L5-002,equipment,DTH,Diathermy unit: theatre 2,DB-L5-02B,5,230,1,0.3,,N,C05-0105,2.5,54,
PEND-L5-002,equipment,PEND,Theatre 2 surgical pendant,DB-L5-02B,5,230,1,1.9,,Y,C05-0101,2.5,42,
ANA-L5-001,equipment,ANA,Anaesthetic machine: theatre 1,DB-L5-02B,5,230,1,0.9,,Y,C05-0102,2.5,15,
ANA-L5-002,equipment,ANA,Anaesthetic machine: theatre 2,DB-L5-02B,5,230,1,0.5,,Y,C05-0103,2.5,14,
DTH-L5-001,equipment,DTH,Diathermy unit: theatre 1,DB-L5-02B,5, 230,1,0.54,,N,C05-0104,2.5,60,
PEND-L5-001,equipment,PEND,Theatre 1 surgical pendant,DB-L5-02B,5,230,1,1.3,,Y,C05-0100,2.5,10,
SP-L5-034,equipment,SP,Small power: Theatre 1,DB-L5-02B,5,230,1,2.3,,N,C05-0106,2.5,41,
SP-L5-035,equipment,SP,Small power: Theatre 2,DB-L5-02B,5,230,1,2.5,,N,C05-0107,2.5,46,
IHW-L5-002,equipment,IHW,Instantaneous water heater: Anaesthetic room 1,DB-L5-02B,5,400,3,12,,N,C05-0108,2.5,44,
MON-L5-006,equipment,MON,Patient monitoring: Anaesthetic room 2,DB-L5-02B,5,230,1,0.4,,N,C05-0109,2.5,30,
SP-L5-036,equipment,SP,Small power: Scrub 1-2,DB-L5-02B,5,230,1,2.8,,N,C05-0110,2.5,39,
SP-L5-037,equipment,SP,Small power: Theatre corridor,DB-L5-02B,5,230,1,1.6,,N,C05-0111,2.5,46,
SP-L5-038,equipment,SP,Small power: Theatre 1 (2),DB-L5-02B,5,230,1,2.4,,N,C05-0112,2.5,52,
IHW-L5-003,EQUIPMENT,IHW,Instantaneous water heater: Theatre 2,DB-L5-02B,5,400,3,12,,N,C05-0113,2.5,8,
MON-L5-007,equipment,MON,Patient monitoring: Anaesthetic room 1,DB-L5-02B,5,230,1,0.4,,N,C05-0114,2.5,8,
DB-L5-02C,board,DB,Level 5 theatres 3-4 lighting & small power,DB-L5-02,5,230,1,,40,,C05-0115,70,14,as-built per site instruction SI-045
THL-L5-003,equipment,THL,Theatre 3 operating light,DB-L5-02C,5,230,1,0.9,,Y,C05-0116,2.5,47,
THL-L5-004,equipment,THL,Theatre 4 operating light,DB-L5-02C,5,230,1,0.8,,Y,C05-0117,2.5,37,
EM-L5-003,equipment,EM,Emergency lighting: theatres 3-4,DB-L5-02C,5,230,1,0.42,,Y,C05-0118,1.5,50,
SP-L5-039,equipment,SP,Small power: Theatre 3,DB-L5-02C,5,230,1,1.8,,N,C05-0119,2.5,45,
SP-L5-040,equipment,SP,Small power: Theatre 4,DB-L5-02C,5,230,1,2.5,,N,C05-0120,2.5,48,
WRM-L5-005,equipment,WRM,Warming cabinet: Anaesthetic room 3,DB-L5-02C,5,230,1,0.7,,N,C05-0121,2.5,36,
LTG-L5-025,equipment,LTG,Lighting: Anaesthetic room 4,DB-L5-02C,5,230,1,1.9,,N,C05-0122,1.5,50,route changed to avoid MRI shielding
LTG-L5-026,equipment,LTG,Lighting: Scrub 3-4,DB-L5-02C,5,230,1,1.1,,N,C05-0123,1.5,11,
SP-L5-041,equipment,SP,Small power: Theatre corridor,DB-L5-02C,5,230,1,1.6,,N,C05-0124,2.5,50,
LTG-L5-027,equipment,LTG,Lighting: Theatre 3,DB-L5-02C,5,230,1,1.5,,N,C05-0125,1.5,21,
LTG-L5-028,equipment,LTG,Lighting: Theatre 4,DB-L5-02C,5,230,1,1.3,,n,C05-0126,1.5,45,
SP-L5-042,equipment,SP,Small power: Anaesthetic room 3,DB-L5-02C,5,230,1,2.8,,N,C05-0127,2.5,26,
LTG-L5-029,equipment,LTG,Lighting: Anaesthetic room 4 (2),DB-L5-02C,5,230,1,0.7,,N,C05-0128,1.5,44,
LTG-L5-030,equipment,LTG,Lighting: Scrub 3-4 (2),DB-L5-02C,5,230,1,1.5,,N,C05-0129,1.5,34,
LTG-L5-031,equipment,LTG,Lighting: Theatre corridor,DB-L5-02C,5,230,1,1.1,,N,C05-0130,1.5,44,
SP-L5-043,equipment,SP,Small power: Theatre 3 (2),DB-L5-02C,5,230,1,3.3,,N,C05-0131,2.5,48,
PEND-L5-004,equipment,PEND,Theatre 4 surgical pendant,DB-L5-02D,5,230,1,1,,Y,C05-0134,2.5,5,
PEND-L5-003,equipment,PEND,Theatre 3 surgical pendant,DB-L5-02D,5,230,1,1.8,,Y,C05-0133,2.5,28,
DB-L5-02D,board,DB,Level 5 theatres 3-4 clinical equipment,DB-L5-02,5,400,3,,40,,C05-0132,16,20,
ANA-L5-003,equipment,ANA,Anaesthetic machine: theatre 3,DB-L5-02D,5,230,1,0.6,,Y,C05-0135,2.5,15,
ANA-L5-004,equipment,ANA,Anaesthetic machine: theatre 4,DB-L5-02D,5,230,1,0.9,,Y,C05-0136,2.5,51,
DTH-L5-003,equipment,DTH,Diathermy unit: theatre 3,DB-L5-02D,5,230,1,0.55,,N,C05-0137,2.5,31,
DTH-L5-004,equipment,DTH,Diathermy unit: theatre 4,DB-L5-02D,5   ,230,1,0.59,,N,C05-0138,2.5,48,
IMG-L5-001,equipment,IMG,Mobile image intensifier: Theatre 3,DB-L5-02D,5,230,1,2.3,,n,C05-0139,2.5,22,
ENDO-L5-001,equipment,ENDO,Endoscopy stack: Theatre 4,DB-L5-02D,5,230,1,1.1,,N,C05-0140,2.5,22,
WRM-L5-006,equipment,WRM,Warming cabinet: Anaesthetic room 3,DB-L5-02D,5,230,1,0.8,,0,C05-0141,2.5,15,
SP-L5-044,equipment,SP,Small power: Anaesthetic room 4,DB-L5-02D,5,230,1,1.9,,N,C05-0142,2.5,15,route changed to avoid MRI shielding
SP-L5-045,equipment,SP,Small power: Scrub 3-4,DB-L5-02D,5,230,  1  ,2.5,,N,C05-0143,2.5,20,
WRM-L5-007,equipment,WRM,Warming cabinet: Theatre corridor,DB-L5-02D,5,230,1,0.5,,N,C05-0144,2.5,38,
ENDO-L5-002,equipment,ENDO,Endoscopy stack: Theatre 3,DB-L5-02D,5,230,1,0.8,,N,C05-0145,2.5,14,
SP-L5-046,equipment,SP,Small power: Theatre 4,DB-L5-02D,5,230,1,2.3,,N,C05-0146,2.5,48,
MON-L5-008,equipment,MON,Patient monitoring: Anaesthetic room 3,DB-L5-02D,5,230,1,0.4,,N,C05-0147,2.5,22,
MON-L5-009,equipment,MON,Patient monitoring: Anaesthetic room 4,DB-L5-02D,5,230,1,0.4,,N,C05-0148,2.5,11,
LTG-L5-032,equipment,LTG,Lighting: Theatre 5,DB-L5-03A,5,230,1,1.5,,N,C05-0155,1.5,22,
UPS-L5-002,equipment,UPS,Theatres 5-8 UPS,DB-L5-03,5,400,3,20,,Y,C05-0150,6,5,
DB-L5-03A,board,DB,Level 5 theatres 5-6 lighting & small power,DB-L5-03,5,230,1,,45,,C05-0151,95,14,
THL-L5-005,equipment,THL,Theatre 5 operating light,DB-L5-03A,5,230,1,1.1,,Y,C05-0152,2.5,48,
THL-L5-006,equipment,THL,Theatre 6 operating light,DB-L5-03A,5,230,1,1.2,,Y,C05-0153,2.5,20,
EM-L5-004,equipment,EM,Emergency lighting: theatres 5-6,DB-L5-03A,5,230,1,0.32,,Y,C05-0154,1.5,55,
DB-L5-03,board,DB,Level 5 theatres 5-8 distribution board,SMSB-B,5,400,3,,190,,C05-0149,150,39,
SP-L5-047,equipment,SP,Small power: Theatre 6,DB-L5-03A,5,230,1,2.4,,N,C05-0156,2.5,18,
SP-L5-048,equipment,SP,Small power: Anaesthetic room 5,DB-L5-03A,5,230,1,1.7,,N,C05-0157,2.5,45,
FRG-L5-005,equipment,FRG,Medicines fridge: Anaesthetic room 6,DB-L5-03A,5,230,1,0.44,,N,C05-0158,2.5,8,
LTG-L5-033,equipment,LTG,Lighting: Scrub 5-6,DB-L5-03A,5,230,1,0.9,,N,C05-0159,1.5,5,
LTG-L5-034,equipment,LTG,Lighting: Theatre corridor,DB-L5-03A,5,230,1,1.5,,N,C05-0160,1.5,45,
SP-L5-049,equipment,SP,Small power: Theatre 5,DB-L5-03A,5,230,1,2.3,,N,C05-0161,2.5,8,
SP-L5-050,equipment,SP,Small power: Theatre 6 (2),DB-L5-03A,5,230,1,3.2,,N,C05-0162,2.5,23,
PEND-L5-005,equipment,PEND,Theatre 5 surgical pendant,DB-L5-03B,5,230,1,1.7,,Y,C05-0168,2.5,23,
DTH-L5-005,equipment,DTH,Diathermy unit: theatre 5,DB-L5-03B,5,230,1,0.5,,N,C05-0172,2.5,34,
LTG-L5-036,equipment,LTG,Lighting: Scrub 5-6 (2),DB-L5-03A,5,230,1,1.3,,N,C05-0165,1.5,19,
LTG-L5-037   ,equipment,LTG,Lighting: Theatre corridor (2),DB-L5-03A,5,230,1,0.6,,N,C05-0166,1.5,32,
DTH-L5-006,equipment,DTH,Diathermy unit: theatre 6,DB-L5-03B,5,230,1,0.35,,N,C05-0173,2.5,15,
FRG-L5-006,equipment,FRG,Medicines fridge: Anaesthetic room 5,DB-L5-03A,5,230,1,0.22,,N,C05-0163,2.5,5,
PEND-L5-006,equipment,PEND,Theatre 6 surgical pendant,DB-L5-03B,5,230,1,1.8,,Y,C05-0169,2.5,56,
ANA-L5-005,equipment,ANA,Anaesthetic machine: theatre 5,DB-L5-03B,5,230,1,0.9,,Y,C05-0170,2.5,17,
ANA-L5-006,equipment,ANA,Anaesthetic machine: theatre 6,DB-L5-03B,5,230,1,0.9,,Y,C05-0171,2.5,37,
LTG-L5-035,equipment,LTG,Lighting: Anaesthetic room 6,DB-L5-03A,5,230,1,2,,N,C05-0164,1.5,45,
DB-L5-03B,board,DB,Level 5 theatres 5-6 clinical equipment,DB-L5-03,5,400,3,,55,,C05-0167,25,23,
EM-L5-005,equipment,EM,Emergency lighting: theatres 7-8,DB-L5-03C,5,230,1,0.36,,Y,C05-0186,1.5,18,
IHW-L5-004,equipment,IHW,Instantaneous water heater: Theatre 6,DB-L5-03B,5,400,3,9,,N,C05-0175,2.5,40,
MON-L5-011,equipment,MON,Patient monitoring: Anaesthetic room 5,DB-L5-03B,5,230,1,0.6,,N,C05-0176,2.5,56,
SP-L5-051,equipment,SP,Small power: Anaesthetic room 6,DB-L5-03B,5,230,1,3.5,,N,C05-0177,2.5,14,
IMG-L5-002,equipment,IMG,Mobile image intensifier: Scrub 5-6,DB-L5-03B,5,230,1,1.9,,N,C05-0178,2.5,37,
DB-L5-03C,board,DB,Level 5 theatres 7-8 lighting & small power,DB-L5-03,5,230,1,,45,,C05-0183,95,19,
SP-L5-052,equipment,SP,Small power: Theatre 5,DB-L5-03B,5,230,1,1.5,,N,C05-0180,2.5,55,
MON-L5-010,equipment,MON,Patient monitoring: Theatre 5,DB-L5-03B,5,230,1,0.6,,N,C05-0174,2.5,8,
IMG-L5-003,equipment,IMG,Mobile image intensifier: Anaesthetic room 5,DB-L5-03B,5,230,1,1.6,,N,C05-0182,2.5,45,

WRM-L5-008,equipment,WRM,Warming cabinet: Theatre corridor,DB-L5-03B,5,230,1,0.6,,N,C05-0179,2.5,40,
THL-L5-007,equipment,THL,Theatre 7 operating light,DB-L5-03C,5,230,1,1.4,,Y,C05-0184,2.5,16,
WRM-L5-011,equipment,WRM,Warming cabinet: Theatre 7,DB-L5-03C,5,230,1,0.4,,N,C05-0193,2.5,9,
WRM-L5-009,equipment,WRM,Warming cabinet: Theatre 6,DB-L5-03B,5,230,1,0.7,,N,C05-0181,2.5,46,
SP-L5-053,equipment,SP,Small power: Theatre 7,DB-L5-03C,5,230,1,3.4,,N,C05-0187,2.5,10,
LTG-L5-038,equipment,LTG,Lighting: Theatre 8,DB-L5-03C,5,230,1,0.5,,N,C05-0188,1.5,5,
LTG-L5-039,equipment,LTG,Lighting: Anaesthetic room 7,DB-L5-03C,5,230,1,0.8,,N,C05-0189,1.5,58,
LTG-L5-040,equipment,LTG,Lighting: Anaesthetic room 8,DB-L5-03C,5,230,1,1.5,,N,C05-0190,1.5,13,
SP-L5-054,equipment,SP,Small power: Scrub 7-8,DB-L5-03C,5,230,1,3.2,,N,C05-0191,2.5,37,"rating taken from nameplate, not O&M manual"
WRM-L5-010,equipment,WRM,Warming cabinet: Theatre corridor,DB-L5-03C,5,230,1,0.8,,N,C05-0192,2.5,58,
THL-L5-008,equipment,THL,Theatre 8 operating light,DB-L5-03C,5,230,1,1.4,,Y,C05-0185,2.5,17,
LTG-L5-041,equipment,LTG,Lighting: Theatre 8 (2),DB-L5-03C,5,230,1,0.5,,N,C05-0194,1.5,24,
LTG-L5-042,equipment,LTG,Lighting: Anaesthetic room 7 (2),DB-L5-03C,5,230,1,0.8,,N,C05-0195,1.5,31,
LTG-L5-043,equipment,LTG,Lighting: Anaesthetic room 8 (2),DB-L5-03C,5,230,1,1.6,,N,C05-0196,1.5,10,
SP-L5-055,equipment,SP,Small power: Scrub 7-8 (2),DB-L5-03C,5,230,1,2.2,,N,C05-0197,2.5,40,
LTG-L5-044,equipment,LTG,Lighting: Theatre corridor,DB-L5-03C,5,230,1,1.8,,N,C05-0198,1.5,40,
SP-L5-056,equipment,SP,Small power: Theatre 7 (2),DB-L5-03C,5,230,1,3.4,,N,C05-0199,2.5,47,
SP-L5-057,equipment,SP,Small power: Theatre 8,DB-L5-03C,5,230,1,1.7,,N,C05-0200,2.5,29,
DB-L5-03D,BOARD,DB,Level 5 theatres 7-8 clinical equipment,DB-L5-03,5,400,3,,30,,C05-0201,10,24,
PEND-L5-007,equipment,PEND,Theatre 7 surgical pendant,DB-L5-03D,5,230,1,1.4,,Y,C05-0202,2.5,51,
PEND-L5-008,equipment,PEND,Theatre 8 surgical pendant,DB-L5-03D,5,230,1,1.4,,Y,C05-0203,2.5,39,
ANA-L5-007,equipment,ANA,Anaesthetic machine: theatre 7,DB-L5-03D,5,230,1,0.9,,Y,C05-0204,2.5,21,
ANA-L5-008,equipment,ANA,Anaesthetic machine: theatre 8,DB-L5-03D,5,230,1,0.6,,Y,C05-0205,2.5,23,
DTH-L5-007,equipment,DTH,Diathermy unit: theatre 7,DB-L5-03D,5,230,1,0.41,,N,C05-0206,2.5,42,
DTH-L5-008,equipment,DTH,Diathermy unit: theatre 8,DB-L5-03D,5,230,1,0.41,,N,C05-0207,2.5,59,
MON-L5-012,equipment,MON,Patient monitoring: Theatre 7,DB-L5-03D,5,230,1,0.6,,N,C05-0208,2.5,32,
WRM-L5-012,equipment,WRM,Warming cabinet: Theatre 8,DB-L5-03D,5,230,1,0.8,,N,C05-0209,2.5,43,
IHW-L5-005,equipment,IHW,Instantaneous water heater: Anaesthetic room 7,DB-L5-03D,5,400,3,9KW,,N,C05-0210,2.5,5,
MON-L5-013,equipment,MON,Patient monitoring: Anaesthetic room 8,DB-L5-03D,5,230,1,0.4,,N,C05-0211,2.5,57,
MON-L5-014,equipment,MON,Patient monitoring: Scrub 7-8,DB-L5-03D,5,230,1,0.5,,N,C05-0212,2.5,24,
SP-L5-058,equipment,SP,Small power: Theatre corridor,DB-L5-03D,5,230,1,2.4,,N,C05-0213,2.5,23,
MON-L5-015,equipment,MON,Patient monitoring: Theatre 7 (2),DB-L5-03D,5,230,1,0.4,,N,C05-0214,2.5,6,
MON-L5-016,equipment,MON,Patient monitoring: Theatre 8,DB-L5-03D,5,230,1,0.4,,N,C05-0215,2.5,9,IR test re-done after snag
WRM-L5-013,equipment,WRM,Warming cabinet: Anaesthetic room 7,DB-L5-03D,5,230,1,0.4,,N,C05-0216,2.5,60,
MON-L5-017,equipment,MON,Patient monitoring: Anaesthetic room 8 (2),DB-L5-03D,5,230,1,0.3,,N,C05-0217,2.5,50,
MON-L5-018,equipment,MON,Patient monitoring: Scrub 7-8 (2),DB-L5-03D,5,230,1,0.6,,N,C05-0218,2.5,11,
ENDO-L5-003,equipment,ENDO,Endoscopy stack: Theatre corridor,DB-L5-03D,5,230,1,0.7,,N,C05-0219,2.5,44,
DB-L5-04,board,DB,Level 5 mechanical services distribution board,SMSB-B,5,400,3,,420,,C05-0220,2x300,49,
AHU-L5-001,equipment,AHU,Air handling unit 1: Operating Theatres,DB-L5-04,5,400,3,22,,N,C05-0221,6,40,
AHU-L5-002,equipment,AHU,Air handling unit 2: Operating Theatres,DB-L5-02A,5,400,3,22,,N,C05-0222,6,19,
AHU-L5-003,equipment,AHU,Air handling unit 3: Operating Theatres,DB-L5-04,5,400,3,7.5,,N,C05-0223,2.5,9,
AHU-L5-004,equipment,AHU,Air handling unit 4: Operating Theatres,DB-L5-04,5,400,3,22,,N,C05-0224,6,50,
DB-L5-04A,board,DB,Level 5 pumps & extract fans,DB-L5-04,5,400,3,,140,,C05-0225,95,22,"fed via local isolator, see dwg E-501 rev C"
BMS-L5-001,equipment,BMS,BMS outstation: Recovery,DB-L5-04A,5,230,1,0.6,,N,C05-0226,2.5,40,
PMP-L5-001,equipment,PMP,Chilled water pump: Dirty utility,DB-L5-04A,5,400,3,11,,N,C05-0227,2.5,46,
FCU-L5-001,equipment,FCU,Fan coil units: Dirty utility,DB-L5-04A,5,230,1,1,,N,C05-0231,2.5,17,
EF-L5-001,equipment,EF,Isolation room extract fan: Sterile store,DB-L5-04A,5,400,3,3,,N,C05-0229,2.5,57,
EF-L5-002,equipment,EF,Isolation room extract fan: Recovery,DB-L5-04A,5,400,3,4,,N,C05-0230,2.5,37,
SF-L5-001,equipment,SF,Supply fan: Holding bay,DB-L5-04A,5,400,3,4,,N,C05-0228,2.5,55,
FCU-L5-002,equipment,FCU,Fan coil units: Holding bay,DB-L5-04A,5,230,1   ,1.7,,N,C05-0232,2.5,47,
FCU-L5-003,equipment,FCU,Fan coil units: Sterile store,DB-L5-04A,5,230,1,2,,N,C05-0233,2.5,42,
BMS-L5-002,equipment,BMS,BMS outstation: Recovery (2),DB-L5-04A,5,230,1,0.7,,N,C05-0234,2.5,48,
EF-L5-003,equipment,EF,Plant room extract fan: Dirty utility,DB-L5-04A,5,400,3,0.75,,N,C05-0235,2.5,18,
PMP-L5-002,equipment,PMP,Cold water booster pump: Holding bay,DB-L5-04A,5,400,3,3,,N,C05-0236,2.5,26,
EF-L5-004,equipment,EF,Dirty utility extract fan: Sterile store,DB-L5-04A,5,400,3,1.5,,N,C05-0237,2.5,54,
EF-L5-005,equipment,EF,Kitchen extract fan: Recovery,DB-L5-04A,5,400,3,0.75,,N,C05-0238,2.5,8,
HP-L5-002,equipment,HP,Heat pump: Dirty utility,DB-L5-04A,5,400,3,5.5,,N,C05-0239,2.5,18,
SF-L5-002,equipment,SF,Supply fan: Sterile store,DB-L5-04A,5,400,3,3,,N,C05-0241,2.5,51,
FCU-L5-004,equipment,FCU,Fan coil units: Holding bay (2),DB-L5-04A,5,230,1,1.3,,N,C05-0240,2.5,25,
HP-L5-003,equipment,HP,Heat pump: Recovery,DB-L5-04A,5,400,3,15,,N,C05-0242,4,5,
PMP-L5-003,equipment,PMP,Cold water booster pump: Dirty utility,DB-L5-04A,5,400,3,5.5,,N,C05-0243,2.5,22,
BMS-L5-003,equipment,BMS,BMS outstation: Holding bay,DB-L5-04A,5,230,1,0.9,,no,C05-0244,2.5,19,
DB-L5-04B,board,DB,Level 5 fan coil units & controls,DB-L5-04,5,230,1,,30,,C05-0245,50,23,
FCU-L5-005,equipment,FCU,Fan coil units: Clean utility,DB-L5-04B,5,230,1,1.4,,N,C05-0246,2.5,52,
BMS-L5-004,equipment,BMS,BMS outstation: Staff base,DB-L5-04B,5,230,1,0.5,,N,C05-0253,2.5,17,
FCU-L5-007,equipment,FCU,Fan coil units: Theatre corridor,DB-L5-04B,5,230,1,1.6,,N,C05-0248,2.5,48,
TEF-L5-001,equipment,TEF,Toilet extract fan: Staff base,DB-L5-04B,5,230,1,0.35,,,C05-0249,2.5,9,
FCU-L5-008,equipment,FCU,Fan coil units: Clean utility (2),DB-L5-04B,5,230,1,1.3,,N,C05-0250,2.5,11,
FCU-L5-009,equipment,FCU,Fan coil units: Theatre reception (2),DB-L5-04B,5,230,1,1.6,,N,C05-0251,2.5,31,
FCU-L5-010,equipment,FCU,Fan coil units: Theatre corridor (2),DB-L5-04B,5,230,1,1.4,,N,C05-0252,2.5,41,moved per RFI-112
FCU-L5-006,equipment,FCU,Fan coil units: Theatre reception,DB-L5-04B,5,230,1,2.2,,N,C05-0247,2.5,28,to be verified at commissioning
FCU-L5-011,equipment,FCU,Fan coil units: Clean utility (3),DB-L5-04B,5,230,1,1.5,,N,C05-0254,2.5,50,
FCU-L5-012,equipment,FCU,Fan coil units: Theatre reception (3),DB-L5-04B,5,230,1,1.7,,N,C05-0255,2.5,33,
FCU-L5-013,equipment,FCU,Fan coil units: Theatre corridor (3),DB-L5-04B,5,230,1,2.2,,N,C05-0256,2.5,8,
BMS-L5-005,equipment,BMS,BMS outstation: Theatre reception,DB-L5-04B,5,230,1,0.5,,N,C05-0259,2.5,6,
FCU-L5-015,equipment,FCU,Fan coil units: Clean utility (4),DB-L5-04B,5,230,1,1.2,,N,C05-0258,2.5,43,
FCU-L5-014,equipment,FCU,Fan coil units: Staff base,DB-L5-04B,5,230,1,2.5,,N,C05-0257,2.5,52,
FCU-L5-016,equipment,FCU,Fan coil units: Theatre corridor (4),DB-L5-04B,5,230,1,0.9,,N,C05-0260,2.5,41,
FCU-L5-017,equipment,FCU,Fan coil units: Staff base (2),DB-L5-04B,5,230,1,1.2,,N,C05-0261,2.5,12,
TEF-L5-002,equipment,TEF,Toilet extract fan: Clean utility,DB-L5-04B,5,230,1,0.21,,N,C05-0262,2.5,19,
BMS-L5-006,equipment,BMS,BMS outstation: Theatre reception (2),DB-L5-04B,5,230,1,0.5,,N,C05-0263,2.5,49,
DB-L5-04C,board,DB,Level 5 ultra-clean ventilation,DB-L5-04,5,400,3,,75,,C05-0264,50,14,
UCV-L5-001,equipment,UCV,Ultra-clean ventilation canopy: theatre 1,DB-L5-04C,5,400,3,5.5,,N,C05-0265,2.5,12,
UCV-L5-002,equipment,UCV,Ultra-clean ventilation canopy: theatre 2,DB-L5-04C,5,400,3,3,,N,C05-0266,2.5,39,
UCV-L5-003,equipment,UCV,Ultra-clean ventilation canopy: theatre 3,DB-L5-04C,5,400,3,3,,N,C05-0267,2.5,13,
UCV-L5-004,equipment,UCV,Ultra-clean ventilation canopy: theatre 4,DB-L5-04C,5,400,3,5.5,,N,C05-0268,2.5,52,
UCV-L5-005,equipment,UCV,Ultra-clean ventilation canopy: theatre 5,DB-L5-04C,5,400,3,5.5,,N,C05-0269,2.5,55,
UCV-L5-006,equipment,UCV,Ultra-clean ventilation canopy: theatre 6,DB-L5-04C,5,400,3,5.5,,N,C05-0270,2.5,50,
UCV-L5-007,equipment,UCV,Ultra-clean ventilation canopy: theatre 7,DB-L5-04C,5,400,3,3,,N,C05-0271,2.5,27,
UCV-L5-008,equipment,UCV,Ultra-clean ventilation canopy: theatre 8,DB-L5-04C,5,400,3,4,,N,C05-0272,2.5,12,
BMS-L5-007,equipment,BMS,BMS outstation: Seminar room,DB-L5-04C,5,230,1,1,,N,C05-0273,2.5,6,
BMS-L5-008,equipment,BMS,BMS outstation: Theatre reception,DB-L5-04C,5,230,1,0.9,,N,C05-0274,2.5,8,
EF-L5-006,equipment,EF,Kitchen extract fan: Theatre store,DB-L5-04C,5,400,3,4,,0,C05-0275,2.5,50,
DB-L5-04D,board,DB,Level 5 fan coil units & controls,DB-L5-04,5,230,1,,45,,C05-0276,95,20,
FCU-L5-018,EQUIPMENT,FCU,Fan coil units: Dirty utility,DB-L5-04D,5,230,1,2,,N,C05-0277,2.5,38,
FCU-L5-019,equipment,FCU,Fan coil units: Clean utility,DB-L5-04D,5,230,1,1.4,,N,C05-0278,2.5,21,
TEF-L5-003,equipment,TEF,Toilet extract fan: Sterile store,DB-L5-04D,5,230,1,0.52,,N,C05-0279,2.5,29,
TEF-L5-004,equipment,TEF,Toilet extract fan: Staff base,DB-L5-04D,5,230,1,0.42,,N,C05-0280,2.5,12,
FCU-L5-020,equipment,FCU,Fan coil units: Dirty utility (2),DB-L5-04D,5,230,1,0.8,,N,C05-0281,2.5,57,
FCU-L5-021,equipment,FCU,Fan coil units: Clean utility (2),DB-L5-04D,5,230,1,1,,0,C05-0282,2.5,29,
TEF-L5-005,equipment,TEF,Toilet extract fan: Sterile store (2),DB-L5-04D,5,230,1,0.46,,N,C05-0283,2.5,6,
FCU-L5-022,equipment,FCU,Fan coil units: Staff base,DB-L5-04D,5,230,1,1.6,,N,C05-0284,2.5,6,
TEF-L5-006,equipment,TEF,Toilet extract fan: Dirty utility,DB-L5-04D,5,230,1,0.52,,N,C05-0285,2.5,35,
FCU-L5-023,equipment,FCU,Fan coil units: Clean utility (3),DB-L5-04D,5,230,1,0.8,,N,C05-0286,2.5,41,
TEF-L5-007,equipment,TEF,Toilet extract fan: Sterile store (3),DB-L5-04D,5,230,1,0.49,,N,C05-0287,2.5,53,
FCU-L5-024,equipment,FCU,Fan coil units: Staff base (2),DB-L5-04D,5,230,1,1.5,,N,C05-0288,2.5,42,
FCU-L5-028,equipment,FCU,Fan coil units: Dirty utility (3),DB-L5-04D,5,230,1,2.1,,N,C05-0293,2.5,16,
FCU-L5-025,equipment,FCU,Fan coil units: Clean utility (4),DB-L5-04D,5,230,1,1.1,,N,C05-0290,2.5,36,
FCU-L5-026,equipment,FCU,Fan coil units: Sterile store,DB-L5-04D,5,230,1,2.3,,N,C05-0291,2.5,15,
FCU-L5-027,equipment,FCU,Fan coil units: Staff base (3),DB-L5-04D,5,230,1,2.4,,N,C05-0292,2.5,41,
TEF-L5-008,equipment,TEF,Toilet extract fan: Dirty utility (2),DB-L5-04D,5,230,1,0.24,,N,C05-0289,2.5,40,
DB-L5-E,board,DB,Level 5 essential services board,SMSB-E,5,400,3,,75,,C05-0294,50,40,
EM-L5-006,equipment,EM,Emergency lighting: stair core 1 (L5),DB-L5-E,5,230,1,0.28,,Y,C05-0295,1.5,46,
EM-L5-007,equipment,EM,Emergency lighting: stair core 2 (L5),DB-L5-E,5,230,1,0.41,,Y,C05-0296,1.5,13,
EM-L5-008,equipment,EM,Emergency lighting: escape corridors (L5),DB-L5-E,5,230,1,0.48,,Y,C05-0297,1.5,49,
FA-L5-001,equipment,FA,Fire alarm panel (level 5),DB-L5-E,5,230,1,0.32,,Y,C05-0298,2.5,40,
LTG-L5-045,equipment,LTG,Essential lighting: Changing rooms,DB-L5-E,5,230,1,1.7,,N,C05-0299,1.5,51,
LTG-L5-046,equipment,LTG,Essential lighting: Theatre store,DB-L5-E,5,230,1,1.3,,N,C05-0300,1.5,27,
DATA-L5-002,equipment,DATA,Comms cabinet: Theatre corridor,DB-L5-E,5,230,1,1.6,,N,C05-0310,2.5,26,
LTG-L5-048,equipment,LTG,Essential lighting: Theatre corridor,DB-L5-E,5,230,1,1.7,,N,C05-0302,1.5,36,IR test re-done after snag
CCTV-L5-002,equipment,CCTV,CCTV: Changing rooms,DB-L5-E,5,230,1,0.36,,N,C05-0303,2.5,55,
SP-L5-059,equipment,SP,Essential small power: Theatre store,DB-L5-E,5,230,1,2.9,,N,C05-0304,2.5,7,
BMS-L5-009,equipment,BMS,BMS outstation: Clean utility, DB-L5-E,5,230,1,0.8,,N,C05-0305,2.5,13,
ACC-L5-002,equipment,ACC,Access control panel: Theatre corridor,DB-L5-E,5,230,1,0.36,,N,C05-0306,2.5,22,
LTG-L5-049,equipment,LTG,Essential lighting: Changing rooms (2),DB-L5-E,5,230,1 ,1.4,,N,C05-0307,1.5,19,
SP-L5-060,equipment,SP,Essential small power: Theatre store (2),DB-L5-E,5,230,1,2.3,,N,C05-0308,2.5,41,
LTG-L5-047,equipment,LTG,Essential lighting: Clean utility,DB-L5-E,5,230,1,1.1,,N,C05-0301,1.5,60,
LTG-L5-050,equipment,LTG,Essential lighting: Clean utility (2),DB-L5-E,5,230,1,1.3,,N,C05-0309,1.5,56,
SP-L5-061,equipment,SP,Essential small power: Changing rooms,DB-L5-E,5,230,1,3.3,,N,C05-0311,2.5,5,
LTG-L5-051,equipment,LTG,Essential lighting: Theatre store (2),DB-L5-E,5,230,1,1.3,,N,C05-0312,1.5,56,
LTG-L5-052,equipment,LTG,Essential lighting: Clean utility (3),DB-L5-E,5,230,1,1.8,,N,C05-0313,1.5,34,
SP-L5-062,equipment,SP,Essential small power: Theatre corridor,DB-L5-E,5,230,1,3,,N,C05-0314,2.5,34,
SP-L5-063,equipment,SP,Essential small power: Changing rooms (2),DB-L5-E,5,230,1,2.2,,N,C05-0315,2.5,36,
SP-L5-064,equipment,SP,Essential small power: Theatre store (3),DB-L5-E,5,230,1,3.4,,N,C05-0316,2.5,43,
SP-L5-065,equipment,SP,Essential small power: Clean utility,DB-L5-E,5,230,1,3.1,,N,C05-0317,2.5,31,
SP-L5-066,equipment,SP,Essential small power: Theatre corridor (2),DB-L5-E,5,230,1,3.3,,N,C05-0318,2.5,38,
LTG-L5-053,equipment,LTG,Essential lighting: Changing rooms (3),DB-L5-E,5,230,1,1,,N,C05-0319,1.5,9,
LTG-L5-054,equipment,LTG,Essential lighting: Theatre store (3),DB-L5-E,5,230,1,1.2,,N,C05-0320,1.5,29,
LTG-L5-055,equipment,LTG,Essential lighting: Clean utility (4),DB-L5-E,5,230,1,0.8,,N,C05-0321,1.5,59,
LTG-L5-056,equipment,LTG,Essential lighting: Theatre corridor (2),DB-L5-E,5,230,1,1.4,,N,C05-0322,1.5,47,
LTG-L5-057,equipment,LTG,Essential lighting: Changing rooms (4),DB-L5-E,5,230,1,1.2,,N,C05-0323,1.5,54,RCBO replaced 14/09
DB-L6-01,board,DB,Level 6 Intensive Care Unit north wing distribution board,SMSB-B,6,400,3,,180,,C06-0001,150,54,
HP-L6-001,equipment,HP,Heat pump: L6 north wing,DB-L6-01,6,400,3,11,,N,C06-0002,2.5,25,
DATA-L6-001,equipment,DATA,Floor comms room: L6 north wing,DB-L6-01,6,230,1,2,,N,C06-0003,2.5,5,
DB-L6-01A,board,DB,Level 6 lighting,DB-L6-01,6,230,1,,45,,C06-0004,95,5,
EM-L6-001,equipment,EM,Emergency lighting: L6 north wing,DB-L6-01A,6,230,1,0.3,,Y,C06-0005,1.5,26,
LTG-L6-001,equipment,LTG,Lighting: Equipment store,DB-L6-01A,6,230,1,0.8,,N,C06-0006,1.5,53,
LTG-L6-002,equipment,LTG,Lighting: Seminar room,DB-L6-01A,6,230,1,1.9,,N,C06-0007,1.5,17,
LTG-L6-008,equipment,LTG,Lighting: Nurse base (2),DB-L6-01A,6,230,1,0.8,,N,C06-0013,1.5,12,
LTG-L6-004,equipment,LTG,Lighting: Nurse base,DB-L6-01A,6,230,1,1.9,,N,C06-0009,1.5,50,
LTG-L6-005,equipment,LTG,Lighting: Equipment store (2),DB-L6-01A,6,230,1,1.7,,N,C06-0010,1.5,23,
LTG-L6-006,equipment,LTG,Lighting: Seminar room (2),DB-L6-01A,6,230,1,1.2,,N,C06-0011,1.5,57,
LTG-L6-007,equipment,LTG,Lighting: Dirty utility (2),DB-L6-01A,6,230,1,1.1,,N,C06-0012,1.5,37,
LTG-L6-003,equipment,LTG,Lighting: Dirty utility,DB-L6-01A,6,230,1,1.9,,N,C06-0008,1.5,44,
LTG-L6-009,equipment,LTG,Lighting: Equipment store (3),DB-L6-01A,6,230,1,1.1,,N,C06-0014,1.5,40,
LTG-L6-010,equipment,LTG,Lighting: Seminar room (3),DB-L6-01A,  6  ,230,1,1.5,,N,C06-0015,1.5,43,
SP-L6-001,equipment,SP,Small power: Relatives room,DB-L6-01B,6,230,1,2.9,,N,C06-0024,2.5,17,
SP-L6-002,equipment,SP,Small power: Clean utility,DB-L6-01B,6,230,1,2.4,,N,C06-0025,2.5,48,
LTG-L6-013,equipment,LTG,Lighting: Equipment store (4),DB-L6-01A,6,230,1,1.3,,N,C06-0018,1.5,15,
LTG-L6-014,equipment,LTG,Lighting: Seminar room (4),DB-L6-01A,6,230,1,1.2,,N,C06-0019,1.5,50,
LTG-L6-015,equipment,LTG,Lighting: Dirty utility (4),DB-L6-01A,6,230,1,0.8,,N,C06-0020,1.5,54,
LTG-L6-016,equipment,LTG,Lighting: Nurse base (4),DB-L6-01A,6,230,1,1.5,,N,C06-0021,1.5,44,
LTG-L6-017,equipment,LTG,Lighting: Equipment store (5),DB-L6-01A,6,230,1,1.8,,N,C06-0022,1.5,38,
DB-L6-01B,board,DB,Level 6 small power,DB-L6-01,6,230,1,,55,,C06-0023,120,3,
LTG-L6-011,equipment,LTG,Lighting: Dirty utility (3),DB-L6-01A,6,230,1,1.8,,N,C06-0016,1.5,30,
LTG-L6-012,equipment,LTG,Lighting: Nurse base (3),DB-L6-01A,6,230,1, 1.6 kW,,N,C06-0017,1.5,6,spare way used
SP-L6-003,equipment,SP,Small power: Nurse base,DB-L6-01B,6,230,1,2.4,,N,C06-0026,2.5,51,
SP-L6-004,equipment,SP,Small power: Seminar room,DB-L6-01B,6,230,1,1.7,,,C06-0027,2.5,28,
SP-L6-005,EQUIPMENT,SP,Small power: Relatives room (2),DB-L6-01B,6,230,1,2.6,,N,C06-0028,2.5,25,
SP-L6-006,equipment,SP,Small power: Clean utility (2),DB-L6-01B,6,230,1,1.8,,N,C06-0029,2.5,14,
SP-L6-007,equipment,SP,Small power: Nurse base (2), DB-L6-01B,6,230,1,1.8,,N,C06-0030,2.5,37,
SP-L6-008,equipment,SP,Small power: Seminar room (2),DB-L6-01B,6,230,1,2.3,,N,C06-0031,2.5,37,
SP-L6-009,equipment,SP,Small power: Relatives room (3), DB-L6-01B,6,230,1,2.7,,N,C06-0032,2.5,14,
SP-L6-010,equipment,SP,Small power: Clean utility (3),DB-L6-01B,6,230,1,2.1,,N,C06-0033,2.5,58,
HW-L6-001,equipment,HW,Water heater: Nurse base,DB-L6-01B,6,230,1,2.3,,N,C06-0034,2.5,13,
SP-L6-011,equipment,SP,Small power: Seminar room (3),DB-L6-01B,6,230,1,2.6,,N,C06-0035,2.5,22,
SP-L6-012,equipment,SP,Small power: Relatives room (4),DB-L6-01B,6,230,1,1.9,,N,C06-0036,2.5,14,
SP-L6-013,equipment,SP,Small power: Clean utility (4),DB-L6-01B,6,230,1,1.6,,N,C06-0037,2.5,26,
SP-L6-014,equipment,SP,Small power: Nurse base (3),DB-L6-01B,6,230,1,2.7,,N,C06-0038,2.5,53,
HD-L6-001,equipment,HD,Hand dryer: Seminar room,DB-L6-01B,6,230,1,2.1,,N,C06-0039,2.5,41,
SP-L6-015,equipment,SP,Small power: Relatives room (5),DB-L6-01B,6,230,1,3.2,,N,C06-0040,2.5,13,
DB-L6-01C,board,DB,Level 6 bed spaces bed-head & nurse call,DB-L6-01,6,230,1,,35,,C06-0041,70,5,
NC-L6-001,equipment,NC,Nurse call system: ICU bed spaces 7-12,DB-L6-01C,6,230,1,0.29,,Y,C06-0042,2.5,22,
BHP-L6-001,equipment,BHP,Bed-head power: Seminar room,DB-L6-01C,6,230,1,2.7 kW,,Y,C06-0043,2.5,45,
VENT-L6-001,equipment,VENT,Ventilator circuit: Staff rest,DB-L6-01C,6,230,1,0.7,,Y,C06-0044,2.5,43,
BHP-L6-002,equipment,BHP,Bed-head power: ICU bed spaces 1-6,DB-L6-01C,6,230,1,2.4,,Y,C06-0045,2.5,38,
SP-L6-016,equipment,SP,Small power: ICU bed spaces 7-12,DB-L6-01C,6,230,1,2.4,,,C06-0046,2.5,37,
MON-L6-001,equipment,MON,Patient monitoring: Seminar room,DB-L6-01C,6,230,1,0.6,,N,C06-0047,2.5,18,
MON-L6-002,equipment,MON,Patient monitoring: Staff rest,DB-L6-01C,6,230,1,0.4,,N,C06-0048,2.5,10,
BHP-L6-003,equipment,BHP,Bed-head power: ICU bed spaces 1-6 (2),DB-L6-01C,6,230,1,2,,Y,C06-0049,2.5,45,
MON-L6-003,equipment,MON,Patient monitoring: ICU bed spaces 7-12,DB-L6-01C,6,230,1,0.3,,N,C06-0050,2.5,7,
SP-L6-017,equipment,SP,Small power: Seminar room,DB-L6-01C,6,230,1,1.7,,N,C06-0051,2.5,12,
MON-L6-005,equipment,MON,Patient monitoring: ICU bed spaces 1-6,DB-L6-01C,6,230,1,0.8,,N,C06-0057,2.5,32,
VENT-L6-003,equipment,VENT,Ventilator circuit: ICU bed spaces 1-6,DB-L6-01C,6,230,1,0.6,,Y,C06-0053,2.5,49,
MON-L6-004,equipment,MON,Patient monitoring: ICU bed spaces 7-12 (2),DB-L6-01C,6,230,1,0.6,,N,C06-0054,2.5,45,
BHP-L6-004,equipment,BHP,Bed-head power: Seminar room (2),DB-L6-01C,6,230,1,1.8,,Y,C06-0055,2.5,56,
BHP-L6-005,equipment,BHP,Bed-head power: Staff rest,DB-L6-01C,6,230,1,2.1,,Y,C06-0056,2.5,13,
VENT-L6-002,equipment,VENT,Ventilator circuit: Staff rest (2),DB-L6-01C,6,230,1,0.8,,Y,C06-0052,2.5,22,
DB-L6-01D,board,DB,Level 6 bed spaces equipment,DB-L6-01,6,400,3,,45,,C06-0058,25,16,
MON-L6-006,equipment,MON,Patient monitoring: Dirty utility,DB-L6-01D,6,230,1,0.4,,N,C06-0059,2.5,58,
WRM-L6-001,equipment,WRM,Warming cabinet: Staff rest,DB-L6-01D,6,230,1,0.6,,,C06-0060,2.5,18,
SP-L6-018,equipment,SP,Small power: ICU bed spaces 7-12,DB-L6-01D,6,230,1,3.1,,N,C06-0061,2.5,12,
SP-L6-019,equipment,SP,Small power: ICU bed spaces 1-6,DB-L6-01D,6,230,1,2.6,,,C06-0062,2.5,26,
SP-L6-020,equipment,SP,Small power: Dirty utility,DB-L6-01D,6,230,1,1.8,,N,C06-0063,2.5,15,
SP-L6-021,equipment,SP,Small power: Staff rest,DB-L6-01D,6,230,1,2.5,,N,C06-0064,2.5,24,
SP-L6-022,equipment,SP,Small power: ICU bed spaces 7-12 (2),DB-L6-01D,6,230,1,1.9,,N,C06-0065,2.5,26,
MON-L6-007,equipment,MON,Patient monitoring: ICU bed spaces 1-6,DB-L6-01D,6,230,1,0.6,,N,C06-0066,2.5,48,
MON-L6-008,equipment,MON,Patient monitoring: Dirty utility (2),DB-L6-01D,6,230,1,0.5,,N,C06-0067,2.5,34,
IHW-L6-001,equipment,IHW,Instantaneous water heater: Staff rest,DB-L6-01D,6,400,3,10.8,,N,C06-0068,2.5,46,
MON-L6-010,equipment,MON,Patient monitoring: Dirty utility (3),DB-L6-01D,6,230,1,0.4,,N,C06-0071,2.5,46,
MON-L6-009,equipment,MON,Patient monitoring: ICU bed spaces 1-6 (2),DB-L6-01D,6,230,1,0.6,,N,C06-0070,2.5,52,
SP-L6-023,equipment,SP,Small power: ICU bed spaces 7-12 (3),DB-L6-01D,6,230,1,3.4,,,C06-0069,2.5,46,
MON-L6-011,equipment,MON,Patient monitoring: Staff rest,DB-L6-01D,6,230,1,0.7,,N,C06-0072,2.5,7,
MON-L6-012,equipment,MON,Patient monitoring: ICU bed spaces 7-12,DB-L6-01D,6,230,1,0.5,,N,C06-0073,2.5,43,
MON-L6-013,equipment,MON,Patient monitoring: ICU bed spaces 1-6 (3),DB-L6-01D,6,230,1,0.3,,N,C06-0074,2.5,16,
MON-L6-014,equipment,MON,Patient monitoring: Dirty utility (4),DB-L6-01D,6,230,1,0.4,,N,C06-0075,2.5,21,
DB-L6-02,board,DB,Level 6 Intensive Care Unit south wing distribution board,SMSB-B,6,400,3,,190,,C06-0076,150,37,
HP-L6-002,equipment,HP,Heat pump: L6 south wing,DB-L6-02,6,400,3,11,,N,C06-0077,2.5,29,
DATA-L6-002,equipment,DATA,Floor comms room: L6 south wing,DB-L6-02,6,230,1,2.5,,N,C06-0078,2.5,35,moved per RFI-112
DB-L6-02A,board,DB,Level 6 lighting,DB-L6-02,6,230,1,,30,,C06-0079,50,11,
LTG-L6-018,equipment,LTG,Lighting: Isolation rooms,DB-L6-02A,6,230,1,0.9,,N,C06-0081,1.5,40,
EM-L6-002,equipment,EM,Emergency lighting: L6 south wing,DB-L6-02A,6,230,1,0.39,,Y,C06-0080,1.5,54,
CCTV-L6-001,equipment,CCTV,CCTV: Relatives room,DB-L6-02A,6,230,1,0.47,,N,C06-0083,2.5,18,
LTG-L6-019,equipment,LTG,Lighting: Staff rest,DB-L6-02A,6,230,1,0.8,,N,C06-0082,1.5,23,
LTG-L6-020,equipment,LTG,Lighting: Corridor,DB-L6-02A,6,230,1,0.5,,N,C06-0084,1.5,40,
LTG-L6-021,equipment,LTG,Lighting: Isolation rooms (2),DB-L6-02A,6,230,1,1.9,,N,C06-0085,1.5,19,
ACC-L6-001,equipment,ACC,Access control panel: Staff rest,DB-L6-02A,6,230,1,0.38,,N,C06-0086,2.5,49,
LTG-L6-022,equipment,LTG,Lighting: Relatives room,DB-L6-02A,6,230,1,1.1,,N,C06-0087,1.5,48,
LTG-L6-023,equipment,LTG,Lighting: Corridor (2),DB-L6-02A,6,230,1,1.3,,N,C06-0088,1.5,32,
LTG-L6-024,equipment,LTG,Lighting: Isolation rooms (3),DB-L6-02A,6,230,1,0.6,,N,C06-0089,1.5,7,
LTG-L6-025,equipment,LTG,Lighting: Staff rest (2),DB-L6-02A,6,230,1,1.1,,N,C06-0090,1.5,25,
LTG-L6-026,equipment,LTG,Lighting: Relatives room (2),DB-L6-02A,6,230,1,0.9,,N,C06-0091,1.5,51,
LTG-L6-027,equipment,LTG,Lighting: Corridor (3),DB-L6-02A,6,230,1,0.7,,N,C06-0092,1.5,27,
LTG-L6-028,equipment,LTG,Lighting: Isolation rooms (4),DB-L6-02A,6,230,1,1.8,,N,C06-0093,1.5,13,
LTG-L6-029,equipment,LTG,Lighting: Staff rest (3),DB-L6-02A,6,230,1,1.9,,N,C06-0094,1.5,58,
LTG-L6-030,equipment,LTG,Lighting: Relatives room (3),DB-L6-02A,6,230,1,1.9,,N,C06-0095,1.5,29,
LTG-L6-031,equipment,LTG,Lighting: Corridor (4),DB-L6-02A,6,230,1,1.1,,N,C06-0096,1.5,46,
DB-L6-02B,board,DB,Level 6 small power,DB-L6-02,6,230,1,,60,,C06-0097,150,6,
SP-L6-024,equipment,SP,Small power: Relatives room,DB-L6-02B,6,230,1,2.3,,N,C06-0098,2.5,39,
SP-L6-025,equipment,SP,Small power: HDU bays,DB-L6-02B,6,230,1,1.7,,N,C06-0099,2.5,19,to be verified at commissioning
BEV-L6-001,equipment,BEV,Beverage bay: Isolation rooms,DB-L6-02B,6,230,1,2.1,,N,C06-0100,2.5,12,
DATA-L6-003,equipment,DATA,Comms cabinet: Isolation rooms,DB-L6-02B,6,230,1,1.9,,N,C06-0108,2.5,37,
SP-L6-026,equipment,SP,Small power: Relatives room (2),DB-L6-02B,6,230,1,2.1,,N,C06-0102,2.5,50,
SP-L6-027,equipment,SP,Small power: HDU bays (2),DB-L6-02B,6,230,1,2.6,,N,C06-0103,2.5,12,
BEV-L6-002,equipment,BEV,Beverage bay: Isolation rooms (2),DB-L6-02B,6,230,1,2.8,,N,C06-0104,2.5,28,
SP-L6-028,equipment,SP,Small power: Equipment store,DB-L6-02B,6,230,1,2,,N,C06-0105,2.5,14,
SP-L6-029,equipment,SP,Small power: Relatives room (3),DB-L6-02B,6,230,1,3.5,,0,C06-0106,2.5,34,
SP-L6-030,equipment,SP,Small power: HDU bays (3),DB-L6-02B,6,230,1,1.5,,,C06-0107,2.5,54,
HW-L6-002,equipment,HW,Water heater: Equipment store,DB-L6-02B,6,230,1,2.2,,,C06-0101,2.5,27,
SP-L6-031,equipment,SP,Small power: Equipment store (2),DB-L6-02B,6,230,1,2,,N,C06-0109,2.5,53,
SP-L6-032,equipment,SP,Small power: Relatives room (4),DB-L6-02B,6,230,1,1.9,,N,C06-0110,2.5,47,
SP-L6-033,equipment,SP,Small power: HDU bays (4),DB-L6-02B,6,230,1,2,,N,C06-0111,2.5,13,
SP-L6-034,equipment,SP,Small power: Isolation rooms,DB-L6-02B,6,230,1,2.7,,N,C06-0112,2.5,26,
BHP-L6-007,equipment,BHP,Bed-head power: ICU bed spaces 7-12,DB-L6-02C,6,230,1,1.8,,Y,C06-0119,2.5,44,
DB-L6-02C,board,DB,Level 6 bed spaces bed-head & nurse call,DB-L6-02,6,230,1,,50,,C06-0114,120,3,
MON-L6-016,equipment,MON,Patient monitoring: Nurse base,DB-L6-02C,6,230,1,0.4,,0,C06-0121,2.5,22,
MON-L6-015,equipment,MON,Patient monitoring: Isolation rooms,DB-L6-02C,6,230,1,0.7,,N,C06-0116,2.5,54,
BHP-L6-006,equipment,BHP,Bed-head power: Nurse base,DB-L6-02C,6,230,1,2.2,,Y,C06-0117,2.5,22,
SP-L6-036,equipment,SP,Small power: Staff rest,DB-L6-02C,6,230,1 ,2.6,,N,C06-0118,2.5,60,
NC-L6-002,equipment,NC,Nurse call system: ICU bed spaces 7-12,DB-L6-02C,6,230,1,0.58,,Y,C06-0115,2.5,38,
BHP-L6-008,equipment,BHP,Bed-head power: Isolation rooms,DB-L6-02C,6,230,1,1.7,,Y,C06-0120,2.5,47,
SP-L6-035,equipment,SP,Small power: Equipment store (3),DB-L6-02B,6,230,1,2.9,,N,C06-0113,2.5,55,
MON-L6-017,equipment,MON,Patient monitoring: Staff rest,DB-L6-02C,6,230,1,0.6,,N,C06-0122,2.5,21,
BHP-L6-009,equipment,BHP,Bed-head power: ICU bed spaces 7-12 (2),DB-L6-02C,6,230,1,2.4,,Y,C06-0123,2.5,11,
MON-L6-018,equipment,MON,Patient monitoring: Isolation rooms (2),DB-L6-02C,6,230,1,0.3,,N,C06-0124,2.5,32,
MON-L6-019,equipment,MON,Patient monitoring: Nurse base (2),DB-L6-02C,6,230,1,0.4,,N,C06-0125,2.5,26,
BHP-L6-010,equipment,BHP,Bed-head power: Staff rest,DB-L6-02C,6,230,1,2.2,,Y,C06-0126,2.5,33,
BHP-L6-011,equipment,BHP,Bed-head power: ICU bed spaces 7-12 (3),DB-L6-02C,6,230,1,1.5,,Y,C06-0127,2.5,36,
BHP-L6-012,equipment,BHP,Bed-head power: Isolation rooms (2),DB-L6-02C,6,230,1,2.5,,yes,C06-0128,2.5,32,
BHP-L6-013,equipment,BHP,Bed-head power: Nurse base (2),DB-L6-02C,6,230,1,2.4,,Y,C06-0129,2.5,49,
BHP-L6-014,equipment,BHP,Bed-head power: Staff rest (2),DB-L6-02C,6,230,1,2,,Y,C06-0130,2.5,15,
VENT-L6-004,equipment,VENT,Ventilator circuit: ICU bed spaces 7-12,DB-L6-02C,6,230,1,0.6,,TRUE,C06-0131,2.5,50,
SP-L6-037,equipment,SP,Small power: Clean utility,DB-L6-02D,6,230,1,1.9,,N,C06-0133,2.5,31,
MON-L6-022,equipment,MON,Patient monitoring: Relatives room (2),DB-L6-02D,6,230,1,0.3,,N,C06-0138,2.5,33,
MON-L6-020,equipment,MON,Patient monitoring: Relatives room,DB-L6-02D,6,230,1,0.4,,N,C06-0134,2.5,26,

MON-L6-021,equipment,MON,Patient monitoring: ICU bed spaces 1-6,DB-L6-02D,6,230,1,0.5,,N,C06-0135,2.5,7,
SP-L6-038,equipment,SP,Small power: Corridor,DB-L6-02D,6,230,1,1.8,,FALSE,C06-0136,2.5,28,
SP-L6-039,equipment,SP,Small power: Clean utility (2),DB-L6-02D,6,230,1,2.5,,N,C06-0137,2.5,11,
DB-L6-02D,board,DB,Level 6 bed spaces equipment,DB-L6-02,6,400,3,,55,,C06-0132,25,21,
IHW-L6-002,equipment,IHW,Instantaneous water heater: ICU bed spaces 1-6,DB-L6-02D,6,400,3,10.8,,N,C06-0139,2.5,43,
SP-L6-040,equipment,SP,Small power: Corridor (2),DB-L6-02D,6,230,1,3.2,,N,C06-0140,2.5,23,
SP-L6-041,equipment,SP,Small power: Clean utility (3),DB-L6-02D,6,230,1,2.8,,N,C06-0141,2.5,29,
SP-L6-043,equipment,SP,Small power: Clean utility (4),DB-L6-02D,6,230,1,3,,N,C06-0145,2.5,52,
SP-L6-042,equipment,SP,Small power: ICU bed spaces 1-6,DB-L6-02D,6,230,1,2.1,,N,C06-0143,2.5,41,
MON-L6-024,equipment,MON,Patient monitoring: Corridor,DB-L6-02D,6,230,1,0.4,,N,C06-0144,2.5,36,
MON-L6-023,equipment,MON,Patient monitoring: Relatives room (3),DB-L6-02D,6,230,1,0.3,,N,C06-0142,2.5,13,
MON-L6-025,equipment,MON,Patient monitoring: Relatives room (4),DB-L6-02D,6,230,1,0.5,,N,C06-0146,2.5,21,
MON-L6-029,EQUIPMENT,MON,Patient monitoring: ICU bed spaces 1-6 (3),DB-L6-02D,6,230,1,0.8,,N,C06-0151,2.5,52,
MON-L6-027,equipment,MON,Patient monitoring: Corridor (2),DB-L6-02D,6,230,1,0.3,,N,C06-0148,2.5,7,
MON-L6-028,equipment,MON,Patient monitoring: Clean utility,DB-L6-02D,6,230,1,0.8,,N,C06-0149,2.5,21,
SP-L6-044,equipment,SP,Small power: Relatives room,DB-L6-02D,6,230,1,2.6,,N,C06-0150,2.5,54,
MON-L6-026,equipment,MON,Patient monitoring: ICU bed spaces 1-6 (2),DB-L6-02D,6,230,1,0.5,,N,C06-0147,2.5,17,
DB-L6-03,board,DB,Level 6 critical care services distribution board,SMSB-B,6,400,3,,380,,C06-0152,2x300,45,
DB-L6-03A,board,DB,Level 6 critical supplies,DB-L6-03,6,400,3,,95,,C06-0153,70,8,
UPS-L6-001,equipment,UPS,ICU UPS,DB-L6-03A,6,400,3,30,,Y,C06-0154,10,17,
VENT-L6-005,equipment,VENT,Ventilator circuit: isolation 1,DB-L6-03A,6,230,1,0.9,,Y,C06-0155,2.5,34,
VENT-L6-006,equipment,VENT,Ventilator circuit: isolation 2,DB-L6-03A,6,230,1,0.9,,Y,C06-0156,2.5,45,
VENT-L6-007,equipment,VENT,Ventilator circuit: isolation 3,DB-L6-03A,6,230,1,0.6,,Y,C06-0157,2.5,21,
MON-L6-030,equipment,MON,Patient monitoring: Staff rest,DB-L6-03A,6,230,1,0.6,,N,C06-0158,2.5,60,
SP-L6-045,equipment,SP,Small power: ICU bed spaces 7-12,DB-L6-03A,6,230,1,1.9   ,,N,C06-0159,2.5,60,
SP-L6-046,equipment,SP,Small power: ICU bed spaces 1-6,DB-L6-03A,6,230,1,1.6,,0,C06-0160,2.5,25,
DIA-L6-001,equipment,DIA,Dialysis machine: Relatives room,DB-L6-03A,6,230,1,2.6,,N,C06-0161,2.5,16,
MON-L6-031,equipment,MON,Patient monitoring: Staff rest (2),DB-L6-03A,6,230,1,0.7,,N,C06-0162,2.5,51,
MON-L6-032,equipment,MON,Patient monitoring: ICU bed spaces 7-12,DB-L6-03A,6,230,1,0.3,,N,C06-0163,2.5,21,
DIA-L6-002,equipment,DIA,Dialysis machine: ICU bed spaces 1-6,DB-L6-03A,6,230,1,2.9,,N,C06-0164,2.5,6,
MON-L6-033,equipment,MON,Patient monitoring: Relatives room,DB-L6-03A,6,230,1,0.4,,N,C06-0165,2.5,40,
MON-L6-034,equipment,MON,Patient monitoring: Staff rest (3),DB-L6-03A,6,230,1,0.8,,,C06-0166,2.5,22,
MON-L6-035,equipment,MON,Patient monitoring: ICU bed spaces 7-12 (2),DB-L6-03A,6,230,1,0.4,,N,C06-0167,2.5,39,
BHP-L6-015,equipment,BHP,Bed-head power: Isolation rooms,DB-L6-03B,6,230,1,2.7,,Y,C06-0175,2.5,15,
SP-L6-047,equipment,SP,Small power: ICU bed spaces 1-6 (2),DB-L6-03A,6,230,1,1.9,,N,C06-0168,2.5,54,
SP-L6-049,equipment,SP,Small power: Staff rest,DB-L6-03A,6,230,1,2.8,,N,C06-0170,2.5,38,
SP-L6-050,equipment,SP,Small power: ICU bed spaces 7-12 (2),DB-L6-03A,6,230,1,2.2,,N,C06-0171,2.5,59,
DB-L6-03B,board,DB,Level 6 isolation rooms,DB-L6-03,6,230,1,,45,,C06-0172,95,3,
NC-L6-003,equipment,NC,Nurse call system: Relatives room,DB-L6-03B,6,230,1,0.2,,Y,C06-0173,2.5,27,
TEF-L6-001,Equipment,TEF,Toilet extract fan: ICU bed spaces 1-6,DB-L6-03B,6,230,1,0.24,,N,C06-0174,2.5,15,
SP-L6-048,equipment,SP,Small power: Relatives room,DB-L6-03A,6,230,1,2.5,,N,C06-0169,2.5,57,
BHP-L6-017,equipment,BHP,Bed-head power: Isolation rooms (2),DB-L6-03B,6,230,1,2.9,,Y,C06-0179,2.5,13,
BHP-L6-016,equipment,BHP,Bed-head power: Relatives room,DB-L6-03B,6,230,1,2.8,,Y,C06-0177,2.5,16,
SP-L6-051,equipment,SP,Small power: ICU bed spaces 1-6,DB-L6-03B,6,230,1,3.2,,N,C06-0178,2.5,9,
MON-L6-036,equipment,MON,Patient monitoring: HDU bays,DB-L6-03B,6,230,1,0.5,,N,C06-0176,2.5,56,
BHP-L6-018,equipment,BHP,Bed-head power: HDU bays,DB-L6-03B,6,230,1,1.5,,Y,C06-0180,2.5,12,
SP-L6-052,equipment,SP,Small power: Relatives room,DB-L6-03B,6,230,1,2.2,,N,C06-0181,2.5,31,
SP-L6-053,equipment,SP,Small power: Isolation rooms,DB-L6-03B,6,230,1,2.6,,N,C06-0187,2.5,10,
BHP-L6-019,equipment,BHP,Bed-head power: Isolation rooms (3),DB-L6-03B,6,230,1,1.8,,Y,C06-0183,2.5,54,
BHP-L6-020,equipment,BHP,Bed-head power: HDU bays (2),DB-L6-03B,6,230,1,1.9,,Y,C06-0184,2.5,42,
BHP-L6-021,equipment,BHP,Bed-head power: Relatives room (2),DB-L6-03B,6,230,1,2.9,,Y,C06-0185,2.5,21,label missing on site
TEF-L6-003,equipment,TEF,Toilet extract fan: ICU bed spaces 1-6 (3),DB-L6-03B,6,230,1,0.6,,N,C06-0186,2.5,18,
TEF-L6-002,equipment,TEF,Toilet extract fan: ICU bed spaces 1-6 (2),DB-L6-03B,6,230,1,0.32,,N,C06-0182,2.5,24,IR test re-done after snag
BHP-L6-022,equipment,BHP,Bed-head power: HDU bays (3),DB-L6-03B,6,230,1,2.1,,Y,C06-0188,2.5,30,
LTG-L6-032,equipment,LTG,Lighting: HDU bays,DB-L6-03C,6,230,1,1.7,,N,C06-0193,1.5,14,
DB-L6-03C,board,DB,Level 6 nurse base & relatives,DB-L6-03,6,230,1,,70,,C06-0190,185,11,
SP-L6-055,equipment,SP,Small power: Nurse base,DB-L6-03C,6,230,1,2.1,,N,C06-0191,2.5,43,
SP-L6-057,equipment,SP,Small power: Nurse base (2),DB-L6-03C,6,230,1,3.3,,N,C06-0195,2.5,21,
SP-L6-054,equipment,SP,Small power: Relatives room (2),DB-L6-03B,6,230,1,2.9,,N,C06-0189,2.5,22,
DATA-L6-004,equipment,DATA,Comms cabinet: Clean utility,DB-L6-03C,6,230,1,2.8,,N,C06-0194,2.5,34,
SP-L6-056,equipment,SP,Small power: ICU bed spaces 7-12,DB-L6-03C,6,230,1,2.9,,N,C06-0192,2.5,60,
LTG-L6-033,equipment,LTG,Lighting: ICU bed spaces 7-12,DB-L6-03C,6,230,1,1,,N,C06-0196,1.5,52,
SP-L6-058,equipment,SP,Small power: HDU bays,DB-L6-03C,6,230,1,3,,N,C06-0197,2.5,17,
FRG-L6-001,equipment,FRG,Medicines fridge: Clean utility,DB-L6-03C,6,230,1,0.31,,N,C06-0198,2.5,18,
LTG-L6-035,equipment,LTG,Lighting: Nurse base,DB-L6-03C,6,230,1,0.9,,N,C06-0203,1.5,46,
FRG-L6-002,equipment,FRG,Medicines fridge: ICU bed spaces 7-12,DB-L6-03C,6,230,1,0.46,,N,C06-0200,2.5,52,
LTG-L6-034,equipment,LTG,Lighting: HDU bays (2),DB-L6-03C,6,230,1,1.3,,N,C06-0201,1.5,10,
SP-L6-060,equipment,SP,Small power: Clean utility,DB-L6-03C,6,230,1,2.8,,N,C06-0202,2.5,18,
SP-L6-059,equipment,SP,Small power: Nurse base (3),DB-L6-03C,6,230,1,2.4,,N,C06-0199,2.5,47,
SP-L6-061,equipment,SP,Small power: ICU bed spaces 7-12 (2),DB-L6-03C,6,230,1,2.2,,N,C06-0204,2.5,26,
SP-L6-062,equipment,SP,Small power: HDU bays (2),DB-L6-03C,6,230,1,1.5,,N,C06-0205,2.5,57,
BEV-L6-003,equipment,BEV,Beverage bay: Clean utility,DB-L6-03C,6,230,1,2.1,,N,C06-0206,2.5,36,
SP-L6-063,equipment,SP,Small power: Nurse base (4),DB-L6-03C,6,230,1,2.3,,N,C06-0207,2.5,44,
SP-L6-064,equipment,SP,Small power: ICU bed spaces 7-12 (3),DB-L6-03C,6,230,1,1.9,,N,C06-0208,2.5,59,
LTG-L6-036,equipment,LTG,Lighting: HDU bays (3),DB-L6-03C,6,230,1,1.6,,N,C06-0209,1.5,29,
DB-L6-03D,board,DB,Level 6 equipment store & utilities,DB-L6-03,6,400,3,,110,,C06-0210,70,14,
IHW-L6-003,equipment,IHW,Instantaneous water heater: Isolation rooms,DB-L6-03C,6,400,3,9,,N,C06-0212,2.5,16,
SP-L6-065,equipment,SP,Small power: Corridor,DB-L6-03D,6,230,1,2.6,,N,C06-0211,2.5,41,
EF-L6-001,equipment,EF,Dirty utility extract fan: Equipment store,DB-L6-03D,6,400,3,4,,N,C06-0213,2.5,59,
EF-L6-002,equipment,EF,Isolation room extract fan: Nurse base,DB-L6-03D,6,400,3,0.75,,N,C06-0214,2.5,16,
SP-L6-066,equipment,SP,Small power: Corridor (2),DB-L6-03D,6,230,1,1.7,,N,C06-0215,2.5,45,
SP-L6-067,equipment,SP,Small power: Isolation rooms,DB-L6-03D,6,230,1,2.7,,N,C06-0216,2.5,60,
SP-L6-068,equipment,SP,Small power: Equipment store,DB-L6-03D,6,230,1,2.3,,N,C06-0217,2.5,43,
SP-L6-069,equipment,SP,Small power: Nurse base,DB-L6-03D,6,230,1,3,,N,C06-0218,2.5,29,
WD-L6-001,equipment,WD,Washer-disinfector: Corridor,DB-L6-03D,6,400,3,9,,N,C06-0219,2.5,49,to be verified at commissioning
IHW-L6-004,equipment,IHW,Instantaneous water heater: Isolation rooms (2),DB-L6-03D,6,400,3,10.8,,N,C06-0220,2.5,22,
SP-L6-070,equipment,SP,Small power: Equipment store (2),DB-L6-03D,6,230,1,3.3,,N,C06-0221,2.5,30,
SP-L6-071,equipment,SP,Small power: Nurse base (2),DB-L6-03D,6,230,1,2.5,,N,C06-0222,2.5,5,
SP-L6-072,equipment,SP,Small power: Corridor (3),DB-L6-03D,6,230,1,1.6,,N,C06-0223,2.5,52,
SP-L6-073,equipment,SP,Small power: Isolation rooms (2),DB-L6-03D,6,230,1,2.6,,N,C06-0224,2.5,51,
EF-L6-003,equipment,EF,Isolation room extract fan: Equipment store,DB-L6-03D,6,400,3,3,,N,C06-0225,2.5,10,
SP-L6-074,equipment,SP,Small power: Nurse base (3),DB-L6-03D,6,230,1,1.6,,N,C06-0226,2.5,21,
SP-L6-075,equipment,SP,Small power: Corridor (4),DB-L6-03D,6,230,1,3.3,,N,C06-0227,2.5,36,
DB-L6-04,board,DB,Level 6 mechanical services distribution board,SMSB-B,6,400,3,,350,,C06-0228,2x300,39,
AHU-L6-001,Equipment,AHU,Air handling unit 1: Intensive Care Unit,DB-L6-04,6,400,3,22,,N,C06-0229,6,7,
AHU-L6-002,equipment,AHU,Air handling unit 2: Intensive Care Unit,DB-L6-04,6,400,3,11,,N,C06-0230,2.5,24,
DB-L6-04A,board,DB,Level 6 pumps & extract fans,DB-L6-04,6,400,3,,110,,C06-0231,70,12,
EF-L6-004,equipment,EF,Isolation room extract fan: ICU bed spaces 7-12,DB-L6-04A,6,400,3,4,,N,C06-0232,2.5,48,
PMP-L6-001,equipment,PMP,Chilled water pump: Isolation rooms,DB-L6-04A,6,400,3,3,,N,C06-0233,2.5,22,
EF-L6-005,equipment,EF,Isolation room extract fan: Relatives room,DB-L6-04A,6,400,3,3,,N,C06-0234,2.5,16,
BMS-L6-001,equipment,BMS,BMS outstation: HDU bays,DB-L6-04A,6,230,1,0.4,,N,C06-0235,2.5,6,
HP-L6-003,equipment,HP,Heat pump: ICU bed spaces 7-12,DB-L6-04A,6,400,3,11,,N,C06-0236,2.5,44,
HP-L6-004,equipment,HP,Heat pump: Isolation rooms,DB-L6-04A,6,400,3,5.5,,N,C06-0241,2.5,51,
PRS-L6-001,equipment,PRS,Pressurisation unit: Relatives room,DB-L6-04A,6,230,1,1.3,,N,C06-0238,2.5,19,
SF-L6-001,equipment,SF,Supply fan: HDU bays,DB-L6-04A,6,400,3,1.1,,N,C06-0239,2.5,15,
SF-L6-002,equipment,SF,Supply fan: ICU bed spaces 7-12,DB-L6-04A,6,400,3,2.2,,N,C06-0240,2.5,31,
EF-L6-006,equipment,EF,General extract fan: Isolation rooms,DB-L6-04A,6,400,3,1.5,,N,C06-0237,2.5,58,
EF-L6-007,equipment,EF,Isolation room extract fan: Relatives room (2),DB-L6-04A,6,400,3,4,,N,C06-0242,2.5,41,
EF-L6-008,equipment,EF,Isolation room extract fan: HDU bays,DB-L6-04A,6,400,3,2.2,,N,C06-0243,2.5,52,
PMP-L6-002,equipment,PMP,Cold water booster pump: ICU bed spaces 7-12,DB-L6-04A,6,400,3,11,,N,C06-0244,2.5,53,
PMP-L6-003,equipment,PMP,Cold water booster pump: Isolation rooms,DB-L6-04A,6,400,3,5.5,,N,C06-0245,2.5,17,
SF-L6-003,equipment,SF,Supply fan: Relatives room,DB-L6-04A,6,400,3,4,,N,C06-0246,2.5,32,
EF-L6-009,equipment,EF,Kitchen extract fan: HDU bays,DB-L6-04A,6,400,3,4,,N,C06-0247,2.5,11,
PMP-L6-004,equipment,PMP,Cold water booster pump: ICU bed spaces 7-12 (2),DB-L6-04A,6,400,3,2.2,,N,C06-0248,2.5,14,
EF-L6-010,equipment,EF,Dirty utility extract fan: Isolation rooms,DB-L6-04A,6,400,3,1.1,,N,C06-0249,2.5,52,
PMP-L6-005,equipment,PMP,LTHW heating pump: Relatives room,DB-L6-04A,6,400,3,3,,N,C06-0250,2.5,22,
DB-L6-04B,board,DB,Level 6 fan coil units & controls,DB-L6-04,6,230,1,,50,,C06-0251,120,7,
FCU-L6-001,equipment,FCU,Fan coil units: Corridor,DB-L6-04B,6,230,1,2.5,,N,C06-0252,2.5,41,
TEF-L6-004,equipment,TEF,Toilet extract fan: Staff rest,DB-L6-04B,6,230,1,0.21,,N,C06-0253,2.5,39,
TEF-L6-005,equipment,TEF,Toilet extract fan: Dirty utility,DB-L6-04B,6,230,1,0.49,,N,C06-0254,2.5,54,spare way used
TEF-L6-006,equipment,TEF,Toilet extract fan: Seminar room,DB-L6-04B,6,230,1,0.32,,N,C06-0255,2.5,9,
TEF-L6-007,equipment,TEF,Toilet extract fan: Corridor,DB-L6-04B,6,230,1,0.6,,N,C06-0256,2.5,8,
FCU-L6-002,equipment,FCU,Fan coil units: Staff rest,DB-L6-04B,6,230,1,0.9,,N,C06-0257,2.5,37,
BMS-L6-002,equipment,BMS,BMS outstation: Dirty utility,DB-L6-04B,6,230,1,0.5,,N,C06-0258,2.5,57,
FCU-L6-003,equipment,FCU,Fan coil units: Seminar room,DB-L6-04B,6,230,1,1.6,,N,C06-0259,2.5,5,
FCU-L6-004,equipment,FCU,Fan coil units: Corridor (2),DB-L6-04B,6,230,1,1.3,,N,C06-0260,2.5,36,
FCU-L6-005,equipment,FCU,Fan coil units: Staff rest (2),DB-L6-04B,6,230,1,2.4,,N,C06-0261,2.5,51,
FCU-L6-006,equipment,FCU,Fan coil units: Dirty utility,DB-L6-04B,6,230,1,1.2,,N,C06-0262,2.5,49,
FCU-L6-007,equipment,FCU,Fan coil units: Seminar room (2),DB-L6-04B,6,230,1,1.9,,N,C06-0263,2.5,55,
FCU-L6-008,equipment,FCU,Fan coil units: Corridor (3),DB-L6-04B,6,230,1,0.9,,N,C06-0264,2.5,6,
FCU-L6-009,equipment,FCU,Fan coil units: Staff rest (3),DB-L6-04B,6,230,1,1.1,,N,C06-0265,2.5,7,
FCU-L6-010,equipment,FCU,Fan coil units: Dirty utility (2),DB-L6-04B,6,230,1,1.3,,,C06-0266,2.5,50,
EF-L6-011,equipment,EF,Kitchen extract fan: Corridor,DB-L6-04C,6,400,3,4,,N,C06-0274,2.5,45,
FCU-L6-012,equipment,FCU,Fan coil units: Corridor (4),DB-L6-04B,6,230,1,1.2,,N,C06-0268,2.5,10,
FCU-L6-013,equipment,FCU,Fan coil units: Staff rest (4),DB-L6-04B,6,230,1,2.2,,N,C06-0269,2.5,32,
DB-L6-04C,board,DB,Level 6 heat pumps & supply fans,DB-L6-04,6,400,3,,75,,C06-0270,50,21,
HP-L6-005,equipment,HP,Heat pump: Equipment store,DB-L6-04C,6,400,3,15,,N,C06-0271,4,21,
FCU-L6-014,equipment,FCU,Fan coil units: Dirty utility,DB-L6-04C,6,230,1,2.3,,N,C06-0272,2.5,18,
PMP-L6-006,equipment,PMP,DHW secondary pump: ICU bed spaces 1-6,DB-L6-04C,6,400,3,2.2,,N,C06-0273,2.5,28,
FCU-L6-011,equipment,FCU,Fan coil units: Seminar room (3),DB-L6-04B,6,230,1,2.4,,N,C06-0267,2.5,28,
FCU-L6-015,equipment,FCU,Fan coil units: Equipment store,DB-L6-04C,6,230,1,2.3,,N,C06-0275,2.5,39,
SF-L6-004,equipment,SF,Supply fan: Dirty utility,DB-L6-04C,6,400,3,1.1,,N,C06-0276,2.5,6,
SP-L6-079,equip.,SP,Small power: ICU seminar room,DB-L6-01B,6,230,1,2.4,,N,C06-9001,2.5,22,
EF-L6-012,equipment,EF,Dirty utility extract fan: ICU bed spaces 1-6,DB-L6-04C,6,400,3,1.5,,N,C06-0277,2.5,37,
FCU-L6-016,equipment,FCU,Fan coil units: Corridor,DB-L6-04C,6,230,1,1.9,,N,C06-0278,2.5,34,route changed to avoid MRI shielding
EF-L6-013,equipment,EF,General extract fan: Equipment store,DB-L6-04C,6,400,3,1.1,,N,C06-0279,2.5,56,
PMP-L6-007,equipment,PMP,DHW secondary pump: Dirty utility,DB-L6-04C,6,400,3,3,,N,C06-0280,2.5,8,
EF-L6-014,equipment,EF,Dirty utility extract fan: ICU bed spaces 1-6 (2),DB-L6-04C,6,400,3,1.5,,N,C06-0281,2.5,27,
PMP-L6-008,equipment,PMP,DHW secondary pump: Corridor,DB-L6-04C,6,400,3,5.5,,N,C06-0282,2.5,26,
PMP-L6-009,equipment,PMP,Condenser water pump: Equipment store,DB-L6-04C,6,400,3,3,,N,C06-0283,2.5,56,
EF-L6-015,equipment,EF,Isolation room extract fan: Dirty utility,DB-L6-04C,6,400,3,1.1,,N,C06-0284,2.5,47,
PMP-L6-010,equipment,PMP,LTHW heating pump: ICU bed spaces 1-6,DB-L6-04C,6,400,3,11,,N,C06-0285,2.5,55,
PMP-L6-011,equipment,PMP,Chilled water pump: Corridor,DB-L6-04C,6,400,3,5.5,,N,C06-0286,2.5,57,
DB-L6-04D,board,DB,Level 6 fan coil units & controls,DB-L6-04,6,230,1,,40,,C06-0287,70,6,
FCU-L6-017,equipment,FCU,Fan coil units: Seminar room,DB-L6-04D,6,230,1,1,,N,C06-0288,2.5,41,
FCU-L6-018,equipment,FCU,Fan coil units: Equipment store,DB-L6-04D,6,230,1,1.3,,N,C06-0289,2.5,6,
FCU-L6-019,equipment,FCU,Fan coil units: ICU bed spaces 7-12,DB-L6-04D,6,230,1,2,,N,C06-0290,2.5,8,
TEF-L6-008,equipment,TEF,Toilet extract fan: Clean utility,DB-L6-04D,6,230,1,0.52,,N,C06-0291,2.5,12,
BMS-L6-003,equipment,BMS,BMS outstation: Seminar room,DB-L6-04D,6,230,1,0.4,,N,C06-0292,2.5,54,
BMS-L6-004,equipment,BMS,BMS outstation: ICU bed spaces 7-12,DB-L6-04D,6,230,1,0.7,,N,C06-0294,2.5,24,
FCU-L6-020,equipment,FCU,Fan coil units: Equipment store (2),DB-L6-04D,6,230,1,1.1,,N,C06-0293,2.5,60,
FCU-L6-021,equipment,FCU,Fan coil units: Clean utility,DB-L6-04D,6,230,1,2.3,,N,C06-0295,2.5,40,
TEF-L6-009,equipment,TEF,Toilet extract fan: Clean utility (2),DB-L6-04D,6,230,1,0.28,,N,C06-0299,2.5,37,
FCU-L6-023,equipment,FCU,Fan coil units: Equipment store (3),DB-L6-04D,6,230,1,1.3,,N,C06-0297,2.5,13,
FCU-L6-024,equipment,FCU,Fan coil units: ICU bed spaces 7-12 (2),DB-L6-04D,6,230,1,2.1,,N,C06-0298,2.5,54,
FCU-L6-022,equipment,FCU,Fan coil units: Seminar room (2),DB-L6-04D,6,230,1,1.2,,N,C06-0296,2.5,12,
FCU-L6-025,equipment,FCU   ,Fan coil units: Seminar room (3),DB-L6-04D,6,230,1,1.1,,N,C06-0300,2.5,44,
BMS-L6-005,equipment,BMS,BMS outstation: Equipment store,DB-L6-04D,6,230,1,1,,N,C06-0301,2.5,52,
FCU-L6-026,equipment,FCU,Fan coil units: ICU bed spaces 7-12 (3),DB-L6-04D,6,230,1,2.1,,N,C06-0302,2.5,56,
FCU-L6-027,equipment,FCU,Fan coil units: Clean utility (2),DB-L6-04D,6,230,1,1.5,,N,C06-0303,2.5,40,
TEF-L6-010,equipment,TEF,Toilet extract fan: Seminar room,DB-L6-04D,6,230,1,0.59,,N,C06-0304,2.5,9,
FCU-L6-028,equipment,FCU,Fan coil units: Equipment store (4),DB-L6-04D,6,230,1,2,,N,C06-0305,2.5,12,
TEF-L6-011,equipment,TEF,Toilet extract fan: ICU bed spaces 7-12,DB-L6-04D,6,230,1,0.59,,N,C06-0306,2.5,45,
DB-L6-E,board,DB,Level 6 essential services board,SMSB-E,6,400,3,,35,,C06-0307,16,37,
EM-L6-003,equipment,EM,Emergency lighting: stair core 1 (L6),DB-L6-E,6,230,1,0.31,,Y,C06-0308,1.5,60,
EM-L6-004,equipment,EM,Emergency lighting: stair core 2 (L6),DB-L6-E,6,230,1,0.32,,Y,C06-0309,1.5,6,
EM-L6-005,equipment,EM,Emergency lighting: escape corridors (L6),DB-L6-E,6,230,1,0.44,,Y,C06-0310,1.5,6,
FA-L6-001,equipment,FA,Fire alarm panel (level 6),DB-L6-E,6,230,1,0.42,,Y,C06-0311,2.5,12,
LTG-L6-037,equipment,LTG,Essential lighting: ICU bed spaces 1-6,DB-L6-E,6,230,1,1.7,,N,C06-0312,1.5,12,
LTG-L6-038,equipment,LTG,Essential lighting: Clean utility,DB-L6-E,6,230,1,0.9,,N,C06-0313,1.5,32,
CCTV-L6-002,equipment,CCTV,CCTV: Corridor,DB-L6-E,6,230,1,0.23,,N,C06-0314,2.5,11,
ACC-L6-002,equipment,ACC,Access control panel: Isolation rooms,DB-L6-E,6,230,1,0.46,,N,C06-0315,2.5,5,
CCTV-L6-003,equipment,  CCTV  ,CCTV: ICU bed spaces 1-6,DB-L6-E,6,230,1,0.29,,N,C06-0316,2.5,24,
LTG-L6-039,equipment,LTG,Essential lighting: Clean utility (2),DB-L6-E,6,230,1,0.6,,N,C06-0317,1.5,43,
SP-L6-076,equipment,SP,Essential small power: Corridor,DB-L6-E,6,230,1,1.7,,N,C06-0318,2.5,58,
DATA-L6-005,equipment,DATA,Comms cabinet: Isolation rooms,DB-L6-E,6,230,1,1.2,,N,C06-0319,2.5,38,
CCTV-L6-004,equipment,CCTV,CCTV: ICU bed spaces 1-6 (2),DB-L6-E,6,230,1,0.38,,N,C06-0320,2.5,24,
LTG-L6-040,equipment,LTG,Essential lighting: Clean utility (3),DB-L6-E,6,230,1,2,,N,C06-0321,1.5,14,
LTG-L6-041,equipment,LTG,Essential lighting: Corridor,DB-L6-E,6,230,1,1.4,,N,C06-0322,1.5,22,
LTG-L6-042,equipment,LTG,Essential lighting: Isolation rooms,DB-L6-E,6,230,1,0.6,,N,C06-0323,1.5,57,
ACC-L6-003,equipment,ACC,Access control panel: ICU bed spaces 1-6,DB-L6-E,6,230,1,0.42,,N,C06-0324,2.5,29,
LTG-L6-043,equipment,LTG,Essential lighting: Clean utility (4),DB-L6-E,6,230,1,1.7,,N,C06-0325,1.5,17,
LTG-L6-044,equipment,LTG,Essential lighting: Corridor (2),DB-L6-E,6,230,1,1.5,,N,C06-0326,1.5,44,
SP-L6-077,equipment,SP,Essential small power: Isolation rooms,DB-L6-E,6,230,1,2,,0,C06-0327,2.5,41,
LTG-L6-045,equipment,LTG,Essential lighting: ICU bed spaces 1-6 (2),DB-L6-E,6,230,1,1.5,,,C06-0328,1.5,21,
BMS-L6-006,equipment,BMS,BMS outstation: Clean utility,DB-L6-E,6,230,1,0.8,,FALSE,C06-0329,2.5,6,
SP-L6-078,equipment,SP,Essential small power: Corridor (2),DB-L6-E,6,230,1,2.5,,N,C06-0330,2.5,27,
BMS-L6-007,equipment,BMS,BMS outstation: Isolation rooms,DB-L6-E,6,230,1,0.9,,N,C06-0331,2.5,48,
ACC-L6-004,equipment,ACC,Access control panel: ICU bed spaces 1-6 (2),DB-L6-E,6,230,1,0.33,,N,C06-0332,2.5,49,
DATA-L6-006,equipment,DATA,Comms cabinet: Clean utility,DB-L6-E,6,230,1,2.8,,N,C06-0333,2.5,43,
DB-L7-01,board,DB,Level 7 Maternity north wing distribution board,SMSB-B,7,400,3,,330,,C07-0001,2x300,46,
HP-L7-001,equipment,HP,Heat pump: L7 north wing,DB-L7-01,7,400,3,7.5,,N,C07-0002,2.5,7,
DATA-L7-001,equipment,DATA,Floor comms room: L7 north wing,DB-L7-01,7,230,1,2,,N,C07-0003,2.5,17,
DB-L7-01A,board,DB,Level 7 lighting,DB-L7-01,7,230,1,,30,,C07-0004,50,23,
EM-L7-001,equipment,EM,Emergency lighting: L7 north wing,DB-L7-01A,7,230,1,0.27,,Y,C07-0005,1.5,47,
LTG-L7-001,equipment,LTG,Lighting: Maternity triage,DB-L7-01A,7,230,1,1.3,,N,C07-0006,1.5,36,
ACC-L7-001,equipment,ACC,Access control panel: Midwives base,DB-L7-01A,7,230,1,0.22,,N,C07-0007,2.5,53,
LTG-L7-002,equipment,LTG,Lighting: Obstetric theatres corridor,DB-L7-01A,7,230,1,1,,N,C07-0008,1.5,27,
LTG-L7-003,equipment,LTG,Lighting: Birth rooms 7-12,DB-L7-01A,7,230,1,1.4,,N,C07-0009,1.5,51,
LTG-L7-004,equipment,LTG,Lighting: Maternity triage (2),DB-L7-01A,7,230,1,1,,N,C07-0010,1.5,8,
LTG-L7-005,equipment,LTG,Lighting: Midwives base,DB-L7-01A,7,230,1,1.9,,N,C07-0011,1.5,25,
LTG-L7-006,equipment,LTG,Lighting: Obstetric theatres corridor (2),DB-L7-01A,7,230,1,1.4,,N,C07-0012,1.5,30,
CCTV-L7-001,equipment,CCTV,CCTV: Birth rooms 7-12,DB-L7-01A,7,230,1,0.27,,N,C07-0013,2.5,12,
LTG-L7-007,equipment,LTG,Lighting: Maternity triage (3),DB-L7-01A,7,230,1,0.8,,N,C07-0014,1.5,54,
LTG-L7-008,equipment,LTG,Lighting: Midwives base (2),DB-L7-01A,7,230,1,1.5,,N,C07-0015,1.5,5,
LTG-L7-009,equipment,LTG,Lighting: Obstetric theatres corridor (3),DB-L7-01A,7,230,1,1.2,,N,C07-0016,1.5,6,
LTG-L7-010,equipment,LTG,Lighting: Birth rooms 7-12 (2),DB-L7-01A,7,230,1 ,0.8,,N,C07-0017,1.5,49,
LTG-L7-011,equipment,LTG,Lighting: Maternity triage (4),DB-L7-01A,7,230,1,1.7,,N,C07-0018,1.5,7,
LTG-L7-012,equipment,LTG,Lighting: Midwives base (3),DB-L7-01A,7,230,1,1.7,,N,C07-0019,1.5,41,
LTG-L7-013,equipment,LTG,Lighting: Obstetric theatres corridor (4),DB-L7-01A,7,230,1,0.8,,N,C07-0020,1.5,51,
LTG-L7-014,equipment,LTG,Lighting: Birth rooms 7-12 (3),DB-L7-01A,7,230,1,1.9,,N,C07-0021,1.5,32,
LTG-L7-015,equipment,LTG,Lighting: Maternity triage (5),DB-L7-01A,7,230,1,1.2,,N,C07-0022,1.5,35,
DB-L7-01B,board,DB,Level 7 small power,DB-L7-01,7,230,1,,60,,C07-0023,150,16,
HD-L7-001,equipment,HD,Hand dryer: Reception,DB-L7-01B,7,230,1,1.2,,N,C07-0024,2.5,51,
SP-L7-001,equipment,SP,Small power: Obstetric theatres corridor,DB-L7-01B,7,230,1,2.6,,N,C07-0026,2.5,48,
HD-L7-002,equipment,HD,Hand dryer: Birth rooms 1-6,DB-L7-01B,7,230,1,1.4,,N,C07-0025,2.5,12,
HW-L7-001,equipment,HW,Water heater: Postnatal ward,DB-L7-01B,7,230,1,2.5,,N,C07-0027,2.5,10,
SP-L7-002,equipment,SP,Small power: Reception,DB-L7-01B,7,230,1,2.1,,N,C07-0028,2.5,28,"fed via local isolator, see dwg E-501 rev C"
SP-L7-003,equipment,SP,Small power: Birth rooms 1-6,DB-L7-01B,7,230,1,2.3,,N,C07-0029,2.5,6,
SP-L7-004,equipment,SP,Small power: Obstetric theatres corridor (2),DB-L7-01B,7,230,1,3,,N,C07-0030,2.5,44,
SP-L7-005,equipment,SP,Small power: Postnatal ward,DB-L7-01B,7,230,1,2.8,,N,C07-0031,2.5,12,
SP-L7-006,EQUIPMENT,SP,Small power: Reception (2),DB-L7-01B,7,230,1,2,,N,C07-0032,2.5,16,
SP-L7-007,equipment,SP,Small power: Birth rooms 1-6 (2),DB-L7-01B,7,230,1,3.5,,N,C07-0033,2.5,13,
SP-L7-008,equipment,SP,Small power: Obstetric theatres corridor (3),DB-L7-01B,7,230,1,2.5,,N,C07-0034,2.5,11,
SP-L7-009,equipment,SP,Small power: Postnatal ward (2),DB-L7-01B,7,230,1,2.2,,N,C07-0035,2.5,31,
SP-L7-010,equipment,SP,Small power: Reception (3),DB-L7-01B,7,230,1,2.8,,N,C07-0036,2.5,60,
SP-L7-011,equipment,SP,Small power: Birth rooms 1-6 (3),DB-L7-01B,7,230,1,1.9,,N,C07-0037,2.5,34,
SP-L7-014,equipment,SP,Small power: Birth rooms 1-6 (4),DB-L7-01B,7,230,1,2.8,,N,C07-0041,2.5,23,
HW-L7-002,equipment,HW,Water heater: Postnatal ward (2),DB-L7-01B,7,230,1,2.3,,N,C07-0039,2.5,24,
SP-L7-013,equipment,SP,Small power: Reception (4),DB-L7-01B,7,230,1,2.1,,N,C07-0040,2.5,48,
SP-L7-012,equipment,SP,Small power: Obstetric theatres corridor (4),DB-L7-01B,7,230,1,2.7,,N,C07-0038,2.5,34,
MON-L7-002,equipment,MON,Patient monitoring: Reception,DB-L7-01C,7,230,1,0.7,,N,C07-0050,2.5,17,
DB-L7-01C,board,DB,Level 7 birth rooms bed-head & nurse call,DB-L7-01,7,230,1,,50,,C07-0043,120,22,
NC-L7-001,equipment,NC,Nurse call system: Antenatal clinic,DB-L7-01C,7,230,1,0.46,,Y,C07-0044,2.5,34,
SP-L7-016,equipment,SP,Small power: Reception,DB-L7-01C,7,230,1,2.3,,,C07-0046,2.5,39,
BHP-L7-001,equipment,BHP,Bed-head power: Birth rooms 7-12,DB-L7-01C,7,230,1,2.5,,N,C07-0045,2.5,46,
BHP-L7-002,equipment,BHP,Bed-head power: Family room,DB-L7-01C,7,230,1,2,,N,C07-0047,2.5,23,
BHP-L7-003,equipment,BHP,Bed-head power: Antenatal clinic,DB-L7-01C,7,230,1,2.8,,0,C07-0048,2.5,51,
MON-L7-001,equipment,MON,Patient monitoring: Birth rooms 7-12,DB-L7-01C,7,230,1,0.7,,N,C07-0049,2.5,50,
SP-L7-015,equipment,SP,Small power: Obstetric theatres corridor (5),DB-L7-01B,7,230,1,1.7,,N,C07-0042,2.5,18,
SP-L7-017,equipment,SP,Small power: Family room,DB-L7-01C,7,230,1,2.9,,N,C07-0051,2.5,25,
SP-L7-018,equipment,SP,Small power: Antenatal clinic,DB-L7-01C,7,230,1,3.2,,N,C07-0052,2.5,17,"tagged ""temporary"" on site, confirm with Northside M&E"
BHP-L7-004,equipment,BHP,Bed-head power: Birth rooms 7-12 (2),DB-L7-01C,7,230,1,1.7,,N,C07-0053,2.5,17,
BHP-L7-005,equipment,BHP,Bed-head power: Reception,DB-L7-01C,7,230,1,2.1,,N,C07-0054,2.5,5,
SP-L7-019,equipment,SP,Small power: Family room (2),DB-L7-01C,7,230,1,1.6,,N,C07-0055,2.5,20,
SP-L7-020,equipment,SP,Small power: Antenatal clinic (2),DB-L7-01C,7,230,1,2.6,,N,C07-0056,2.5,55,
BHP-L7-006,equipment,BHP,Bed-head power: Birth rooms 7-12 (3),DB-L7-01C,7,230,1,2.1,,no,C07-0057,2.5,6,
BHP-L7-007,equipment,BHP,Bed-head power: Reception (2),DB-L7-01C,7,230,1,2.5,,N,C07-0058,2.5,32,
BHP-L7-008,equipment,BHP,Bed-head power: Family room (2),DB-L7-01C,7,230,1,1.5,,N,C07-0059,2.5,51,
SP-L7-021,equipment,SP,Small power: Antenatal clinic (3),DB-L7-01C,7,230,1,1.5,,N,C07-0060,2.5,22,
DB-L7-01D,board,DB,Level 7 delivery equipment,DB-L7-01,7,400,3,,60,,C07-0061,35,24,
BEV-L7-001,equipment,BEV,Beverage bay: Milk kitchen,DB-L7-01D,7,230,1,2.3,,N,C07-0062,2.5,9,
SP-L7-022,equipment,SP,Small power: Family room,DB-L7-01D,7,230,1,2.1,,N,C07-0063,2.5,54,
MON-L7-003,equipment,MON,Patient monitoring: Birth rooms 7-12,DB-L7-01D,7,230,1,0.7,,N,C07-0064,2.5,14,
MON-L7-006,equipment,MON,Patient monitoring: Milk kitchen (2),DB-L7-01D,7,230,1,0.8,,N,C07-0070,2.5,27,
MON-L7-005,equipment,MON,Patient monitoring: Milk kitchen,DB-L7-01D,7,230,1,0.4,,N,C07-0066,2.5,17,
SP-L7-023,equipment,SP,Small power: Family room (2),DB-L7-01D,7,230,1,2.2,,N,C07-0067,2.5,42,
BEV-L7-002,equipment,BEV,Beverage bay: Birth rooms 7-12,DB-L7-01D,7,230,1,2.7,,N,C07-0068,2.5,50,
WRM-L7-001,equipment,WRM,Warming cabinet: Neonatal unit,DB-L7-01D,7,230,1,0.7,,N,C07-0069,2.5,10,
MON-L7-004,equipment,MON,Patient monitoring: Neonatal unit,DB-L7-01D,7,230,1,0.5,,N,C07-0065,2.5,7,
DB-L7-X2,board,DB,Level 7 temporary board X2 (maternity refurb),DB-L7-X1,7,400,3,,40,,C07-9002,16,12,temporary supply for refurb works
IHW-L7-001,equipment,IHW,Instantaneous water heater: Family room,DB-L7-01D,7,400,3,12,,N,C07-0071,2.5,45,
BEV-L7-003,equipment,BEV,Beverage bay: Birth rooms 7-12 (2),DB-L7-01D,7,230,1,2.1,,N,C07-0072,2.5,18,
BEV-L7-004,equipment,BEV,Beverage bay: Neonatal unit,DB-L7-01D,7,230,1,2.7,,N,C07-0073,2.5,55,
WRM-L7-002,Equipment,WRM,Warming cabinet: Milk kitchen,DB-L7-01D,7,230,1,0.4,,N,C07-0074,2.5,53,
EM-L7-002,equipment,EM,Emergency lighting: L7 south wing,DB-L7-02A,7,230,1,0.3,,Y,C07-0083,1.5,58,
SP-L7-025,equipment,SP,Small power: Birth rooms 7-12,DB-L7-01D,7,230,1,3.5,,N,C07-0076,2.5,30,
SP-L7-026,equipment,SP,Small power: Neonatal unit,DB-L7-01D,7,230,1,2.7,,N,C07-0077,2.5,33,
SP-L7-027,equipment,SP,Small power: Milk kitchen,DB-L7-01D,7,230,1,3.5,,N,C07-0078,2.5,29,
DB-L7-02,board,DB,Level 7 Maternity south wing distribution board,SMSB-B,7,400,3,,220,,C07-0079,240,57,
HP-L7-002,equipment,HP,Heat pump: L7 south wing,DB-L7-02,7,400,3,7.5,,N,C07-0080,2.5,10,
DATA-L7-002,equipment,DATA,Floor comms room: L7 south wing,DB-L7-02,7,230,1,1.4,,N,C07-0081,2.5,40,
DB-L7-02A,board,DB,Level 7 lighting,DB-L7-02,7,230,1,,30,,C07-0082,50,8,
SP-L7-024,equipment,SP,Small power: Family room (3),DB-L7-01D,7,230,1,2.9,,N,C07-0075,2.5,19,
LTG-L7-016,equipment,LTG,Lighting: Neonatal unit,DB-L7-02A,7,230,1,1,,N,C07-0084,1.5,17,
LTG-L7-017,equipment,LTG,Lighting: Milk kitchen,DB-L7-02A,7,230,1,0.7,,N,C07-0085,1.5,39,
LTG-L7-018,equipment,LTG,Lighting: Birth rooms 1-6,DB-L7-02A,7,230,1,1,,N,C07-0086,1.5,7,
LTG-L7-019,equipment,LTG ,Lighting: Birth rooms 7-12,DB-L7-02A,7,230,1,0.8,,,C07-0087,1.5,58,
LTG-L7-020,equipment,LTG,Lighting: Neonatal unit (2),DB-L7-02A,7,230,1,1.5,,N,C07-0088,1.5,30,
LTG-L7-021,equipment,LTG,Lighting: Milk kitchen (2),DB-L7-02A,7,230,1,1,,N,C07-0089,1.5,57,
LTG-L7-024,equipment,LTG,Lighting: Milk kitchen (3),DB-L7-02A,7,230,1,1.7,,N,C07-0093,1.5,40,
LTG-L7-023,equipment,LTG,Lighting: Birth rooms 7-12 (2),DB-L7-02A,7,230,1,1.5,,N,C07-0091,1.5,38,
ACC-L7-002,equipment,ACC,Access control panel: Neonatal unit,DB-L7-02A,7,230,1,0.42,,N,C07-0092,2.5,23,
LTG-L7-022,equipment,LTG,Lighting: Birth rooms 1-6 (2),DB-L7-02A,7,230,1,1.3,,N,C07-0090,1.5,54,
LTG-L7-025,equipment,LTG,Lighting: Birth rooms 1-6 (3),DB-L7-02A,7,230,1,2,,N,C07-0094,1.5,54,moved per RFI-112
LTG-L7-026,equipment,LTG,Lighting: Birth rooms 7-12 (3),DB-L7-02A,7,230,1,1.1,,N,C07-0095,1.5,35,
LTG-L7-027,equipment,LTG,Lighting: Neonatal unit (3),DB-L7-02A,7,230,1,1.8,,N,C07-0096,1.5,19,
LTG-L7-028,equipment,LTG,Lighting: Milk kitchen (4),DB-L7-02A,7,230,1,1.5,,N,C07-0097,1.5,13,
LTG-L7-029,equipment,LTG,Lighting: Birth rooms 1-6 (4),DB-L7-02A,7,230,1,1.5,,N,C07-0098,1.5,5,
LTG-L7-030,equipment,LTG,Lighting: Birth rooms 7-12 (4),DB-L7-02A,7,230,1,0.8,,N,C07-0099,1.5,45,
ACC-L7-003,equipment,ACC,Access control panel: Neonatal unit (2),DB-L7-02A,7,230,1,0.26,,N,C07-0100,2.5,18,
CCTV-L7-002,equipment,CCTV,CCTV: Milk kitchen,DB-L7-02A,7,230,1,0.47,,N,C07-0101,2.5,23,
DB-L7-02B,board,DB,Level 7 small power,DB-L7-02,7,230,1,,60,,C07-0102,150,10,
HD-L7-003,equipment,HD,Hand dryer: Birth rooms 7-12,DB-L7-02B,7,230,1,1.6,,N,C07-0105,2.5,52,
SP-L7-029,equipment,SP,Small power: Maternity triage,DB-L7-02B,7,230,1,2.8,,N,C07-0104,2.5,48,
SP-L7-028,equipment,SP,Small power: Reception,DB-L7-02B,7,230,1,2.8,,N,C07-0103,2.5,45,
HD-L7-004,equipment,HD,Hand dryer: Delivery suite,DB-L7-02B,7,230,1,1.7,,N,C07-0106,2.5,30,
SP-L7-030,equipment,SP,Small power: Reception (2),DB-L7-02B,7,230,1,2.6,,N,C07-0107,2.5,20,
DATA-L7-003,equipment,DATA   ,Comms cabinet: Maternity triage,DB-L7-02B,7,230,1,1.5,,N,C07-0108,2.5,45,
SP-L7-031,equipment,SP   ,Small power: Birth rooms 7-12,DB-L7-02B,7,230,1,1.7,,N,C07-0109,2.5,53,
SP-L7-032,equipment,SP,Small power: Delivery suite,DB-L7-02B,7,230,1,2.5,,N,C07-0110,2.5,44,
SP-L7-033,equipment,SP,Small power: Reception (3),DB-L7-02B,7,230,1,2,,N,C07-0111,2.5,36,
SP-L7-034,equipment,SP,Small power: Maternity triage (2),DB-L7-02B,7,230,1,3.4,,N,C07-0112,2.5,41,
SP-L7-035,equipment,SP,Small power: Birth rooms 7-12 (2),DB-L7-02B,7,230,1,2.6,,N,C07-0113,2.5,53,
HD-L7-005,equipment,HD,Hand dryer: Reception,DB-L7-02B,7,230,1,1.9,,N,C07-0115,2.5,15,
HW-L7-003,equipment,HW,Water heater: Delivery suite,DB-L7-02B,7,230,1,2.7,,N,C07-0114,2.5,21,
SP-L7-036,equipment,SP,Small power: Maternity triage (3),DB-L7-02B,7,230,1,3.1,,N,C07-0116,2.5,59,
HD-L7-006,equipment,HD,Hand dryer: Birth rooms 7-12 (2),DB-L7-02B,7,230,1,1.8,,N,C07-0117,2.5,20,
HD-L7-007,equipment,HD,Hand dryer: Delivery suite (2),DB-L7-02B,7,230,1,1.7,,N,C07-0118,2.5,7,
SP-L7-037,equipment,SP,Small power: Reception (4),DB-L7-02B,7,230,1,3.3,,N,C07-0119,2.5,35,
DATA-L7-004,equipment,DATA,Comms cabinet: Maternity triage (2),DB-L7-02B,7,230,1,2.9,,N,C07-0120,2.5,49,
HD-L7-008,equipment,HD,Hand dryer: Birth rooms 7-12 (3),DB-L7-02B,7,230,1,1.7,,N,C07-0121,2.5,19,
DB-L7-02C,board,DB,Level 7 birth rooms bed-head & nurse call,DB-L7-02,7,230,1,,65,,C07-0122,150,15,
NC-L7-002,equipment,NC,Nurse call system: Birth rooms 7-12,DB-L7-02C,7,230,1,0.45,,Y,C07-0123,2.5,8,
SP-L7-038,equipment,SP,Small power: Delivery suite,DB-L7-02C,7,230,1,3.1,,N,C07-0124,2.5,22,
BHP-L7-009,equipment,BHP,Bed-head power: Postnatal ward,DB-L7-02C,7,230,1,2.9,,N,C07-0125,2.5,51,RCBO replaced 14/09
BHP-L7-010,equipment,BHP,Bed-head power: Antenatal clinic,DB-L7-02C,7,230,1,2.3,,N,C07-0126,2.5,39,
BHP-L7-011,equipment,BHP,Bed-head power: Birth rooms 7-12,DB-L7-02C,7,230,1,2.5,,N,C07-0127,2.5,38,
BHP-L7-012,equipment,BHP,Bed-head power: Delivery suite,DB-L7-02C,7,230,1,1.7,,N,C07-0128,2.5,43,
MON-L7-007,equipment,MON,Patient monitoring: Postnatal ward,DB-L7-02C,7,230,1,0.7,,N,C07-0129,2.5,9,
SP-L7-039,equipment,SP,Small power: Antenatal clinic,DB-L7-02C,7,230,1,2.9,,N,C07-0130,2.5,27,
SP-L7-040,equipment,SP,Small power: Birth rooms 7-12,DB-L7-02C,7,230,1,1.7,,N,C07-0131,2.5,19,
BHP-L7-013,equipment,BHP,Bed-head power: Delivery suite (2),DB-L7-02C,7,230,1,1.8,,N,C07-0132,2.5,19,
BHP-L7-017,equipment,BHP,Bed-head power: Delivery suite (3),DB-L7-02C,7,230,1,2.2,,,C07-0136,2.5,54,
BHP-L7-015,equipment,BHP,Bed-head power: Antenatal clinic (2),DB-L7-02C,7,230,1,2.2,,N,C07-0134,2.5,29,
DB-L7-X1,board,DB,Level 7 temporary board X1 (maternity refurb),DB-L7-X2,7,400,3,,40,,C07-9001,16,18,temporary supply for refurb works
BHP-L7-016,equipment,BHP,Bed-head power: Birth rooms 7-12 (2),DB-L7-02C,7,230,1,1.8,,N,C07-0135,2.5,20,
BHP-L7-014,equipment,BHP,Bed-head power: Postnatal ward (2),DB-L7-02C,7,230,1,2.9,,N,C07-0133,2.5,43,
SP-L7-041,equipment,SP,Small power: Antenatal clinic (2),DB-L7-02C,7,230,1,2.6,,N,C07-0138,2.5,27,
BHP-L7-018,equipment,BHP,Bed-head power: Postnatal ward (3),DB-L7-02C,7,230,1,1.6,,N,C07-0137,2.5,25,
SP-L7-042,equipment,SP,Small power: Neonatal unit,DB-L7-02D,7,230,1,2,,N,C07-0146,2.5,51,
BHP-L7-020,equipment,BHP,Bed-head power: Delivery suite (4),DB-L7-02C,7,230,1,2.6,,N,C07-0140,2.5,41,
MON-L7-008,equipment,MON,Patient monitoring: Postnatal ward (2),DB-L7-02C,7,230,1,0.7,,N,C07-0141,2.5,29,
DB-L7-02D,board,DB,Level 7 delivery equipment,DB-L7-02,7,400,3,,70,,C07-0142,35,18,
BEV-L7-005,equipment,BEV,Beverage bay: Postnatal ward,DB-L7-02D,7,230,1,3,,N,C07-0143,2.5,38,
MON-L7-009,equipment,MON,Patient monitoring: Maternity triage,DB-L7-02D,7,230,1,0.4,,N,C07-0144,2.5,6,
SP-L7-044,equipment,SP,Small power: Maternity triage,DB-L7-02D,7,230,1,1.7,,N,C07-0148,2.5,57,
BHP-L7-019,equipment,BHP,Bed-head power: Birth rooms 7-12 (3),DB-L7-02C,7,230,1,2,,N,C07-0139,2.5,47,
SP-L7-043,equipment,SP,Small power: Postnatal ward,DB-L7-02D,7,230,1,1.7,,N,C07-0147,2.5,21,
MON-L7-010,equipment,MON,Patient monitoring: Midwives base,DB-L7-02D,7,230,1,0.3,,N,C07-0145,2.5,29,
SP-L7-045,equipment,SP,Small power: Midwives base,DB-L7-02D,7,230,1,1.5,,N,C07-0149,2.5,16,
BEV-L7-006,equipment,BEV,Beverage bay: Neonatal unit,DB-L7-02D,7,230,1,2.7,,N,C07-0150,2.5,32,
DB-L7-03,board,DB,Level 7 neonatal & obstetric theatres distribution board,SMSB-B,7,400,3,,160,,C07-0159,120,48,label missing on site
BEV-L7-007,equipment,BEV,Beverage bay: Maternity triage,DB-L7-02D,7,230,1,2.8,,N,C07-0152,2.5,15,
IHW-L7-002,equipment,IHW,Instantaneous water heater: Midwives base,DB-L7-02D,7,400,3,12,,N,C07-0153,2.5,50,
BEV-L7-008,equipment,BEV,Beverage bay: Neonatal unit (2),DB-L7-02D,7,230,1,2.3,,N,C07-0154,2.5,17,
WRM-L7-003,equipment,WRM,Warming cabinet: Postnatal ward,DB-L7-02D,7,230,1,0.6,,N,C07-0155,2.5,23,
MON-L7-012,equipment,MON,Patient monitoring: Maternity triage (2),DB-L7-02D,7,230,1,0.7,,N,C07-0156,2.5,25,
SP-L7-046,equipment,SP,Small power: Midwives base (2),DB-L7-02D,7,230,1,1.7,,N,C07-0157,2.5,18,
MON-L7-013,equipment,MON,Patient monitoring: Neonatal unit,DB-L7-02D,7,230,1,0.7,,N,C07-0158,2.5,55,
MON-L7-011,equipment,MON,Patient monitoring: Postnatal ward,DB-L7-02D,7,230,1,0.7,,N,C07-0151,2.5,49,
DB-L7-03A,board,DB,Level 7 neonatal unit cots,DB-L7-03,7,230,1,,25,,C07-0160,50,5,
INC-L7-001,equipment,INC,Neonatal incubator: cot 1,DB-L7-03A,7,230,1,0.4,,Y,C07-0161,2.5,20,
INC-L7-002,equipment,INC,Neonatal incubator: cot 2,DB-L7-03A,7,230,1,0.5,,Y,C07-0162,2.5,50,
INC-L7-003,equipment,INC,Neonatal incubator: cot 3,DB-L7-03A,7,230,1,0.7,,Y,C07-0163,2.5,34,
INC-L7-004,equipment,INC,Neonatal incubator: cot 4,DB-L7-03A,7,230,1,0.7,,Y,C07-0164,2.5,21,
INC-L7-005,equipment,INC,Neonatal incubator: cot 5,DB-L7-03A,7,230,1,0.5,,Yes,C07-0165,2.5,18,
INC-L7-006,equipment,INC,Neonatal incubator: cot 6,DB-L7-03A,7,230,1,0.8,,TRUE,C07-0166,2.5,34,
INC-L7-007,equipment,INC,Neonatal incubator: cot 7,DB-L7-03A,7,230,1,0.4,,Y,C07-0167,2.5,8,
INC-L7-008,equipment,INC,Neonatal incubator: cot 8,DB-L7-03A,7,230,1,0.7,,Y,C07-0168,2.5,38,
NC-L7-003,equipment,NC,Nurse call system: Reception,DB-L7-03A,7,230,1,0.59,,yes,C07-0169,2.5,55,
MON-L7-014,equipment,MON,Patient monitoring: Milk kitchen,DB-L7-03A,7,230,1,0.6,,N,C07-0170,2.5,56,
SP-L7-047,equipment,SP,Small power: Neonatal unit,DB-L7-03A,7,230,1,2.8,,N,C07-0171,2.5,22,
FRG-L7-001,equipment,FRG,Medicines fridge: Delivery suite,DB-L7-03A,7,230,1,0.33,,N,C07-0172,2.5,32,
FRG-L7-002,equipment,FRG,Medicines fridge: Reception,DB-L7-03A,7,230,1,0.31,,N,C07-0173,2.5,27,
MON-L7-015,equipment,MON,Patient monitoring: Milk kitchen (2),DB-L7-03A,7,230,1,0.3,,N,C07-0174,2.5,30,
MON-L7-016,equipment,MON,Patient monitoring: Neonatal unit,DB-L7-03A,7,230,1,0.6,,N,C07-0175,2.5,56,
SP-L7-048,equipment,SP,Small power: Delivery suite,DB-L7-03A,7,230,1,2.9,,N,C07-0176,2.5,27,
DB-L7-03B,board,DB,Level 7 obstetric theatres lighting,DB-L7-03,7,230,1,,35,,C07-0177,70,3,
THL-L7-001,equipment,THL,Obstetric theatre 1 operating light,DB-L7-03B,7,230,1,1.4,,Y,C07-0178,2.5,51,
THL-L7-002,equipment,THL,Obstetric theatre 2 operating light,DB-L7-03B,7,230,1,0.9,,Y,C07-0179,2.5,16,
LTG-L7-031,equipment,LTG,Lighting: Delivery suite,DB-L7-03B,7,230,1,1.7,,N,C07-0180,1.5,30,
LTG-L7-032,equipment,LTG,Lighting: Birth rooms 7-12,DB-L7-03B,7,230,1,0.8,,N,C07-0181,1.5,36,
LTG-L7-033,equipment,LTG,Lighting: Reception,DB-L7-03B,7,230,1,0.7,,N,C07-0182,1.5,47,
SP-L7-049,equipment,SP,Small power: Maternity triage,DB-L7-03B,7,230,1,2.8,,N,C07-0183,2.5,34,
LTG-L7-034,equipment,LTG,Lighting: Delivery suite (2),DB-L7-03B,7,230,1,1.2,,N,C07-0184,1.5,26,
LTG-L7-035,equipment,LTG,Lighting: Birth rooms 7-12 (2),DB-L7-03B,7,230,1,1.5,,N,C07-0185,1.5,36,
SP-L7-050,equipment,SP,Small power: Reception,DB-L7-03B,7,230,1,3.1,,N,C07-0186,2.5,56,
LTG-L7-036,equipment,LTG,Lighting: Maternity triage,DB-L7-03B,7,230,1,1.9,,N,C07-0187,1.5,58,
LTG-L7-037,equipment,LTG,Lighting: Delivery suite (3),DB-L7-03B,7,230,1,0.6,,N,C07-0188,1.5,15,
DB-L7-03C,board,DB,Level 7 obstetric theatres equipment,DB-L7-03,7,400,3,,30,,C07-0194,10,17,
LTG-L7-039,equipment,LTG,Lighting: Reception (2),DB-L7-03B,7,230,1,1.9,,N,C07-0190,1.5,29,
ANA-L7-001,EQUIPMENT,ANA,Anaesthetic machine: obstetric theatre 1,DB-L7-03C,7,230,1,0.7,,Y,C07-0197,2.5,25,
PEND-L7-001,equipment,PEND,Obstetric theatre 1 surgical pendant,DB-L7-03C,7,230,1,1.9,,Y,C07-0195,2.5,26,
SP-L7-052,Equipment,SP,Small power: Birth rooms 7-12,DB-L7-03B,7,230,1,2.7,,N,C07-0193,2.5,15,
LTG-L7-038,equipment,LTG,Lighting: Birth rooms 7-12 (3),DB-L7-03B,7,230,1,0.9,,N,C07-0189,1.5,15,
LTG-L7-040,equipment,LTG,Lighting: Delivery suite (4),DB-L7-03B,7,230,1,1.5,,N,C07-0192,1.5,39,
PEND-L7-002,equipment,PEND,Obstetric theatre 2 surgical pendant,DB-L7-03C,7,230,1,1.5,,Y,C07-0196,2.5,50,
SP-L7-051,equipment,SP,Small power: Maternity triage (2),DB-L7-03B,7,230,1,2.7,,N,C07-0191,2.5,60,
ANA-L7-002,equipment,ANA,Anaesthetic machine: obstetric theatre 2,DB-L7-03C,7,230,1,0.8,,Y,C07-0198,2.5,26,"rating taken from nameplate, not O&M manual"
DTH-L7-001,equipment,DTH,Diathermy unit: Midwives base,DB-L7-03C,7,230,1,0.32,,N,C07-0199,2.5,44,
WRM-L7-004,equipment,WRM,Warming cabinet: Birth rooms 1-6,DB-L7-03C,7,230,1,0.6,,N,C07-0200,2.5,40,
DTH-L7-002,equipment,DTH,Diathermy unit: Neonatal unit,DB-L7-03C,7,230,1,0.59,,N,C07-0201,2.5,59,
SP-L7-053,equipment,SP,Small power: Family room,DB-L7-03C,7,230,1,2.8,,N,C07-0202,2.5,46,
MON-L7-017,equipment,MON,Patient monitoring: Midwives base,DB-L7-03C,7,230,1,0.4,,N,C07-0203,2.5,19,
WRM-L7-005,equipment,WRM,Warming cabinet: Birth rooms 1-6 (2),DB-L7-03C,7,230,1,0.4,,N,C07-0204,2.5,35,
DTH-L7-003,equipment,DTH,Diathermy unit: Neonatal unit (2),DB-L7-03C,7,230,1,0.46,,N,C07-0205,2.5,56,
WRM-L7-006,equipment,WRM,Warming cabinet: Family room,DB-L7-03C,7,230,1,0.7,,N,C07-0206,2.5,47,
SP-L7-054,equipment,SP,Small power: Midwives base,DB-L7-03C,7,230,1,3,,N,C07-0207,2.5,44,
MON-L7-018,equipment,MON,Patient monitoring: Birth rooms 1-6,DB-L7-03C,7,230,1,0.7,,N,C07-0208,2.5,29,
DTH-L7-004,equipment,DTH,Diathermy unit: Neonatal unit (3),DB-L7-03C,7,230,1,0.45,,N,C07-0209,2.5,28,
MON-L7-019,equipment,MON,Patient monitoring: Family room,DB-L7-03C,7,230,1,0.5,,N,C07-0210,2.5,20,
WRM-L7-007,equipment,WRM,Warming cabinet: Midwives base,DB-L7-03C,7,230,1,0.4,,N,C07-0211,2.5,44,
DB-L7-03D,board,DB,Level 7 postnatal ward,DB-L7-03,7,230,1,,60,,C07-0212,150,24,
NC-L7-004,equipment,NC,Nurse call system: Birth rooms 7-12,DB-L7-03D,7,230,1,0.49,,Y,C07-0213,2.5,15,
BHP-L7-021,equipment,BHP,Bed-head power: Postnatal ward,DB-L7-03D,7,230,1,1.9,,N,C07-0214,2.5,14,
BHP-L7-022,equipment,BHP,Bed-head power: Family room,DB-L7-03D,7,230,1,2.6,,N,C07-0215,2.5,17,
BHP-L7-023,equipment,BHP,Bed-head power: Antenatal clinic,DB-L7-03D,7,230,1,2.1,,N,C07-0216,2.5,34,
BHP-L7-024,equipment,BHP,Bed-head power: Birth rooms 7-12,DB-L7-03D,7,230,1,2.5,,N,C07-0217,2.5,51,
BHP-L7-025,equipment,BHP,Bed-head power: Postnatal ward (2),DB-L7-03D,7,230,1,2.1,,N,C07-0218,2.5,14,
BHP-L7-026,equipment,BHP,Bed-head power: Family room (2),DB-L7-03D,7,230,1,2,,N,C07-0219,2.5,58,
BHP-L7-027,equipment,BHP,Bed-head power: Antenatal clinic (2),DB-L7-03D,7,230,1,3,,N,C07-0220,2.5,25,
BHP-L7-028,equipment,BHP,Bed-head power: Birth rooms 7-12 (2),DB-L7-03D,7,230,1,2.4,,N,C07-0221,2.5,43,
BHP-L7-031,equipment,BHP,Bed-head power: Birth rooms 7-12 (3),DB-L7-03D,7,230,1,2.3,,N,C07-0225,2.5,19,
BHP-L7-029,equipment,BHP,Bed-head power: Family room (3),DB-L7-03D,7,230,1,2.5,,N,C07-0223,2.5,47,
BHP-L7-030,equipment,BHP,Bed-head power: Antenatal clinic (3),DB-L7-03D,7,230,1,2.2,,N,C07-0224,2.5,41,
BHP-L7-032,equipment,BHP,Bed-head power: Postnatal ward (3),DB-L7-03D,7,230,1,2.7,,N,C07-0226,2.5,38,
SP-L7-055,equipment,SP,Small power: Postnatal ward,DB-L7-03D,7,230,1,3.1,,N,C07-0222,2.5,5,
SP-L7-056,equipment,SP,Small power: Family room,DB-L7-03D,7,230,1,3.3,,N,C07-0227,2.5,30,
LTG-L7-041,EQUIPMENT,LTG,Lighting: Antenatal clinic,DB-L7-03D,7,230,1,1.5,,N,C07-0228,1.5,13,
BHP-L7-033,equipment,BHP,Bed-head power: Birth rooms 7-12 (4),DB-L7-03D,7,230,1,2.8,,N,C07-0229,2.5,26,
LTG-L7-042,equipment,LTG,Lighting: Postnatal ward,DB-L7-03D,7,230,1,1.9,,N,C07-0230,1.5,7,
DB-L7-04,board,DB,Level 7 mechanical services distribution board,SMSB-B,7,400,3,,260,,C07-0232,300,49,
LTG-L7-043,equipment,LTG,Lighting: Family room,DB-L7-03D,7,230,1,0.9,,N,C07-0231,1.5,14,
AHU-L7-001,equipment,AHU,Air handling unit 1: Maternity,DB-L7-04,7,400,3,22,,N,C07-0233,6,30,
AHU-L7-002,equipment,AHU,Air handling unit 2: Maternity,DB-L7-04,7,400,3,18.5,,N,C07-0234,6,9,
DB-L7-04A,board,DB,Level 7 pumps & extract fans,DB-L7-04,7,400,3,,80,,C07-0235,50,17,
EF-L7-001,equipment,EF,Dirty utility extract fan: Midwives base,DB-L7-04A,7,400,3,3,,N,C07-0236,2.5,46,
PMP-L7-001,equipment,PMP,DHW secondary pump: Postnatal ward,DB-L7-04A,7,400,3,4,,N,C07-0237,2.5,15,
SF-L7-003,equipment,SF,Supply fan: Postnatal ward,DB-L7-04A,7,400,3,2.2,,N,C07-0241,2.5,34,
SF-L7-002,equipment,SF,Supply fan: Midwives base,DB-L7-04A,7,400,3,3,,N,C07-0240,2.5,42,
FCU-L7-001,equipment,FCU,Fan coil units: Antenatal clinic,DB-L7-04A,7,230,1,1.2,,N,C07-0239,2.5,60,
SF-L7-001,equipment,SF,Supply fan: Family room,DB-L7-04A,7,400,3,3,,N,C07-0238,2.5,51,
EF-L7-002,equipment,EF,General extract fan: Family room,DB-L7-04A,7,400,3,0.75,,N,C07-0242,2.5,13,
PMP-L7-002,equipment,PMP,Condenser water pump: Antenatal clinic,DB-L7-04A,7,400,3,7.5,,N,C07-0243,2.5,33,
EF-L7-003,equipment,EF,Isolation room extract fan: Midwives base,DB-L7-04A,7,400,3,1.1,,N,C07-0244,2.5,22,
EF-L7-004,equipment,EF,Isolation room extract fan: Postnatal ward,DB-L7-04A,7,400,3,1.1,,N,C07-0245,2.5,54,
EF-L7-005,equipment,EF,General extract fan: Family room (2),DB-L7-04A,7,400,3 ,4,,N,C07-0246,2.5,29,
  FCU-L7-002  ,equipment,FCU,Fan coil units: Antenatal clinic (2),DB-L7-04A,7,230,1,1.9,,N,C07-0247,2.5,57,
HP-L7-003,equipment,HP,Heat pump: Midwives base,DB-L7-04A,7,400,3,15,,N,C07-0248,4,59,IR test re-done after snag
BMS-L7-001,equipment,BMS,BMS outstation: Postnatal ward,DB-L7-04A,7,230,1,0.5,,N,C07-0249,2.5,33,
PMP-L7-003,equipment,PMP,Cold water booster pump: Family room,DB-L7-04A,7,400,3,5.5,,N,C07-0250,2.5,9,
EF-L7-006,equipment,EF,Dirty utility extract fan: Antenatal clinic,DB-L7-04A,7,400,3,1.5,,N,C07-0251,2.5,21,
PMP-L7-004,equipment,PMP,Chilled water pump: Midwives base,DB-L7-04A,7,400,3,3,,N,C07-0252,2.5,29,
DB-L7-04B,board,DB,Level 7 fan coil units & controls,DB-L7-04,7,230,1,,50,,C07-0253,120,22,
BMS-L7-002,equipment,BMS,BMS outstation: Birth rooms 1-6,DB-L7-04B,7,230,1,0.8,,N,C07-0254,2.5,41,"circuit re-terminated, see TQ-031"
FCU-L7-003,equipment,FCU,Fan coil units: Midwives base,DB-L7-04B,7,230,1,1.5,,N,C07-0255,2.5,57,
FCU-L7-004,equipment,FCU,Fan coil units: Delivery suite,DB-L7-04B,7,230,1,1.9,,N,C07-0256,2.5,24,
BMS-L7-003,equipment,BMS,BMS outstation: Postnatal ward,DB-L7-04B,7,230,1,0.4,,N,C07-0257,2.5,38,
TEF-L7-001,equipment,TEF,Toilet extract fan: Birth rooms 1-6,DB-L7-04B,7,230,1,0.52,,N,C07-0258,2.5,25,
FCU-L7-005,equipment,FCU,Fan coil units: Midwives base (2),DB-L7-04B,7,230,1,1.7,,N,C07-0259,2.5,17,
FCU-L7-006,equipment,FCU,Fan coil units: Delivery suite (2),DB-L7-04B,7,230,1,1.6,,N,C07-0260,2.5,55,
FCU-L7-007,equipment,FCU,Fan coil units: Postnatal ward,DB-L7-04B,7,230,1,1.4,,N,C07-0261,2.5,25,
FCU-L7-008,equipment,FCU,Fan coil units: Birth rooms 1-6,DB-L7-04B,7,230,1,1.3,,N,C07-0262,2.5,58,
FCU-L7-009,equipment,FCU,Fan coil units: Midwives base (3),DB-L7-04B,7,230,1,2.2,,N,C07-0263,2.5,14,
FCU-L7-010,equipment,FCU,Fan coil units: Delivery suite (3),DB-L7-04B,7,230,1,2.4,,N,C07-0264,2.5,54,
FCU-L7-011,equipment,FCU,Fan coil units: Postnatal ward (2),DB-L7-04B,7,230,1,1.6,,N,C07-0265,2.5,12,
DB-L7-04C,board,DB,Level 7 heat pumps & supply fans,DB-L7-04,7,400,3,,65,,C07-0272,35,10,
FCU-L7-012,equipment,FCU,Fan coil units: Midwives base (4),DB-L7-04B,7,230,1,2.1,,N,C07-0267,2.5,28,
FCU-L7-013,equipment,FCU,Fan coil units: Delivery suite (4),DB-L7-04B,7,230,1,1.5,,N,C07-0268,2.5,50,
FCU-L7-014,equipment,FCU,Fan coil units: Postnatal ward (3),DB-L7-04B,7,230,1,1.6,,N,C07-0269,2.5,15,
FCU-L7-015,equipment,FCU,Fan coil units: Birth rooms 1-6 (2),DB-L7-04B,7,230,1,1.1,,N,C07-0270,2.5,16,
FCU-L7-016,equipment,FCU,Fan coil units: Midwives base (5),DB-L7-04B,7,230,1,1.4,,N,C07-0271,2.5,20,
TEF-L7-002,equipment,TEF,Toilet extract fan: Birth rooms 1-6 (2),DB-L7-04B,7,230,1,0.55,,N,C07-0266,2.5,53,
EF-L7-007,equipment,EF,Plant room extract fan: Delivery suite,DB-L7-04C,7,400,3,1.1,,N,C07-0273,2.5,7,
PMP-L7-005,equipment,PMP,Chilled water pump: Family room,DB-L7-04C,7,400,3,2.2,,N,C07-0274,2.5,57,
EF-L7-008,equipment,EF,General extract fan: Postnatal ward,DB-L7-04C,7,400,3,0.75,,N,C07-0275,2.5,39,as-built per site instruction SI-045
EF-L7-010,equipment,EF,Dirty utility extract fan: Postnatal ward,DB-L7-04C,7,400,3,4,,N,C07-0283,2.5,23,
PMP-L7-006,equipment,PMP,Chilled water pump: Delivery suite,DB-L7-04C,7,400,3,11,,N,C07-0277,2.5,40,
BMS-L7-004,equipment,BMS,BMS outstation: Family room,DB-L7-04C,7,230,1,0.9,,N,C07-0278,2.5,6,
PMP-L7-007,equipment,PMP,Condenser water pump: Postnatal ward,DB-L7-04C,7,400,3,4,,N,C07-0279,2.5,41,
EF-L7-009,equipment,EF,Isolation room extract fan: Reception,DB-L7-04C,7,400,3,2.2,,N,C07-0280,2.5,14,
FCU-L7-017,equipment,FCU,Fan coil units: Delivery suite,DB-L7-04C,7,230,1,1.7,,N,C07-0281,2.5,22,
SF-L7-005,equipment,SF,Supply fan: Family room,DB-L7-04C,7,400,3,4,,N,C07-0282,2.5,11,
SF-L7-004,equipment,SF,Supply fan: Reception,DB-L7-04C,7,400,3,3,,N,C07-0276,2.5,16,
EF-L7-011,equipment,EF,General extract fan: Reception,DB-L7-04C,7,400,3,3,,N,C07-0284,2.5,50,
BMS-L7-005,equipment,BMS,BMS outstation: Delivery suite,DB-L7-04C,7,230,1,0.5,,N,C07-0285,2.5,45,
EF-L7-012,equipment,EF,Dirty utility extract fan: Family room,DB-L7-04C,7,400,3,1.1,,N,C07-0286,2.5,24,
PMP-L7-008,equipment,PMP,Condenser water pump: Postnatal ward (2),DB-L7-04C,7,400,3,7.5,,N,C07-0287,2.5,29,
EF-L7-013,equipment,EF,Plant room extract fan: Reception,DB-L7-04C,7,400,3,2.2,,N,C07-0288,2.5,27,
DB-L7-04D,board,DB,Level 7 fan coil units & controls,DB-L7-04,7,230,1,,60,,C07-0289,150,18,
FCU-L7-022,equipment,FCU,Fan coil units: Obstetric theatres corridor (2),DB-L7-04D,7,230,1,1.2,,N,C07-0294,2.5,48,
FCU-L7-019,equipment,FCU,Fan coil units: Postnatal ward,DB-L7-04D,7,230,1,2.4,,N,C07-0291,2.5,33,
FCU-L7-020,equipment,FCU,Fan coil units: Milk kitchen,DB-L7-04D,7,230,1,2,,N,C07-0292,2.5,60,
FCU-L7-021,equipment,FCU,Fan coil units: Birth rooms 7-12,DB-L7-04D,7,230,1,1.8,,N,C07-0293,2.5,54,
FCU-L7-018,equipment,FCU,Fan coil units: Obstetric theatres corridor,DB-L7-04D,7,230,1,1.9,,N,C07-0290,2.5,35,
FCU-L7-023,equipment,FCU,Fan coil units: Postnatal ward (2),DB-L7-04D,7,230,1,1.9,,N,C07-0295,2.5,29,
FCU-L7-024,equipment,FCU,Fan coil units: Milk kitchen (2),DB-L7-04D,7,230,1,2.4,,N,C07-0296,2.5,51,
FCU-L7-025,equipment,FCU,Fan coil units: Birth rooms 7-12 (2),DB-L7-04D,7,230,1,1.1,,N,C07-0297,2.5,47,
FCU-L7-026,equipment,FCU,Fan coil units: Obstetric theatres corridor (3),DB-L7-04D,7,230,1,1.2,,N,C07-0298,2.5,42,
FCU-L7-031,equipment,FCU,Fan coil units: Postnatal ward (4),DB-L7-04D,7,230,1,1.9,,N,C07-0303,2.5,52,
FCU-L7-028,equipment,FCU,Fan coil units: Milk kitchen (3),DB-L7-04D,7,230,1,1.3,,N,C07-0300,2.5,46,
FCU-L7-029,equipment,FCU,Fan coil units: Birth rooms 7-12 (3),DB-L7-04D,7,230,1,1.4,,N,C07-0301,2.5,12,
FCU-L7-030,equipment,FCU,Fan coil units: Obstetric theatres corridor (4),DB-L7-04D,7,230,1,0.8,,N,C07-0302,2.5,16,
FCU-L7-027,equipment,FCU,Fan coil units: Postnatal ward (3),DB-L7-04D,7,230,1,1.3,,N,C07-0299,2.5,16,
FCU-L7-032,equipment,FCU,Fan coil units: Milk kitchen (4),DB-L7-04D,7,230,1,2.1,,N,C07-0304,2.5,29,
FCU-L7-033,equipment,FCU,Fan coil units: Birth rooms 7-12 (4),DB-L7-04D,7,230,1,2.3,,N,C07-0305,2.5,18,
FA-L7-001,equipment,FA,Fire alarm panel (level 7),DB-L7-E,7,230,1,0.22,,Y,C07-0311,2.5,53,
DB-L7-E,board,DB,Level 7 essential services board,SMSB-E,7,400,3,,75,,C07-0307,50,49,
EM-L7-003,equipment,EM,Emergency lighting: stair core 1 (L7),DB-L7-E,7,230,1,0.26,,Y,C07-0308,1.5,35,
EM-L7-004,equipment,EM,Emergency lighting: stair core 2 (L7),DB-L7-E,7,230,1,0.49,,Y,C07-0309,1.5,57,
EM-L7-005,equipment,EM,Emergency lighting: escape corridors (L7),DB-L7-E,7,230,1,0.37,,Y,C07-0310,1.5,49,
FCU-L7-034,equipment,FCU,Fan coil units: Obstetric theatres corridor (5),DB-L7-04D,7,230,1,,,N,C07-0306,2.5,18,
CCTV-L7-003,equipment,CCTV,CCTV: Obstetric theatres corridor,DB-L7-E,7,230,1,0.47,,N,C07-0312,2.5,22,
ACC-L7-004,equipment,ACC,Access control panel: Family room,DB-L7-E,7,230,1,0.31,,N,C07-0313,2.5,57,
BMS-L7-006,equipment,BMS,BMS outstation: Birth rooms 1-6,DB-L7-E,7,230,1,1,,N,C07-0314,2.5,56,
LTG-L7-044,equipment,LTG,Essential lighting: Antenatal clinic,DB-L7-E,7,230,1,1.7,,N,C07-0315,1.5,47,
BMS-L7-007,equipment,BMS,BMS outstation: Obstetric theatres corridor,DB-L7-E,7,230,1,0.8,,N,C07-0316,2.5,46,"circuit re-terminated, see TQ-031"
SP-L7-057,equipment,SP,Essential small power: Family room,DB-L7-E,7,230,1,2.4,,N,C07-0317,2.5,43,
SP-L7-058,equipment,SP,Essential small power: Birth rooms 1-6,DB-L7-E,7,230,1,2.9,,N,C07-0318,2.5,25,
LTG-L7-045,equipment,LTG,Essential lighting: Antenatal clinic (2),DB-L7-E,7,230,1,0.6,,N,C07-0319,1.5,23,
ACC-L7-005,equipment,ACC,Access control panel: Obstetric theatres corridor,DB-L7-E,7,230,1,0.31,,n,C07-0320,2.5,12,
SP-L7-059,equipment,SP,Essential small power: Family room (2),DB-L7-E,7,230,1,1.7,,N,C07-0321,2.5,35,
LTG-L7-046,equipment,LTG,Essential lighting: Birth rooms 1-6,DB-L7-E,7,230,1,0.6,,N,C07-0322,1.5,18,
LTG-L7-047,equipment,LTG,Essential lighting: Antenatal clinic (3),DB-L7-E,7,230,1,1.1,,N,C07-0323,1.5,29,
LTG-L7-048,equipment,LTG,Essential lighting: Obstetric theatres corridor,DB-L7-E,7,230,1,1.8,,N,C07-0324,1.5,58,
LTG-L7-049,equipment,LTG,Essential lighting: Family room,DB-L7-E,7,230,1,0.8,,N,C07-0325,1.5,40,
ACC-L7-006,equipment,ACC,Access control panel: Birth rooms 1-6,DB-L7-E,7,230,1,0.48,,N,C07-0326,2.5,17,
LTG-L7-050,equipment,LTG,Essential lighting: Antenatal clinic (4),DB-L7-E,7,230,1,1,,N,C07-0327,1.5,48,
DATA-L7-005,equipment,DATA,Comms cabinet: Obstetric theatres corridor,DB-L7-E,7,230,1,2.7,,FALSE,C07-0328,2.5,16,
LTG-L7-051,equipment,LTG,Essential lighting: Family room (2),DB-L7-E,7,230,1,1.9,,N,C07-0329,1.5,7,
CCTV-L7-004,equipment,CCTV,CCTV: Birth rooms 1-6,DB-L7-E,7,230,1,0.42,,N,C07-0330,2.5,28,
SP-L7-060,equipment,SP,Essential small power: Antenatal clinic,DB-L7-E,7,230,1,2.1,,N,C07-0331,2.5,45,
SP-L7-061,equipment,SP,Essential small power: Obstetric theatres corridor,DB-L7-E,7,230,1,2.6,,N,C07-0332,2.5,45,
LTG-L7-052,equipment,LTG,Essential lighting: Family room (3),DB-L7-E,7,230,1,1.3,,,C07-0333,1.5,52,
DATA-L7-006,equipment,DATA,Comms cabinet: Birth rooms 1-6,DB-L7-E,7,230,1,1.6,,N,C07-0334,2.5,20,
LTG-L7-053,equipment,LTG,Essential lighting: Antenatal clinic (5),DB-L7-E,7,230,1,0.9,,N,C07-0335,1.5,13,
SP-L7-062,equipment,SP,Essential small power: Obstetric theatres corridor (2),DB-L7-E,7,230,1,3.3,,N,C07-0336,2.5,11,
LTG-L7-054,equipment,LTG,Essential lighting: Family room (4),DB-L7-E,7,230,1,1.5,,N,C07-0337,1.5,32,
LTG-L7-055,equipment,LTG,Essential lighting: Birth rooms 1-6 (2),DB-L7-E,7,230,1,1.2,,N,C07-0338,1.5,37,
LTG-L7-056,equipment,LTG,Essential lighting: Antenatal clinic (6),DB-L7-E,7,230,1,1.9,,N,C07-0339,1.5,36,
DB-L8-01,board,DB,Level 8 Medical Wards north wing distribution board,SMSB-B,8,400,3,,220,,C08-0001,240,62,
HP-L8-001,equipment,HP,Heat pump: L8 north wing,DB-L8-01,8,400,3,5.5,,N,C08-0002,2.5,40,
DATA-L8-001,equipment,DATA,Floor comms room: L8 north wing,DB-L8-01,8,230,1,2,,N,C08-0003,2.5,23,
DB-L8-01A,board,DB,Level 8 lighting,DB-L8-01,8,230,1,,30,,C08-0004,50,14,
EM-L8-001,equipment,EM,Emergency lighting: L8 north wing,DB-L8-01A,8,230,1,0.41,,Y,C08-0005,1.5,19,
LTG-L8-001,equipment,LTG,Lighting: Ward 8A,DB-L8-01A,8,230,1,1,,N,C08-0006,1.5,21,
LTG-L8-002,equipment,LTG,Lighting: Nurse base,DB-L8-01A,8,230,1,1.2,,N,C08-0007,1.5,39,
LTG-L8-003,equipment,LTG,Lighting: Ward 8C,DB-L8-01A,8,230,1,1.8,,N,C08-0008,1.5,8,
LTG-L8-004,EQUIPMENT,LTG,Lighting: Corridor,DB-L8-01A,8,230,1,0.8,,N,C08-0009,1.5,20,
LTG-L8-007,equipment,LTG,Lighting: Ward 8C (2),DB-L8-01A,8,230,1,0.6,,N,C08-0012,1.5,7,IR test re-done after snag
LTG-L8-006,equipment,LTG,Lighting: Nurse base (2),DB-L8-01A,8,230,1,1.7,,N,C08-0011,1.5,49,
LTG-L8-005,equipment, LTG,Lighting: Ward 8A (2),DB-L8-01A,8,230,1,0.5,,N,C08-0010,1.5,12,
LTG-L8-013,equipment,LTG,Lighting: Nurse base (3),DB-L8-01A,8,230,1,1.8,,N,C08-0019,1.5,45,
LTG-L8-009,equipment,LTG,Lighting: Ward 8A (3),DB-L8-01A,8,230,1,0.7,,N,C08-0014,1.5,54,
CCTV-L8-001,equipment,CCTV,CCTV: Nurse base,DB-L8-01A,8,230,1,0.59,,N,C08-0015,2.5,19,
LTG-L8-010,equipment,LTG,Lighting: Ward 8C (3),DB-L8-01A,8,230,1,1.9,,N,C08-0016,1.5,14,
LTG-L8-011,equipment,LTG,Lighting: Corridor (3),DB-L8-01A,8,230,1,0.6,,N,C08-0017,1.5,8,
LTG-L8-012,equipment,LTG,Lighting: Ward 8A (4),DB-L8-01A,8,230,1,0.6,,N,C08-0018,1.5,48,
LTG-L8-008,equipment,LTG,Lighting: Corridor (2),DB-L8-01A,8,230,1,0.7,,n,C08-0013,1.5,8,
ACC-L8-001,equipment,ACC,Access control panel: Ward 8C,DB-L8-01A,8,230,1,0.33,,N,C08-0020,2.5,25,
SP-L8-005,equipment,SP,Small power: Ward 8D (2),DB-L8-01B,8,230,1,3.4,,N,C08-0029,2.5,26,
SP-L8-003,equipment,SP,Small power: Ward kitchen,DB-L8-01B,8,230,1,2,,N,C08-0027,2.5,12,
CCTV-L8-002,equipment,CCTV,CCTV: Nurse base (2),DB-L8-01A,8,230,1,0.58,,N,C08-0023,2.5,26,
DB-L8-01B,board,DB,Level 8 small power,DB-L8-01,8,230,1,,90,,C08-0024,240,17,
SP-L8-001,equipment,SP,Small power: Ward 8D,DB-L8-01B,8,230,1,2.4,,N,C08-0025,2.5,10,
SP-L8-002,equipment,SP,Small power: Ward 8A,DB-L8-01B,8,230,1,3.4,,N,C08-0026,2.5,8,
LTG-L8-015,equipment,LTG,Lighting: Ward 8A (5),DB-L8-01A,8,230,1,0.7,,N,C08-0022,1.5,43,
SP-L8-004,equipment,SP,Small power: Sluice,DB-L8-01B,8,230,1,2.6,,N,C08-0028,2.5,36,
LTG-L8-014,equipment,LTG,Lighting: Corridor (4),DB-L8-01A,8,230,1,1,,N,C08-0021,1.5,8,
SP-L8-006,equipment,SP,Small power: Ward 8A (2),DB-L8-01B,8,230,1,2.9,,N,C08-0030,2.5,16,
SP-L8-007,equipment,SP,Small power: Ward kitchen (2),DB-L8-01B,8,230,1,2.1,,N,C08-0031,2.5,29,
SP-L8-008,equipment,SP,Small power: Sluice (2),DB-L8-01B,8,230,1,2.3,,N,C08-0032,2.5,53,
SP-L8-009,equipment,SP,Small power: Ward 8D (3),DB-L8-01B,8,230,1,3.4,,N,C08-0033,2.5,12,
SP-L8-010,equipment,SP,Small power: Ward 8A (3),DB-L8-01B,8,230,1,1.6,,N,C08-0034,2.5,49,
SP-L8-011,equipment,SP,Small power: Ward kitchen (3),DB-L8-01B,8,230,1,3.1,,N,C08-0035,2.5,36,
SP-L8-012,equipment,SP,Small power: Sluice (3),DB-L8-01B,8,230,1,2.4,,N,C08-0036,2.5,36,
HD-L8-001,equipment,HD,Hand dryer: Ward 8D,DB-L8-01B,8,230,1,1.4,,N,C08-0037,2.5,37,
HW-L8-001,equipment,HW,Water heater: Ward 8A,DB-L8-01B,8,230,1,2.9,,N,C08-0038,2.5,6,
BEV-L8-001,equipment,BEV,Beverage bay: Ward kitchen,DB-L8-01B,8,230,1,2.2,,N,C08-0039,2.5,53,
HW-L8-002,equipment,HW,Water heater: Sluice,DB-L8-01B,8,230,1,2.8,,N,C08-0040,2.5,47,
SP-L8-013,equipment,SP,Small power: Ward 8D (4),DB-L8-01B,8,230,1,1.8,,no,C08-0041,2.5,21,
BHP-L8-004,equipment,BHP,Bed-head power: Ward 8A (2),DB-L8-01C,8,230,1,2.6,,N,C08-0048,2.5,46,
NC-L8-001,equipment,NC,Nurse call system: Nurse base,DB-L8-01C,8,230,1,0.39,,Y,C08-0043,2.5,43,
BHP-L8-001,equipment,BHP,Bed-head power: Ward 8A,DB-L8-01C,8,230,1,1.7,,N,C08-0044,2.5,19,
SP-L8-014,equipment,SP,Small power: Corridor,DB-L8-01C,8,230,1,3.2,,N,C08-0045,2.5,53,
BHP-L8-002,equipment,BHP,Bed-head power: Side rooms,DB-L8-01C,8,230,1,2.7,,N,C08-0046,2.5,48,
BHP-L8-003,equipment,BHP,Bed-head power: Nurse base,DB-L8-01C,8,230,1,2.1,,N,C08-0047,2.5,52,
DB-L8-01C,board,DB,Level 8 ward bed-head & nurse call,DB-L8-01,8,230,1,,55,,C08-0042,120,25,
BHP-L8-005,equipment,BHP,Bed-head power: Corridor,DB-L8-01C,8,230,1,1.6,,N,C08-0049,2.5,35,
BHP-L8-006,equipment,BHP,Bed-head power: Side rooms (2),DB-L8-01C,8,230,1,3,,N,C08-0050,2.5,39,
BHP-L8-007,equipment,BHP,Bed-head power: Nurse base (2),DB-L8-01C,8,230,1,2.2,,N,C08-0051,2.5,57,
BHP-L8-008,equipment,BHP,Bed-head power: Ward 8A (3),DB-L8-01C,8,230,1,2.5,,N,C08-0052,2.5,21,
BHP-L8-009,equipment,BHP,Bed-head power: Corridor (2),DB-L8-01C,8,230,1,2.5,,N,C08-0053,2.5,39,
SP-L8-015,equipment,SP,Small power: Side rooms,DB-L8-01C,8,230,1,2.3,,N,C08-0054,2.5,17,
BHP-L8-010,equipment,BHP,Bed-head power: Nurse base (3),DB-L8-01C,8,230,1,2.1,,N,C08-0055,2.5,42,
BHP-L8-011,equipment,BHP,Bed-head power: Ward 8A (4),DB-L8-01C,8,230,1,2.6,,N,C08-0056,2.5,25,
BHP-L8-012,equipment,BHP,Bed-head power: Corridor (3),DB-L8-01C,8,230,1,2.7,,N,C08-0057,2.5,42,
BHP-L8-013,equipment,BHP,Bed-head power: Side rooms (3),DB-L8-01C,8,230,1,2,,N,C08-0058,2.5,12,
DB-L8-01D,board,DB,Level 8 ward support,DB-L8-01,8,400,3,,95,,C08-0059,70,21,
SP-L8-016,equipment,SP,Small power: Corridor,DB-L8-01D,8,230,1,2.6,,N,C08-0060,2.5,34,
IHW-L8-001,equipment,IHW,Instantaneous water heater: Ward kitchen,DB-L8-01D,8,400,3,10.8,,N,C08-0061,2.5,46,
FRG-L8-001,equipment,FRG,Medicines fridge: Ward 8D,DB-L8-01D,8,230,1,0.21,,N,C08-0062,2.5,15,
SP-L8-017,equipment,SP,Small power: Day room,DB-L8-01D,8,230,1,3.3,,N,C08-0063,2.5,37,
WD-L8-001,equipment,WD,Washer-disinfector: Day room,DB-L8-01D,8,400,3,12,,N,C08-0071,2.5,25,
SP-L8-019,equipment,SP,Small power: Ward kitchen,DB-L8-01D,8,230,1,2.1,,N,C08-0065,2.5,22,
IHW-L8-002,equipment,IHW ,Instantaneous water heater: Ward 8D,DB-L8-01D,8,400,3,12,,N,C08-0066,2.5,32,
SP-L8-020,equipment,SP,Small power: Day room (2),DB-L8-01D,8,230,1,3.4,,N,C08-0067,2.5,52,
SP-L8-021,equipment,SP,Small power: Corridor (3),DB-L8-01D,8,230,1,1.7,,N,C08-0068,2.5,6,
EF-L8-001,equipment,EF,Dirty utility extract fan: Ward kitchen,DB-L8-01D,8,400,3,2.2,,N,C08-0069,2.5,10,
SP-L8-022,equipment,SP,Small power: Ward 8D,DB-L8-01D,8,230,1,2.2,,N,C08-0070,2.5,30,
SP-L8-018,equipment,SP,Small power: Corridor (2),DB-L8-01D,8,230,1,2.5,,N,C08-0064,2.5,51,
SP-L8-023,equipment,SP,Small power: Corridor (4),DB-L8-01D,8,230,1,1.9,,N,C08-0072,2.5,13,
SP-L8-024,equipment,SP,Small power: Ward kitchen (2),DB-L8-01D,8,230,1,3.1,,N,C08-0073,2.5,21,
SP-L8-027,equipment,SP,Small power: Corridor (5),DB-L8-01D,8,230,1,2.4,,N,C08-0076,2.5,52,
SP-L8-026,equipment,SP,Small power: Day room (3),DB-L8-01D,8,230,1,1.6,,N,C08-0075,2.5,42,
SP-L8-025,equipment,SP,Small power: Ward 8D (2),DB-L8-01D,8,230,1,2.1,,N,C08-0074,2.5,10,
SP-L8-028,equipment,SP,Small power: Ward kitchen (3),DB-L8-01D,8,230,1,2.4,,N,C08-0077,2.5,55,
DB-L8-02,board,DB,Level 8 Medical Wards south wing distribution board,SMSB-B,8,400,3,,260,,C08-0078,300,51,
HP-L8-002,equipment,HP,Heat pump: L8 south wing,DB-L8-02,8,400,3,11,,N,C08-0079,2.5,46,
DATA-L8-002,equipment,DATA,Floor comms room: L8 south wing,DB-L8-02,8,230,1,1.4,,N,C08-0080,2.5,56,to be verified at commissioning
DB-L8-02A,board,DB,Level 8 lighting,DB-L8-02,8,230,1,,35,,C08-0081,70,25,
EM-L8-002,equipment,EM,Emergency lighting: L8 south wing,DB-L8-02A,8,230,1,0.35,,Y,C08-0082,1.5,23,
LTG-L8-016,equipment,LTG,Lighting: Ward 8D,DB-L8-02A,8,230,1,0.5,,N,C08-0083,1.5,29,
LTG-L8-017,equipment,LTG,Lighting: Day room,DB-L8-02A,8,230,1,1.5,,N,C08-0084,1.5,47,
LTG-L8-018,equipment,LTG,Lighting: Side rooms,DB-L8-02A,8,230,1,0.5,,N,C08-0085,1.5,44,
CCTV-L8-003,equipment,CCTV,CCTV: Side rooms,DB-L8-02A,8,230,1,0.52,,N,C08-0089,2.5,19,
LTG-L8-020,equipment,LTG,Lighting: Ward 8D (2),DB-L8-02A,8,230,1,1KW,,N,C08-0087,1.5,22,
LTG-L8-023,equipment,LTG,Lighting: Ward 8D (3),DB-L8-02A,8,230,1,1.4,,N,C08-0091,1.5,23,
LTG-L8-019,equipment,LTG,Lighting: Sluice,DB-L8-02A,8,230,1,1.2,,N,C08-0086,1.5,45,
LTG-L8-022,equipment,LTG,Lighting: Sluice (2),DB-L8-02A,8,230,1,1,,N,C08-0090,1.5,26,
LTG-L8-021,equipment,LTG,Lighting: Day room (2),DB-L8-02A,8,230,1,1.5,,N,C08-0088,1.5,14,
LTG-L8-024,equipment,LTG,Lighting: Day room (3),DB-L8-02A,8,230,1,0.5,,0,C08-0092,1.5,29,
LTG-L8-025,equipment,LTG,Lighting: Side rooms (2),DB-L8-02A,8,230,1,0.8,,N,C08-0093,1.5,10,"tagged ""temporary"" on site, confirm with Northside M&E"
LTG-L8-026,equipment,LTG,Lighting: Sluice (3),DB-L8-02A,8,230,1,1.4,,N,C08-0094,1.5,34,
LTG-L8-027,equipment,LTG,Lighting: Ward 8D (4),DB-L8-02A,8,230,1,1.7,,N,C08-0095,1.5,43,
LTG-L8-028,equipment,LTG,Lighting: Day room (4),DB-L8-02A,8,230,1,1.8,,n,C08-0096,1.5,55,
CCTV-L8-004,equipment,CCTV,CCTV: Side rooms (2),DB-L8-02A,8,230,1,0.22,,N,C08-0097,2.5,48,
LTG-L8-029,equipment,LTG,Lighting: Sluice (4),DB-L8-02A,8,230,1,1.1,,,C08-0098,1.5,14,
DB-L8-02B,board,DB,Level 8 small power,DB-L8-02,8,230,1,,70,,C08-0099,185,25,
HW-L8-003,equipment,HW,Water heater: Treatment room,DB-L8-02B,8,230,1,2.9,,N,C08-0100,2.5,16,
SP-L8-029,equipment,SP,Small power: Side rooms,DB-L8-02B,8,230,1,1.7,,N,C08-0101,2.5,60,
SP-L8-030,equipment,SP,Small power: Ward 8A,DB-L8-02B,8,230,1,3,,N,C08-0102,2.5,42,
SP-L8-031,equipment,SP,Small power: Ward 8B,DB-L8-02B,8,230,1,2.3,,N,C08-0103,2.5,22,
SP-L8-032,equipment,SP,Small power: Treatment room,DB-L8-02B,8,230,1,2.1,,N,C08-0104,2.5,12,
SP-L8-033,equipment,SP,Small power: Side rooms (2),DB-L8-02B,8,230,1,2.6,,N,C08-0105,2.5,23,
SP-L8-035,equipment,SP,Small power: Ward 8B (2),DB-L8-02B,8,230,1,2,,N,C08-0107,2.5,28,
SP-L8-034,equipment,SP,Small power: Ward 8A (2),DB-L8-02B,8,230,1,2.2,,N,C08-0106,2.5,39,
HW-L8-004,equipment,HW,Water heater: Treatment room (2),DB-L8-02B,8,230,1,2.1,,N,C08-0108,2.5,60,
DIA-L6-002,equipment,DIA,Dialysis machine: ICU bed spaces 1-6 - spare,DB-L6-03A,6,230,1,2.9,,N,C06-0164,2.5,6,
HD-L8-002,equipment,HD,Hand dryer: Side rooms,DB-L8-02B,8,230,1,2,,N,C08-0109,2.5,46,
SP-L8-036,equipment,SP,Small power: Ward 8A (3),DB-L8-02B,8,230,1,1.7,,N,C08-0110,2.5,50,
SP-L8-037,equipment,SP,Small power: Ward 8B (3),DB-L8-02B,8,230,1,1.8,,N,C08-0111,2.5,21,
SP-L8-038,equipment,SP,Small power: Treatment room (2),DB-L8-02B,8,230,1,3.1,,N,C08-0112,2.5,56,
HW-L8-005,equipment,HW,Water heater: Side rooms,DB-L8-02B,8,230,1,2,,N,C08-0113,2.5,19,
SP-L8-039,equipment,SP,Small power: Ward 8A (4),DB-L8-02B,8,230,1,3.3,,N,C08-0114,2.5,31,
SP-L8-040,equipment,SP,Small power: Ward 8B (4),DB-L8-02B,8,230,1,2.4,,N,C08-0115,2.5,40,
SP-L8-041,equipment,SP,Small power: Treatment room (3),DB-L8-02B,8,230,1,2.3,,N,C08-0116,2.5,55,
SP-L8-042,equipment,SP,Small power: Side rooms (3),DB-L8-02B,8,230,1,3.1,,N,C08-0117,2.5,21,route changed to avoid MRI shielding
SP-L8-043,equipment,SP,Small power: Ward 8A (5),DB-L8-02B,8,230,1,2.8,,N,C08-0118,2.5,46,
DB-L8-02C,board,DB,Level 8 ward bed-head & nurse call,DB-L8-02,8,230,1,,75,,C08-0119,185,13,
NC-L8-002,equipment,NC,Nurse call system: Treatment room,DB-L8-02C,8,230,1,0.31,,yes,C08-0120,2.5,17,
SP-L8-045,equipment,SP,Small power: Treatment room,DB-L8-02C,8,230,1,2.2,,N,C08-0124,2.5,49,
SP-L8-044,equipment,SP,Small power: Ward kitchen,DB-L8-02C,8,230,1,2.1,,N,C08-0122,2.5,49,
BHP-L8-015,equipment,BHP,Bed-head power: Side rooms,DB-L8-02C,8,230,1,2.1,,N,C08-0123,2.5,46,
BHP-L8-014,equipment,BHP,Bed-head power: Nurse base,DB-L8-02C,8,230,1,2.9,,N,C08-0121,2.5,52,
BHP-L8-016,equipment,BHP,Bed-head power: Nurse base (2),DB-L8-02C,8,230,1,3,,N,C08-0125,2.5,40,
LTG-L8-030,equipment,LTG,Lighting: Ward kitchen,DB-L8-02C,8,230,1,1.4,,N,C08-0126,1.5,19,
SP-L8-046,equipment,SP,Small power: Side rooms,DB-L8-02C,8,230,1,2.1,,N,C08-0127,2.5,42,moved per RFI-112
BHP-L8-017,equipment,BHP,Bed-head power: Treatment room,DB-L8-02C,8,230,1,2.6,,N,C08-0128,2.5,20,
BHP-L8-018,equipment,BHP,Bed-head power: Nurse base (3),DB-L8-02C,8,230,1,1.5,,N,C08-0129,2.5,23,
BHP-L8-019,equipment,BHP,Bed-head power: Ward kitchen,DB-L8-02C,8,230,1,1.6,,N,C08-0130,2.5,46,
BHP-L8-020,equipment,BHP,Bed-head power: Side rooms (2),DB-L8-02C,8,230,1,1.5,,N,C08-0131,2.5,58,
BHP-L8-021,equipment,BHP,Bed-head power: Treatment room (2),DB-L8-02C,8,230,1,1.8,,N,C08-0132,2.5,49,
SP-L8-047,equipment,SP,Small power: Nurse base,DB-L8-02C,8,230,1,2.1,,N,C08-0133,2.5,24,
BHP-L8-023,equipment,BHP,Bed-head power: Treatment room (3),DB-L8-02C,8,230,1,2.9,,N,C08-0136,2.5,40,
SP-L8-048,equipment,SP,Small power: Side rooms (2),DB-L8-02C,8,230,1,2,,N,C08-0135,2.5,22,
BHP-L8-022,equipment,BHP,Bed-head power: Ward kitchen (2),DB-L8-02C,8,230,1,2.7,,N,C08-0134,2.5,35,
BEV-L8-002,equipment,BEV,Beverage bay: Corridor,DB-L8-02D,8,230,1,2.9,,N,C08-0140,2.5,46,
SP-L8-049,equipment,SP,Small power: Ward 8B,DB-L8-02D,8,230,1,3.2,,N,C08-0138,2.5,11,
EF-L8-002,EQUIPMENT,EF,Kitchen extract fan: Ward 8D,DB-L8-02D,8,400,3,2.2,,N,C08-0139,2.5,18,
DB-L8-02D,board,DB,Level 8 ward support,DB-L8-02,8,400,3,,130,,C08-0137,95,14,
SP-L8-053,equipment,SP,Small power: Side rooms,DB-L8-02D,8,230,1,2.5,,N,C08-0149,2.5,11,
SP-L8-050,equipment,SP,Small power: Ward 8B (2),DB-L8-02D,8,230,1,3.4,,N,C08-0142,2.5,8,
SP-L8-051,equipment,SP,Small power: Ward 8D,DB-L8-02D,8,230,1,2.4,,N,C08-0143,2.5,45,
BEV-L8-003,equipment,BEV,Beverage bay: Corridor (2),DB-L8-02D,8,230,1,3,,N,C08-0144,2.5,47,
FRG-L8-004,equipment,FRG,Medicines fridge: Ward 8D (2),DB-L8-02D,8,230,1,0.32,,N,C08-0151,2.5,31,
FRG-L8-003,equipment,FRG,Medicines fridge: Ward 8D,DB-L8-02D,8,230,1,0.45,,N,C08-0147,2.5,48,
FRG-L8-005,equipment,FRG,Medicines fridge: Ward 8B,DB-L8-02D,8,230,1,0.2,,N,C08-0154,2.5,40,
SP-L8-052,equipment,SP,Small power: Corridor,DB-L8-02D,8,230,1,2.4,,N,C08-0148,2.5,46,
FRG-L8-002,equipment,FRG,Medicines fridge: Side rooms,DB-L8-02D,8,230,1,0.25,,N,C08-0141,2.5,52,
SP-L8-054,equipment,SP,Small power: Ward 8B (3),DB-L8-02D,8,230,1,2.8,,N,C08-0150,2.5,55,
BEV-L8-004,equipment,BEV,Beverage bay: Side rooms,DB-L8-02D,8,230,1,2.6,,N,C08-0145,2.5,27,
SP-L8-055,equipment,SP,Small power: Corridor (2),DB-L8-02D,8,230,1,2.1,,N,C08-0152,2.5,53,
IHW-L8-003,equipment,IHW,Instantaneous water heater: Side rooms,DB-L8-02D,8,400,3,12,,N,C08-0153,2.5,22,
IHW-L8-004,equipment,IHW,Instantaneous water heater: Ward 8D,DB-L8-02D,8,400,3,9,,N,C08-0155,2.5,12,
BEV-L8-005,equipment,BEV,Beverage bay: Ward 8B,DB-L8-02D,8,230,1,2.1,,N,C08-0146,2.5,22,
BEV-L8-006,equipment,BEV,Beverage bay: Corridor (3),DB-L8-02D,8,230,1,2.7,,N,C08-0156,2.5,6,
DB-L8-03,board,DB,Level 8 renal & ward services distribution board,SMSB-B,8,400,3,,200,,C08-0157,185,48,
DB-L8-03A,board,DB,Level 8 renal dialysis unit,DB-L8-03,8,230,1,,50,,C08-0158,120,12,
NC-L8-003,EQUIPMENT,NC,Nurse call system: Side rooms,DB-L8-03A,8,230,1,0.55,,Y,C08-0159,2.5,15,
SP-L8-056,equipment,SP,Small power: Ward 8D,DB-L8-03A,8,230,1,3.2,,N,C08-0160,2.5,60,
DIA-L8-001,equipment,DIA,Dialysis machine: Day room,DB-L8-03A,8,230,1,2.7,,N,C08-0161,2.5,37,
SP-L8-057,equipment,SP,Small power: Ward 8B,DB-L8-03A,8,230,1,3.1,,N,C08-0162,2.5,47,
DIA-L8-002,equipment,DIA,Dialysis machine: Side rooms,DB-L8-03A,8,230,1,2.7,,no,C08-0163,2.5,5,
SP-L8-058,equipment,SP,Small power: Ward 8D (2),DB-L8-03A,8,230,1,2,,N,C08-0164,2.5,37,
SP-L8-059,equipment,SP,Small power: Day room,DB-L8-03A,8,230,1,2.4,,N,C08-0165,2.5,56,
SP-L8-060,equipment,SP,Small power: Ward 8B (2),DB-L8-03A,8,230,1,3.2,,no,C08-0166,2.5,15,
DIA-L8-003,equipment,DIA,Dialysis machine: Side rooms (2),DB-L8-03A,8,230,1,2.6,,N,C08-0167,2.5,58,
SP-L8-061,equipment,SP,Small power: Ward 8D (3),DB-L8-03A,8,230,1,2.3,,N,C08-0168,2.5,55,
SP-L8-062,equipment,SP,Small power: Day room (2),DB-L8-03A,8,230,1,2.5,,0,C08-0169,2.5,17,
MON-L8-001,equipment,MON,Patient monitoring: Ward 8B,DB-L8-03A,8,230,1,0.6,,N,C08-0170,2.5,48,spare way used
MON-L8-002,equipment,MON,Patient monitoring: Side rooms,DB-L8-03A,8,230,1,0.4,,N,C08-0171,2.5,8,
SP-L8-063,equipment,SP,Small power: Ward 8D (4),DB-L8-03A,8,230,1,1.9,,N,C08-0172,2.5,21,
DIA-L8-004,equipment,DIA,Dialysis machine: Day room (2),DB-L8-03A,8,230,1,2.1,,N,C08-0173,2.5,29,
DIA-L8-005,equipment,DIA,Dialysis machine: Ward 8B,DB-L8-03A,8,230,1,2.4,,N,C08-0174,2.5,22,
DB-L8-03B,board,DB,Level 8 dialysis water treatment,DB-L8-03,8,400,3,,50,,C08-0175,25,20,
RO-L8-001,equipment,RO,Dialysis RO water treatment plant,DB-L8-03B,8,400,3,7.5,,N,C08-0176,2.5,31,
PMP-L8-001,equipment,PMP,Chilled water pump: Nurse base,DB-L8-03B,8,400,3 ,5.5,,N,C08-0177,2.5,12,
WSR-L8-001,equipment,WSR,Water softener: Ward 8A,DB-L8-03B,8,230,1,0.53,,N,C08-0178,2.5,7,
SP-L8-064,equipment,SP,Small power: Sluice,DB-L8-03B,8,230,1,2.2,,N,C08-0179,2.5,55,
SP-L8-065,equipment,SP,Small power: Treatment room,DB-L8-03B,8,230,1,3.3,,N,C08-0180,2.5,48,
SP-L8-066,equipment,SP,Small power: Nurse base,DB-L8-03B,8,230,1,1.6,,N,C08-0181,2.5,12,
BMS-L8-001,equipment,BMS,BMS outstation: Sluice,DB-L8-03B,8,230,1,0.8,,FALSE,C08-0183,2.5,13,
SP-L8-067,equipment,SP,Small power: Ward 8A,DB-L8-03B,8,230,1,2.5,,N,C08-0182,2.5,31,
PMP-L8-002,equipment,PMP,LTHW heating pump: Treatment room,DB-L8-03B,8,400,3,5.5,,N,C08-0184,2.5,9,
DB-L8-03C,board,DB,Level 8 wards 8C-8D bed-head & nurse call,DB-L8-03,8,230,1,,80,,C08-0185,240,25,
NC-L8-004,equipment,NC,Nurse call system: Ward 8A,DB-L8-03C,8,230,1,0.56,,Y,C08-0186,2.5,56,
BHP-L8-031,equipment,BHP,Bed-head power: Sluice (3),DB-L8-03C,8,230,1,2.4,,N,C08-0195,2.5,12,
BHP-L8-025,equipment,BHP,Bed-head power: Corridor,DB-L8-03C,8,230,1,1.7,,N,C08-0188,2.5,30,
SP-L8-068,equipment,SP,Small power: Nurse base,DB-L8-03C,8,230,1,3.1,,N,C08-0189,2.5,46,
BHP-L8-026,equipment,BHP,Bed-head power: Ward 8A,DB-L8-03C,8,230,1,2.3,,N,C08-0190,2.5,26,
BHP-L8-027,equipment,BHP,Bed-head power: Sluice (2),DB-L8-03C,8,230,1,2,,N,C08-0191,2.5,56,
BHP-L8-028,equipment,BHP,Bed-head power: Corridor (2),DB-L8-03C,8,230,1,2.8,,N,C08-0192,2.5,17,
BHP-L8-029,equipment,BHP,Bed-head power: Nurse base,DB-L8-03C,8,230,1,2.1,,N,C08-0193,2.5,44,
BHP-L8-030,equipment,BHP,Bed-head power: Ward 8A (2),DB-L8-03C,8,230,1,1.5,,N,C08-0194,2.5,49,
BHP-L8-024,equipment,BHP,Bed-head power: Sluice,DB-L8-03C,8,230,1,3,,N,C08-0187,2.5,16,
BHP-L8-032,equipment,BHP,Bed-head power: Corridor (3),DB-L8-03C,8,230,1,1.8,,N,C08-0196,2.5,46,spare way used
SP-L8-069,equipment,SP,Small power: Nurse base (2),DB-L8-03C,8,230,1,1.9,,N,C08-0197,2.5,40,
DB-L8-03D,board,DB,Level 8 day room & ward kitchens,DB-L8-03,8,230,1,,45,,C08-0205,95,17,
BHP-L8-033,equipment,BHP,Bed-head power: Sluice (4),DB-L8-03C,8,230,1,2.2,,N,C08-0199,2.5,19,
BHP-L8-034,equipment,BHP,Bed-head power: Corridor (4),DB-L8-03C,8,230,1,1.8,,N,C08-0200,2.5,17,
LTG-L8-031,equipment,LTG,Lighting: Nurse base,DB-L8-03C,8,230,1,1,,N,C08-0201,1.5,60,
BHP-L8-035,equipment,BHP,Bed-head power: Ward 8A (3),DB-L8-03C,8,230,1,1.9,,N,C08-0202,2.5,47,
BHP-L8-036,equipment,BHP,Bed-head power: Sluice (5),DB-L8-03C,8,230,1,2.3,,N,C08-0203,2.5,45,
BHP-L8-037,equipment,BHP,Bed-head power: Corridor (5),DB-L8-03C,8,230,1,2.6,,N,C08-0204,2.5,59,
SP-L8-070,equipment,SP,Small power: Ward 8A,DB-L8-03C,8,230,1,2.7,,N,C08-0198,2.5,58,
FRG-L8-006,equipment,FRG,Medicines fridge: Sluice,DB-L8-03D,8,230,1,0.44,,N,C08-0206,2.5,25,
LTG-L8-032,equipment,LTG,Lighting: Ward 8B,DB-L8-03D,8,230,1,1.9,,N,C08-0207,1.5,56,
LTG-L8-033,Equipment,LTG,Lighting: Day room,DB-L8-03D,8,230,1,1.4,,N,C08-0208,1.5,30,
SP-L8-071,equipment,SP,Small power: Ward 8A,DB-L8-03D,8,230,1,2.8,,,C08-0209,2.5,25,
SP-L8-072,equipment,SP,Small power: Sluice,DB-L8-03D,8,230,1,3.4,,N,C08-0210,2.5,13,
BEV-L8-011,equipment,BEV,Beverage bay: Ward 8B,DB-L8-03D,8,230,1,2.2,,N,C08-0219,2.5,48,
BEV-L8-007,equipment,BEV,Beverage bay: Day room,DB-L8-03D,8,230,1,2.3,,N,C08-0212,2.5,31,
BEV-L8-008,equipment,BEV,Beverage bay: Ward 8A,DB-L8-03D,8,230,1,2.5,,N,C08-0213,2.5,14,
LTG-L8-034,equipment,LTG,Lighting: Sluice,DB-L8-03D,8,230,1,0.7,,N,C08-0214,1.5,44,
SP-L8-074,equipment,SP,Small power: Ward 8B (2),DB-L8-03D,8,230,1,2,,N,C08-0215,2.5,27,
BEV-L8-009,equipment,BEV,Beverage bay: Day room (2),DB-L8-03D,8,230,1,2.2,,N,C08-0216,2.5,28,
BEV-L8-010,equipment,BEV,Beverage bay: Ward 8A (2),DB-L8-03D,8,230,1,2.7,,N,C08-0217,2.5,12,
LTG-L8-035,equipment,LTG,Lighting: Sluice (2),DB-L8-03D,8,230,1,1.4,,N,C08-0218,1.5,26,
SP-L8-073,equipment,SP,Small power: Ward 8B,DB-L8-03D,8,230,1,2.3KW,,N,C08-0211,2.5,44,
SP-L8-075,equipment,SP,Small power: Day room,DB-L8-03D,8,230,1,1.7,,N,C08-0220,2.5,30,
BEV-L8-012,equipment,BEV,Beverage bay: Ward 8A (3),DB-L8-03D,8,230,1,2.6,,N,C08-0221,2.5,55,
DB-L8-04,board,DB,Level 8 mechanical services distribution board,SMSB-B,8,400,3,,500,,C08-0222,2x300,58,
AHU-L8-001,equipment,AHU,Air handling unit 1: Medical Wards,DB-L8-04,8,400,3,18.5,,N,C08-0223,6,18,as-built per site instruction SI-045
AHU-L8-002,equipment,AHU,Air handling unit 2: Medical Wards,DB-L8-04   ,8,400,3,11,,N,C08-0224,2.5,53,
DB-L8-04A,board,DB,Level 8 pumps & extract fans,DB-L8-04,8,400,3,,130,,C08-0225,95,22,
FCU-L8-001,equipment,FCU,Fan coil units: Ward 8D,DB-L8-04A,8,230,1,1.3,,N,C08-0226,2.5,27,
PMP-L8-003,equipment,PMP,Cold water booster pump: Day room,DB-L8-04A,8,400,3,3,,N,C08-0227,2.5,56,
HP-L8-003,equipment,HP,Heat pump: Side rooms,DB-L8-04A,8,400,3,7.5,,N,C08-0228,2.5,31,
PMP-L8-004,equipment,PMP,Chilled water pump: Sluice,DB-L8-04A,8,400,3,4,,N,C08-0229,2.5,50,
SF-L8-001,equipment,SF,Supply fan: Ward 8D,DB-L8-04A,8,400,3,3,,N,C08-0230,2.5,39,
PMP-L8-005,equipment,PMP,Condenser water pump: Day room,DB-L8-04A,8,400,3,7.5,,N,C08-0231,2.5,41,
EF-L8-003,equipment,EF,Dirty utility extract fan: Side rooms,DB-L8-04A,8,400,3,3,,N,C08-0232,2.5,42,
PMP-L8-006,equipment,PMP,Condenser water pump: Sluice,DB-L8-04A,8,400,3,2.2,,N,C08-0233,2.5,35,
PMP-L8-007,equipment,PMP,Cold water booster pump: Ward 8D,DB-L8-04A,8,400,3,3,,N,C08-0234,2.5,54,
EF-L8-004,equipment,EF,General extract fan: Day room,DB-L8-04A,8,400,3,3,,N,C08-0235,2.5,43,
EF-L8-005,equipment,EF,Plant room extract fan: Side rooms,DB-L8-04A,8,400,3,0.75,,N,C08-0236,2.5,37,
SF-L8-002,equipment,SF,Supply fan: Sluice,DB-L8-04A,8,400,3,4,,N,C08-0237,2.5,47,
EF-L8-006,equipment,EF,General extract fan: Ward 8D,DB-L8-04A,8,400,3,3,,N,C08-0238,2.5,47,
PMP-L8-008,equipment,PMP,Cold water booster pump: Day room (2),DB-L8-04A,8,400,3,5.5,,N,C08-0239,2.5,43,
EF-L8-007,equipment,EF,Dirty utility extract fan: Side rooms (2),DB-L8-04A,8,400,3,3,,N,C08-0240,2.5,19,
HP-L8-004,equipment,HP,Heat pump: Sluice,DB-L8-04A,8,400,3,15,,N,C08-0241,4,19,
HP-L8-005,equipment,HP,Heat pump: Ward 8D,DB-L8-04A,8,400,3,15,,N,C08-0242,4,14,
FCU-L8-005,equipment,FCU,Fan coil units: Ward 8D (2),DB-L8-04B,8,230,1,1.3,,N,C08-0251,2.5,39,
PMP-L8-009,equipment,PMP,Cold water booster pump: Side rooms,DB-L8-04A,8,400,3,11,,N,C08-0244,2.5,17,
DB-L8-04B,board,DB,Level 8 fan coil units & controls,DB-L8-04,8,230,1,,45,,C08-0245,95,25,
FCU-L8-002,equipment,FCU,Fan coil units: Side rooms,DB-L8-04B,8,230,1,0.9,,N,C08-0246,2.5,18,
FCU-L8-003,equipment,FCU,Fan coil units: Ward 8D,DB-L8-04B,8,230,1,2.2,,N,C08-0247,2.5,31,
TEF-L8-001,equipment,TEF,Toilet extract fan: Ward 8B,DB-L8-04B,8,230,1,0.24,,N,C08-0248,2.5,59,
FCU-L8-004,equipment,FCU,Fan coil units: Nurse base,DB-L8-04B,8,230,1,2.2,,N,C08-0249,2.5,25,
TEF-L8-002,equipment,TEF,Toilet extract fan: Side rooms,DB-L8-04B,8,230,1,0.59,,N,C08-0250,2.5,40,
EF-L8-008,equipment,EF,Isolation room extract fan: Day room,DB-L8-04A,8,400,3,4,,N,C08-0243,2.5,5,
FCU-L8-006,equipment,FCU,Fan coil units: Ward 8B,DB-L8-04B,8,230,1,1.8,,N,C08-0252,2.5,13,
BMS-L8-002,equipment,BMS,BMS outstation: Nurse base,DB-L8-04B,8,230,1,0.4,,N,C08-0253,2.5,6,
FCU-L8-007,equipment,FCU,Fan coil units: Side rooms (2),DB-L8-04B,8,230,1,1.5,,N,C08-0254,2.5,7,
TEF-L8-005,equipment,TEF,Toilet extract fan: Nurse base,DB-L8-04B,8,230,1,0.29,,N,C08-0261,2.5,35,
FCU-L8-009,equipment,FCU,Fan coil units: Ward 8B (2),DB-L8-04B,8,230,1,2.1,,N,C08-0256,2.5,36,
FCU-L8-010,equipment,FCU,Fan coil units: Nurse base (2),DB-L8-04B,8,230,1,1.8,,N,C08-0257,2.5,35,
BMS-L8-003,equipment,BMS,BMS outstation: Side rooms,DB-L8-04B,8,230,1,1,,N,C08-0258,2.5,7,
TEF-L8-003,equipment,TEF,Toilet extract fan: Ward 8D,DB-L8-04B,8,230,1,0.51,,N,C08-0259,2.5,52,
TEF-L8-004,equipment,TEF,Toilet extract fan: Ward 8B (2),DB-L8-04B,8,230,1,0.38,,N,C08-0260,2.5,53,
FCU-L8-008,equipment,FCU,Fan coil units: Ward 8D (3),DB-L8-04B,8,230,1,1.3,,N,C08-0255,2.5,12,
BMS-L8-004,equipment,BMS,BMS outstation: Side rooms (2),DB-L8-04B,8,230,1,0.8,,N,C08-0262,2.5,5,
BMS-L8-005,equipment,BMS,BMS outstation: Ward 8D,DB-L8-04B,8,230,1,1,,N,C08-0263,2.5,14,
DB-L8-04C,board,DB,Level 8 heat pumps & supply fans,DB-L8-04,8,400,3,,120,,C08-0264,95,7,
HP-L8-006,equipment,HP,Heat pump: Ward kitchen,DB-L8-04C,8,400,3,5.5,,N,C08-0265,2.5,39,
PMP-L8-010,equipment,PMP,LTHW heating pump: Ward 8A,DB-L8-04C,8,400,3,7.5,,N,C08-0266,2.5,52,
FCU-L8-011,equipment,FCU,Fan coil units: Ward 8C,DB-L8-04C,8,230,1,1.7,,N,C08-0267,2.5,24,
EF-L8-009,equipment,EF,Plant room extract fan: Side rooms,DB-L8-04C,8,400,3,0.75,,N,C08-0268,2.5,56,
SF-L8-003,equipment,SF,Supply fan: Ward kitchen,DB-L8-04C,8,400,3,1.1,,N,C08-0269,2.5,13,
PMP-L8-011,equipment,PMP,Cold water booster pump: Ward 8A,DB-L8-04C,8,400,3,5.5,,N,C08-0270,2.5,7,
PMP-L8-012,equipment,PMP,LTHW heating pump: Ward 8C,DB-L8-04C,8,400,3,4,,N,C08-0271,2.5,54,
PMP-L8-013,Equipment,PMP,Chilled water pump: Side rooms,DB-L8-04C,8,400,3,3,,N,C08-0272,2.5,49,
EF-L8-010,equipment,EF,Isolation room extract fan: Ward kitchen,DB-L8-04C,8,400,3,0.75,,N,C08-0273,2.5,49,"rating taken from nameplate, not O&M manual"
PMP-L8-014,equipment,PMP,DHW secondary pump: Ward 8A,DB-L8-04C,8,400,3,7.5,,N,C08-0274,2.5,58,
PMP-L8-015,equipment,PMP,Cold water booster pump: Ward 8C,DB-L8-04C,8,400,3,4,,N,C08-0275,2.5,55,
HP-L8-007,equipment,HP,Heat pump: Side rooms,DB-L8-04C,8,400,3,7.5,,N,C08-0276,2.5,39,
PMP-L8-016,equipment,PMP,Chilled water pump: Ward kitchen,DB-L8-04C,8,400,3,5.5,,N,C08-0277,2.5,54,
EF-L8-011,equipment,EF,Plant room extract fan: Ward 8A,DB-L8-04C,8,400,3,1.1,,N,C08-0278,2.5,43,
EF-L8-012,equipment,EF,Dirty utility extract fan: Ward 8C,DB-L8-04C,8,400,3,1.1,,n,C08-0279,2.5,48,
EF-L8-014,equipment,EF,Isolation room extract fan: Ward kitchen (2),DB-L8-04C,8,400,3,4,,N,C08-0281,2.5,12,
EF-L8-013,equipment,EF,Dirty utility extract fan: Side rooms,DB-L8-04C,8,400,3,0.75,,N,C08-0280,2.5,45,
DB-L8-04D,board,DB,Level 8 fan coil units & controls,DB-L8-04,8,230,1,,40,,C08-0282,70,6,
FCU-L8-012,equipment,FCU,Fan coil units: Corridor,DB-L8-04D,8,230,1,1.7,,N,C08-0283,2.5,32,
TEF-L8-006,equipment,TEF,Toilet extract fan: Sluice,DB-L8-04D,8,230,1,0.43,,N,C08-0284,2.5,37,
TEF-L8-007,equipment,TEF,Toilet extract fan: Renal unit,DB-L8-04D,8,230,1,0.43,,N,C08-0285,2.5,7,
FCU-L8-013,equipment,FCU,Fan coil units: Day room,DB-L8-04D,8,230,1,2.5,,N,C08-0286,2.5,59,
FCU-L8-014,equipment,FCU,Fan coil units: Corridor (2),DB-L8-04D,8,230,1,2,,no,C08-0287,2.5,39,
FCU-L8-018,equipment,FCU,Fan coil units: Corridor (3),DB-L8-04D,8,230,1,2.1,,N,C08-0291,2.5,6,
FCU-L8-016,equipment,FCU,Fan coil units: Renal unit,DB-L8-04D,8,230,1,1.7,,N,C08-0289,2.5,32,
FCU-L8-017,equipment,FCU,Fan coil units: Day room (2),DB-L8-04D,8,230,1,1.2,,N,C08-0290,2.5,43,
FCU-L8-015,equipment,FCU,Fan coil units: Sluice,DB-L8-04D,8,230,1,1.5,,N,C08-0288,2.5,25,
FCU-L8-019,equipment,FCU,Fan coil units: Sluice (2),DB-L8-04D,8,230,1,1.2,,N,C08-0292,2.5,5,
FCU-L8-020,equipment,FCU,Fan coil units: Renal unit (2),DB-L8-04D,8,230,1,1.8,,N,C08-0293,2.5,58,
FCU-L8-021,equipment,FCU,Fan coil units: Day room (3),DB-L8-04D,8,230,1,1.7,,N,C08-0294,2.5,35,
FCU-L8-022,equipment,FCU,Fan coil units: Corridor (4),DB-L8-04D,8,230,1,2.1,,N,C08-0295,2.5,6,
FCU-L8-023,equipment,FCU,Fan coil units: Sluice (3),DB-L8-04D,8,230,1,1.1,,N,C08-0296,2.5,34,
FCU-L8-024,equipment,FCU,Fan coil units: Renal unit (3),DB-L8-04D,8,230,1,1.3,,N,C08-0297,2.5,46,
FCU-L8-025,equipment,FCU,Fan coil units: Day room (4),DB-L8-04D,8,230,1,1.3,,N,C08-0298,2.5,37,
DB-L8-E,board,DB,Level 8 essential services board,SMSB-E,8,400,3,,55,,C08-0299,25,59,
EM-L8-003,equipment,EM,Emergency lighting: stair core 1 (L8),DB-L8-E,8,230,1,0.46,,Y,C08-0300,1.5,20,
EM-L8-004,equipment,EM,Emergency lighting: stair core 2 (L8),DB-L8-E,8,230,1,0.26,,Y,C08-0301,1.5,55,
EM-L8-005,equipment,EM,Emergency lighting: escape corridors (L8),DB-L8-E,8,230,1,0.22,,Y,C08-0302,1.5,27,
FA-L8-001,equipment,FA,Fire alarm panel (level 8),DB-L8-E,8,230,1,0.37,,Y,C08-0303,2.5,58,
SP-L8-076,equipment,SP,Essential small power: Ward 8A,DB-L8-E,8,230,1,2.1,,N,C08-0304,2.5,6,
LTG-L8-036,equipment,LTG,Essential lighting: Ward 8C,DB-L8-E,8,230,1,1.2,,N,C08-0305,1.5,41,
LTG-L8-037,equipment,LTG,Essential lighting: Sluice,DB-L8-E,8,230,1,1.2,,N,C08-0306,1.5,15,
LTG-L8-038,equipment,LTG,Essential lighting: Ward kitchen,DB-L8-E,8,230,1,0.6,,N,C08-0307,1.5,59,
SP-L8-077,equipment,SP ,Essential small power: Ward 8A (2),DB-L8-E,8,230,1,2.9,,N,C08-0308,2.5,20,
LTG-L8-039,equipment,LTG,Essential lighting: Ward 8C (2),DB-L8-E,8,230,1,1.4KW,,N,C08-0309,1.5,58,
CCTV-L8-005,equipment,CCTV,CCTV: Sluice,DB-L8-E,8,230,1,0.43KW,,N,C08-0310,2.5,10,moved per RFI-112
ACC-L8-002,equipment,ACC,Access control panel: Ward kitchen,DB-L8-E,8,230,1,0.31,,N,C08-0311,2.5,45,spare way used
LTG-L8-040,equipment,LTG,Essential lighting: Ward 8A,DB-L8-E,8,230,1,0.9,,N,C08-0312,1.5,23,
SP-L8-078,equipment,SP,Essential small power: Ward 8C,DB-L8-E,8,230,1,3.4,,N,C08-0313,2.5,27,
BMS-L8-006,equipment,BMS,BMS outstation: Sluice,DB-L8-E,8,230,1,0.5,,N,C08-0314,2.5,51,
LTG-L8-041,equipment,LTG,Essential lighting: Ward kitchen (2),DB-L8-E,8,230,1,1.8,,N,C08-0315,1.5,33,
LTG-L8-042,equipment,LTG,Essential lighting: Ward 8A (2),DB-L8-E,8,230,1,1.9,,N,C08-0316,1.5,57,
ACC-L8-003,equipment,ACC,Access control panel: Ward 8C,DB-L8-E,8,230,1,0.44,,N,C08-0317,2.5,48,
LTG-L8-043,equipment,LTG,Essential lighting: Sluice (2),DB-L8-E,8,230,1,1.4,,N,C08-0318,1.5,28,
LTG-L8-044,equipment,LTG,Essential lighting: Ward kitchen (3),DB-L8-E,8,230,1,0.7,,N,C08-0319,1.5,20,
SP-L8-079,equipment,SP,Essential small power: Ward 8A (3),DB-L8-E,8,230,1,2,,N,C08-0320,2.5,52,
LTG-L8-045,equipment,  LTG  ,Essential lighting: Ward 8C (3),DB-L8-E,8,230,1,0.5,,N,C08-0321,1.5,53,route changed to avoid MRI shielding
LTG-L8-046,equipment,LTG,Essential lighting: Sluice (3),DB-L8-E,8,230,1,0.6,,N,C08-0322,1.5,13,
CCTV-L8-006,equipment,CCTV,CCTV: Ward kitchen,DB-L8-E,8,230,1,0.3,,N,C08-0323,2.5,23,
SP-L8-080,equipment,SP,Essential small power: Ward 8A (4),DB-L8-E,8,230,1,1.9,,N,C08-0324,2.5,5,
LTG-L8-047,equipment,LTG,Essential lighting: Ward 8C (4),DB-L8-E,8,230,1,1.7,,,C08-0325,1.5,60,
DATA-L8-003,equipment,DATA,Comms cabinet: Sluice,DB-L8-E,8,230,1,1.6,,N,C08-0326,2.5,45,
DB-L9-01,board,DB,Level 9 Surgical Wards north wing distribution board,SMSB-C,9,400,3,,270,,C09-0001,300,68,
HP-L9-001,equipment,HP,Heat pump: L9 north wing,DB-L9-01,9,400,3,15,,N,C09-0002,4,10,
DATA-L9-001,equipment,DATA,Floor comms room: L9 north wing,DB-L9-01,9,230,1,1.8,,N,C09-0003,2.5,37,
LTG-L9-001,equipment,LTG,Lighting: Treatment room,DB-L9-01A,9,230,1,0.9,,N,C09-0006,1.5,11,
EM-L9-001,equipment,EM,Emergency lighting: L9 north wing,DB-L9-01A,9,230,1,0.38,,Y,C09-0005,1.5,25,
DB-L9-01A,board,DB,Level 9 lighting,DB-L9-01,9,230,1,,30,,C09-0004,50,5,
LTG-L9-002,equipment,LTG,Lighting: Corridor,DB-L9-01A,9,230,1,1.5,,N,C09-0007,1.5,27,
LTG-L9-007,equipment,LTG,Lighting: Treatment room (2),DB-L9-01A,9,230,1,1.7,,N,C09-0014,1.5,37,
CCTV-L9-001,equipment,CCTV,CCTV: Nurse base,DB-L9-01A,9,230,1,0.41,,N,C09-0009,2.5,34,
ACC-L9-001,equipment,ACC,Access control panel: Treatment room,DB-L9-01A,9,230,1,0.31,,N,C09-0010,2.5,60,
LTG-L9-004,equipment,LTG,Lighting: Corridor (2),DB-L9-01A,9,230,1,1.8,,N,C09-0011,1.5,57,
LTG-L9-005,equipment,LTG,Lighting: Ward kitchen (2),DB-L9-01A,9,230,1,0.6,,N,C09-0012,1.5,58,
LTG-L9-006,equipment,LTG,Lighting: Nurse base,DB-L9-01A,9,230,1,1.3,,N,C09-0013,1.5,60,
LTG-L9-003,equipment,LTG,Lighting: Ward kitchen,DB-L9-01A,9,230,1,1.1,,N,C09-0008,1.5,13,
LTG-L9-008,equipment,LTG,Lighting: Corridor (3),DB-L9-01A,9,230,1,1.7,,N,C09-0015,1.5,48,
LTG-L9-009,equipment,LTG,Lighting: Ward kitchen (3),DB-L9-01A,9,230,1,0.6,,N,C09-0016,1.5,44,to be verified at commissioning
LTG-L9-010,equipment,LTG,Lighting: Nurse base (2),DB-L9-01A,9,230,1,0.7,,N,C09-0017,1.5,42,
LTG-L9-011,equipment,LTG,Lighting: Treatment room (3),DB-L9-01A,9,230,1,1.7,,N,C09-0018,1.5,34,
LTG-L9-012,equipment,LTG,Lighting: Corridor (4),DB-L9-01A,9,230,1,1.1,,N,C09-0019,1.5,29,
LTG-L9-013,equipment,LTG,Lighting: Ward kitchen (4),DB-L9-01A,9,230,1,1.2,,N,C09-0020,1.5,44,
LTG-L9-014,equipment,LTG,Lighting: Nurse base (3),DB-L9-01A,9,230,1,1.6,,N,C09-0021,1.5,30,
LTG-L9-015,equipment,LTG,Lighting: Treatment room (4),DB-L9-01A,9,230,1,0.5,,N,C09-0022,1.5,16,
LTG-L9-016,equipment,LTG,Lighting: Corridor (5),DB-L9-01A,9,230,1,0.9,,N,C09-0023,1.5,16,
DB-L9-01B,board,DB,Level 9 small power,DB-L9-01,9,230,1,,60,,C09-0024,150,11,
SP-L9-001,equipment,SP,Small power: Treatment room,DB-L9-01B,9,230,1,3.5,,N,C09-0025,2.5,10,
HD-L9-001,equipment,HD,Hand dryer: Ward 9A,DB-L9-01B,9,230,1,2,,N,C09-0026,2.5,5,
SP-L9-002,equipment,SP,Small power: Ward 9B,DB-L9-01B,9,230,1,1.6,,N,C09-0027,2.5,6,
SP-L9-003,equipment,SP,Small power: Discharge lounge,DB-L9-01B,9,230,1,3,,N,C09-0028,2.5,44,
SP-L9-004,equipment,SP,Small power: Treatment room (2),DB-L9-01B,9,230,1,1.6,,N,C09-0029,2.5,57,
SP-L9-005,equipment,SP,Small power: Ward 9A,DB-L9-01B,9,230,1,2.3kW,,N,C09-0030,2.5,45,
SP-L9-006,equipment,SP,Small power: Ward 9B (2),DB-L9-01B,9,230,1,1.7,,N,C09-0031,2.5,48,
SP-L9-007,equipment,SP,Small power: Discharge lounge (2),DB-L9-01B,9,230,1,2.4,,N,C09-0032,2.5,41,
SP-L9-008,equipment,SP,Small power: Treatment room (3),DB-L9-01B,9,230,1,1.9,,N,C09-0033,2.5,12,
SP-L9-009,equipment,SP,Small power: Ward 9A (2),DB-L9-01B,9,230,1,2,,N,C09-0034,2.5,49,
HW-L9-001,equipment,HW,Water heater: Ward 9B,DB-L9-01B,9,230,1,2.5,,N,C09-0035,2.5,58,
SP-L9-010,equipment,SP,Small power: Discharge lounge (3),DB-L9-01B,9,230,1,3,,N,C09-0036,2.5,34,
SP-L9-011,equipment,SP,Small power: Treatment room (4),DB-L9-01B,9,230,1,1.5,,N,C09-0037,2.5,43,
BHP-L9-001,equipment,BHP,Bed-head power: Ward 9A,DB-L9-01C,9,230,1,2,,N,C09-0045,2.5,45,
SP-L9-012,equipment,SP,Small power: Ward 9B (3),DB-L9-01B,9,230,1,2.8,,N,C09-0039,2.5,49,
SP-L9-013,equipment,SP,Small power: Discharge lounge (4),DB-L9-01B,9,230,1,2.9,,N,C09-0040,2.5,47,
SP-L9-014,equipment,SP,Small power: Treatment room (5),DB-L9-01B,9,230,1,3.2,,N,C09-0041,2.5,44,
SP-L9-015,equipment,SP,Small power: Ward 9A (3),DB-L9-01B,9,230,1,2.9,,N,C09-0042,2.5,44,
DB-L9-01C,board,DB,Level 9 ward bed-head & nurse call,DB-L9-01,9,230,1,,80,,C09-0043,240,9,
NC-L9-001,equipment,NC,Nurse call system: Ward kitchen,DB-L9-01C,9,230,1,0.48,,Y,C09-0044,2.5,55,
HD-L9-002,equipment,HD,Hand dryer: Ward 9A (2),DB-L9-01B,9,230,1,1.6,,N,C09-0038,2.5,57,
BHP-L9-002,equipment,BHP,Bed-head power: Sluice,DB-L9-01C,9,230,1,1.9,,N,C09-0046,2.5,16,
BHP-L9-006,equipment,BHP,Bed-head power: Treatment room (2),DB-L9-01C,9,230,1,1.9,,N,C09-0051,2.5,36,
BHP-L9-004,equipment,BHP,Bed-head power: Ward kitchen,DB-L9-01C,9,230,1,2.5,,N,C09-0048,2.5,15,
SP-L9-016,equipment,SP,Small power: Ward 9A,DB-L9-01C,9,230,1,3.1,,N,C09-0049,2.5,58,
BHP-L9-005,equipment,BHP,Bed-head power: Sluice (2),DB-L9-01C,9,230,1,1.9,,N,C09-0050,2.5,39,
BHP-L9-003,equipment,BHP,Bed-head power: Treatment room,DB-L9-01C,9,230,1,2.9,,N,C09-0047,2.5,38,
SP-L9-017,equipment,SP,Small power: Ward kitchen,DB-L9-01C,9,230,1,2.8,,N,C09-0052,2.5,34,
BHP-L9-007,equipment,BHP,Bed-head power: Ward 9A (2),DB-L9-01C,9,230,1,2.2,,N,C09-0053,2.5,51,
BHP-L9-008,equipment,BHP,Bed-head power: Sluice (3),DB-L9-01C,9,230,1,2.4,,N,C09-0054,2.5,53,
BHP-L9-009,equipment,BHP,Bed-head power: Treatment room (3),DB-L9-01C,9,230,1,2.6,,N,C09-0055,2.5,36,
BHP-L9-010,equipment,BHP,Bed-head power: Ward kitchen (2),DB-L9-01C,9,230,1,1.5,,N,C09-0056,2.5,45,
BHP-L9-011,equipment,BHP,Bed-head power: Ward 9A (3),DB-L9-01C,9,230,1,1.8,,N,C09-0057,2.5,19,
BHP-L9-012,equipment,BHP,Bed-head power: Sluice (4),DB-L9-01C,9,230,1,2,,N,C09-0058,2.5,49,
BHP-L9-013,equipment,BHP,Bed-head power: Treatment room (4),DB-L9-01C,9,230,1,2.8,,N,C09-0059,2.5,60,
BHP-L9-014,equipment,BHP,Bed-head power: Ward kitchen (3),DB-L9-01C,9,230,1,2.1,,N,C09-0060,2.5,37,as-built per site instruction SI-045
BHP-L9-015,equipment,BHP,Bed-head power: Ward 9A (4),DB-L9-01C,9,230,1,1.7,,,C09-0061,2.5,20,
LTG-L9-017,equipment,LTG,Lighting: Sluice,DB-L9-01C,9,230,1,1.5,,N,C09-0062,1.5,23,
SP-L9-019,equipment,SP,Small power: Day room,DB-L9-01D,9,230,1,3.2,,N,C09-0067,2.5,15,
FRG-L9-001,equipment,FRG,Medicines fridge: Ward 9B,DB-L9-01D,9,230,1,0.26,,N,C09-0064,2.5,43,
FRG-L9-002,equipment,FRG,Medicines fridge: Treatment room,DB-L9-01D,9,230,1,0.26,,N,C09-0065,2.5,36,
SP-L9-018,equipment,SP,Small power: Sluice,DB-L9-01D,9,230,1,2.3,,N,C09-0066,2.5,41,
DB-L9-01D,board,DB,Level 9 ward support,DB-L9-01,9,400,3,,85,,C09-0063,50,6,
IHW-L9-001,equipment,IHW,Instantaneous water heater: Ward 9B,DB-L9-01D,9,400,3,9,,N,C09-0068,2.5,7,
IHW-L9-002,equipment,IHW,Instantaneous water heater: Treatment room,DB-L9-01D,9,400,3,9,,N,C09-0069,2.5,34,
FRG-L9-003,equipment,FRG,Medicines fridge: Sluice,DB-L9-01D,9,230,1,0.24,,N,C09-0070,2.5,23,
SP-L9-020,equipment,SP,Small power: Day room (2),DB-L9-01D,9,230,1,2.5,,N,C09-0071,2.5,24,
SP-L9-026,equipment,SP,Small power: Ward 9B (2),DB-L9-01D,9,230,1,3.3,,N,C09-0080,2.5,30,
SP-L9-021,equipment,SP,Small power: Treatment room,DB-L9-01D,9,230,1,2.1,,N,C09-0073,2.5,34,
SP-L9-023,equipment,SP,Small power: Ward 9B,DB-L9-01D,9,230,1,1.6,,N,C09-0076,2.5,9,
SP-L9-022,equipment,SP,Small power: Day room (3),DB-L9-01D,9,230,1,2,,N,C09-0075,2.5,45,
BEV-L9-001,equipment,BEV,Beverage bay: Sluice,DB-L9-01D,9,230,1,2.4,,N,C09-0074,2.5,6,
SP-L9-024,equipment,SP,Small power: Treatment room (2),DB-L9-01D,9,230,1,1.9,,N,C09-0077,2.5,35,
IHW-L9-004,equipment,IHW,Instantaneous water heater: Sluice,DB-L9-01D,9,400,3,12,,N,C09-0078,2.5,13,
SP-L9-025,equipment,SP,Small power: Day room (4),DB-L9-01D,9,230,1,2.6,,N,C09-0079,2.5,30,
IHW-L9-003,equipment,IHW,Instantaneous water heater: Ward 9B (2),DB-L9-01D,9,400,3,12,,no,C09-0072,2.5,57,
DB-L9-02,board,DB,Level 9 Surgical Wards south wing distribution board,SMSB-C,9,400,3,,230,,C09-0081,240,62,
HP-L9-002,equipment,HP,Heat pump: L9 south wing,DB-L9-02,9,400,3,7.5,,N,C09-0082,2.5,35,
DATA-L9-002,equipment,DATA,Floor comms room: L9 south wing,DB-L9-02,9,230,1,2.1,,N,C09-0083,2.5,49,
DB-L9-02A,board,DB,Level 9 lighting,DB-L9-02,9,230,1,,30,,C09-0084,50,11,
EM-L9-002,equipment,EM,Emergency lighting: L9 south wing,DB-L9-02A,9,230,1,0.45,,Y,C09-0085,1.5,19,
LTG-L9-018,equipment,LTG,Lighting: Corridor,DB-L9-02A,9,230,1,1.7,,N,C09-0086,1.5,58,
CCTV-L9-002,equipment,CCTV,CCTV: Ward kitchen,DB-L9-02A,9,230,1,0.33,,N,C09-0087,2.5,14,
LTG-L9-019,equipment,LTG,Lighting: Ward 9C,DB-L9-02A,9,230,1,1.9 kW,,N,C09-0088,1.5,34,
LTG-L9-020,equipment,LTG,Lighting: Day room,DB-L9-02A,9,230,1,0.7,,N,C09-0089,1.5,36,
LTG-L9-021,equipment,LTG,Lighting: Corridor (2),DB-L9-02A,9,230,1,1.7,,N,C09-0090,1.5,38,
LTG-L9-022,equipment,LTG,Lighting: Ward kitchen,DB-L9-02A,9,230,1,0.9,,N,C09-0091,1.5,56,
LTG-L9-023,equipment,LTG,Lighting: Ward 9C (2),DB-L9-02A,9,230,1,2,,N,C09-0092,1.5,16,
ACC-L9-002,equipment,ACC,Access control panel: Day room,DB-L9-02A,9,230,1,0.36,,N,C09-0093,2.5,22,
CCTV-L9-003,equipment,CCTV,CCTV: Corridor,DB-L9-02A,9,230,1,0.22,,N,C09-0094,2.5,34,
LTG-L9-024,equipment,LTG,Lighting: Ward kitchen (2),DB-L9-02A,9,230,1,1.5,,N,C09-0095,1.5,6,label missing on site
LTG-L9-025,equipment,LTG,Lighting: Ward 9C (3),DB-L9-02A,9,230,1,0.9,,N,C09-0096,1.5,60,
LTG-L9-026,EQUIPMENT,LTG,Lighting: Day room (2),DB-L9-02A,9,230,1,1,,N,C09-0097,1.5,38,
LTG-L9-027,equipment,LTG,Lighting: Corridor (3),DB-L9-02A,9,230,1,1,,N,C09-0098,1.5,51,
LTG-L9-028,equipment,LTG,Lighting: Ward kitchen (3),DB-L9-02A,9,230,1,0.8,,N,C09-0099,1.5,5,
LTG-L9-029,equipment,LTG,Lighting: Ward 9C (4),DB-L9-02A,9,230,1,0.9,,N,C09-0100,1.5,49,
LTG-L9-030,equipment,LTG,Lighting: Day room (3),DB-L9-02A,9,230,1,1.4,,N,C09-0101,1.5,33,
LTG-L9-031,equipment,LTG,Lighting: Corridor (4),DB-L9-02A,9,230,1,2,,N,C09-0102,1.5,53,
LTG-L9-032,equipment,LTG,Lighting: Ward kitchen (4),DB-L9-02A,9,230,1,1.8,,N,C09-0103,1.5,39,
DB-L9-02B,board,DB,Level 9 small power,DB-L9-02,9,230,1,,60,,C09-0104,150,10,
SP-L9-027,equipment,SP,Small power: Ward 9D,DB-L9-02B,9,230,1,1.6,,,C09-0105,2.5,17,
HD-L9-003,equipment,HD,Hand dryer: Ward 9B,DB-L9-02B,9,230,1,1.8,,N,C09-0106,2.5,34,
SP-L9-033,equipment,SP,Small power: Side rooms (2),DB-L9-02B,9,230,1,2.1,,N,C09-0112,2.5,37,
SP-L9-031,equipment,SP,Small power: Ward 9B,DB-L9-02B,9,230,1,2.2,,N,C09-0110,2.5,17,
SP-L9-030,equipment,SP,Small power: Ward 9D (2),DB-L9-02B,9,230,1,2.6,,N,C09-0109,2.5,40,
SP-L9-029,equipment,SP,Small power: Side rooms,DB-L9-02B,9,230,1,2.7,,N,C09-0108,2.5,48,
SP-L9-032,equipment,SP,Small power: Ward 9A (2),DB-L9-02B,9,230,1,3.4,,N,C09-0111,2.5,22,as-built per site instruction SI-045
SP-L9-028,equipment,SP,Small power: Ward 9A,DB-L9-02B,9,230,1,2.4,,no,C09-0107,2.5,48,
SP-L9-034,equipment,SP,Small power: Ward 9D (3),DB-L9-02B,9,230,1,3.4,,no,C09-0113,2.5,11,
SP-L9-035,equipment,SP,Small power: Ward 9B (2),DB-L9-02B,9,230,1,2.5,,N,C09-0114,2.5,25,
SP-L9-036,equipment,SP,Small power: Ward 9A (3),DB-L9-02B,9,230,1,2.8,,N,C09-0115,2.5,42,
SP-L9-037,equipment,SP,Small power: Side rooms (3),DB-L9-02B,9,230,1,1.6,,N,C09-0116,2.5,33,
SP-L9-038,equipment,SP,Small power: Ward 9D (4),DB-L9-02B,9,230,1,2,,N,C09-0117,2.5,43,
HD-L9-004,equipment,HD,Hand dryer: Ward 9B (2),DB-L9-02B,9,230,1,1.3,,N,C09-0118,2.5,30,
SP-L9-039,equipment,SP,Small power: Ward 9A (4),DB-L9-02B,9,230,1,2.9,,N,C09-0119,2.5,44,
BEV-L9-002,equipment,BEV,Beverage bay: Side rooms,DB-L9-02B,9,230,1,2.7,,N,C09-0120,2.5,42,
SP-L9-040,equipment,SP,Small power: Ward 9D (5),DB-L9-02B,9,230,1,2.9,,N,C09-0121,2.5,41,
BHP-L9-019,equipment,BHP,Bed-head power: Sluice (2),DB-L9-02C,9,230,1,2,,N,C09-0129,2.5,17,
NC-L9-002,equipment,NC,Nurse call system: Discharge lounge,DB-L9-02C,9,230,1,0.39,,Y,C09-0123,2.5,51,
SP-L9-041,equipment,SP,Small power: Ward kitchen,DB-L9-02C,9,230,1,2.3,,N,C09-0124,2.5,23,
BHP-L9-016,equipment,BHP,Bed-head power: Sluice,DB-L9-02C,9,230,1,2.8,,N,C09-0125,2.5,48,
BHP-L9-017,equipment,BHP,Bed-head power: Nurse base,DB-L9-02C,9,230,1,2.3,,no,C09-0126,2.5,43,
BHP-L9-018,equipment,BHP,Bed-head power: Discharge lounge,DB-L9-02C,9,230,1,2.3,,N,C09-0127,2.5,23,
SP-L9-042,equipment,SP,Small power: Ward kitchen (2),DB-L9-02C,9,230,1,2.9,,N,C09-0128,2.5,12,
DB-L9-02C,Board,DB,Level 9 ward bed-head & nurse call,DB-L9-02,9,230,1,,50,,C09-0122,120,7,
BHP-L9-020,Equipment,BHP,Bed-head power: Nurse base (2),DB-L9-02C,9,230,1,1.9,,N,C09-0130,2.5,17,
BHP-L9-021,Equipment,BHP,Bed-head power: Discharge lounge (2),DB-L9-02C,9,230,1,2.9,,N,C09-0131,2.5,50,
BHP-L9-022,equipment,BHP,Bed-head power: Ward kitchen,DB-L9-02C,9,230,1,1.5,,N,C09-0132,2.5,25,
BHP-L9-023,equipment,BHP,Bed-head power: Sluice (3),DB-L9-02C,9,230,1,2.6,,N,C09-0133,2.5,25,
BHP-L9-024,equipment,BHP,Bed-head power: Nurse base (3),DB-L9-02C,9,230,1,2.1,,N,C09-0134,2.5,34,
BHP-L9-025,equipment,BHP,Bed-head power: Discharge lounge (3),DB-L9-02C,9,230,1,2.7,,N,C09-0135,2.5,5,
BHP-L9-026,equipment,BHP,Bed-head power: Ward kitchen (2),DB-L9-02C,9,230,1,2,,N,C09-0136,2.5,39,
DB-L9-02D,board,DB,Level 9 ward support,DB-L9-02,9,400,3,,60,,C09-0142,35,5,
BHP-L9-028,equipment,BHP,Bed-head power: Nurse base (4),DB-L9-02C,9,230,1,2.2,,N,C09-0138,2.5,37,
BHP-L9-029,equipment,BHP,Bed-head power: Discharge lounge (4),DB-L9-02C,9,230,1,2.1,,N,C09-0139,2.5,33,
LTG-L9-033,equipment,LTG,Lighting: Ward kitchen,DB-L9-02C,9,230,1,1.1,,N,C09-0140,1.5,52,
BHP-L9-030,equipment,BHP,Bed-head power: Sluice (5),DB-L9-02C,9,230,1,2.5,,N,C09-0141,2.5,22,
BHP-L9-027,equipment,BHP,Bed-head power: Sluice (4),DB-L9-02C,9,230,1,2,,N,C09-0137,2.5,21,
FRG-L9-004,equipment,FRG,Medicines fridge: Day room,DB-L9-02D,9,230,1,0.27,,N,C09-0143,2.5,34,
BEV-L9-003,equipment,BEV,Beverage bay: Day room,DB-L9-02D,9,230,1,2.8,,N,C09-0147,2.5,57,
SP-L9-044,equipment,SP,Small power: Treatment room,DB-L9-02D,9,230,1,1.7,,N,C09-0145,2.5,8,
SP-L9-045,equipment,SP,Small power: Ward 9D,DB-L9-02D,9,230,1,2.5,,N,C09-0146,2.5,33,
SP-L9-043,equipment,SP,Small power: Sluice,DB-L9-02D,9,230,1,2.8,,N,C09-0144,2.5,7,as-built per site instruction SI-045
SP-L9-046,equipment,SP,Small power: Sluice (2),DB-L9-02D,9,230,1,2.2,,N,C09-0148,2.5,37,
EF-L9-002,equipment,EF,Dirty utility extract fan: Day room,DB-L9-02D,9,400,3,2.2,,N,C09-0155,2.5,32,
DB-L9-X1,board,DB,Level 9 temporary board X1 (ward 9B refurb),DB-L9-X1,9,400,3,,30,,C09-9001,10,9,
SP-L9-047,equipment,SP,Small power: Ward 9D (2),DB-L9-02D,9,230,1,2.8,,N,C09-0150,2.5,22,
SP-L9-048,equipment,SP,Small power: Day room,DB-L9-02D,9,230,1,2.8,,N,C09-0151,2.5,38,
FRG-L9-006,equipment,FRG,Medicines fridge: Sluice,DB-L9-02D,9,230,1,0.44,,N,C09-0152,2.5,32,
SP-L9-049,equipment,SP,Small power: Treatment room (2),DB-L9-02D,9,230,1,1.8,,N,C09-0153,2.5,18,"tagged ""temporary"" on site, confirm with Northside M&E"
BEV-L9-004,equipment,BEV,Beverage bay: Treatment room,DB-L9-02D,9,230,1,2.2,,N,C09-0157,2.5,33,
FRG-L9-005,equipment,FRG,Medicines fridge: Treatment room,DB-L9-02D,9,230,1,0.42,,N,C09-0149,2.5,39,
IHW-L9-005,equipment,IHW,Instantaneous water heater: Sluice,DB-L9-02D,9,400,3,9,,N,C09-0156,2.5,8,
EF-L9-001,equipment,EF,Plant room extract fan: Ward 9D,DB-L9-02D,9,400,3,4,,N,C09-0154,2.5,40,
SP-L9-050,equipment,SP,Small power: Ward 9D (3),DB-L9-02D,9,230,1,1.6,,N,C09-0158,2.5,41,
BEV-L9-005,equipment,BEV,Beverage bay: Day room (2),DB-L9-02D,9,230,1,2.6,,N,C09-0159,2.5,56,
SP-L9-051,equipment,SP,Small power: Sluice (3),DB-L9-02D,9,230,1,2.5,,N,C09-0160,2.5,49,
DB-L9-03,board,DB,Level 9 surgical ward services distribution board,SMSB-C,9,400,3,,310,,C09-0161,2x300,60,
DB-L9-03A,board,DB,Level 9 wards 9C-9D bed-head & nurse call,DB-L9-03,9,230,1,,60,,C09-0162,150,3,

NC-L9-003,equipment,NC,Nurse call system: Discharge lounge,DB-L9-03A,9,230,1,0.49,,Y,C09-0163,2.5,55,
BHP-L9-031,equipment,BHP,Bed-head power: Ward 9C,DB-L9-03A,9,230,1,2.6,,N,C09-0164,2.5,8,
BHP-L9-032,equipment,BHP,Bed-head power: Ward 9B,DB-L9-03A,9,230,1,2.4,,N,C09-0165,2.5,22,
LTG-L9-034,equipment,LTG,Lighting: Side rooms,DB-L9-03A,9,230,1,1.3,,N,C09-0166,1.5,13,
BHP-L9-033,equipment,BHP,Bed-head power: Discharge lounge,DB-L9-03A,9,230,1,1.9,,N,C09-0167,2.5,41,
BHP-L9-034,equipment,BHP,Bed-head power: Ward 9C (2),DB-L9-03A,9,230,1,1.6,,N,C09-0168,2.5,46,
BHP-L9-035,equipment,BHP,Bed-head power: Ward 9B (2),DB-L9-03A,9,230,1,2.1,,N,C09-0169,2.5,32,
BHP-L9-036,equipment,BHP,Bed-head power: Side rooms,DB-L9-03A,9,230,1,2.4,,N,C09-0170,2.5,16,
BHP-L9-037,equipment,BHP,Bed-head power: Discharge lounge (2),DB-L9-03A,9,230,1,2.9,,N,C09-0171,2.5,53,
SP-L9-053,equipment,SP,Small power: Side rooms (2),DB-L9-03A,9,230,1,2.9,,N,C09-0178,2.5,8,
BHP-L9-039,equipment,BHP,Bed-head power: Ward 9B (3),DB-L9-03A,  9  ,230,1,2.7,,N,C09-0173,2.5,54,
SP-L9-052,equipment,SP,Small power: Side rooms,DB-L9-03A,9,230,1,3.1,,N,C09-0174,2.5,11,
LTG-L9-035,equipment,LTG,Lighting: Discharge lounge,DB-L9-03A,9,230,1,0.8,,N,C09-0175,1.5,20,
BHP-L9-040,equipment,BHP,Bed-head power: Ward 9C (4),DB-L9-03A,9,230,1,2.3,,N,C09-0176,2.5,11,
BHP-L9-041,Equipment,BHP,Bed-head power: Ward 9B (4),DB-L9-03A,9,230,1,2.9,,N,C09-0177,2.5,47,
BHP-L9-038,equipment,BHP,Bed-head power: Ward 9C (3),DB-L9-03A,9,230,1,2.6,,N,C09-0172,2.5,48,
BHP-L9-042,equipment,BHP,Bed-head power: Discharge lounge (3),DB-L9-03A,9,230,1,1.9,,N,C09-0179,2.5,59,
BHP-L9-043,equipment,BHP,Bed-head power: Ward 9C (5),DB-L9-03A,9,230,1,2.8,,N,C09-0180,2.5,20,
BHP-L9-044,equipment,BHP,Bed-head power: Ward 9B (5),DB-L9-03A,9,230,1,2.5,,FALSE,C09-0181,2.5,6,
DB-L9-03B,board,DB,Level 9 side rooms bed-head & nurse call,DB-L9-03,9,230,1,,95,,C09-0182,300,19,
NC-L9-004,equipment,NC,Nurse call system: Discharge lounge,DB-L9-03B,9,230,1,0.24,,Y,C09-0183,2.5,29,
BHP-L9-047,equipment,BHP,Bed-head power: Discharge lounge,DB-L9-03B,9,230,1,2.7,,N,C09-0187,2.5,26,
BHP-L9-046,equipment,BHP,Bed-head power: Treatment room,DB-L9-03B,9,230,1,2.5,,N,C09-0185,2.5,55,
SP-L9-054,equipment,SP,Small power: Corridor,DB-L9-03B,9,230,1,2.5,,N,C09-0186,2.5,44,
BHP-L9-045,equipment,BHP,Bed-head power: Sluice,DB-L9-03B,9,230,1,1.6,,N,C09-0184,2.5,60,
BHP-L9-048,equipment,BHP,Bed-head power: Sluice (2),DB-L9-03B,9,230,1,3,,N,C09-0188,2.5,50,as-built per site instruction SI-045
SP-L9-055,equipment,SP,Small power: Treatment room,DB-L9-03B,9,230,1,2.1,,N,C09-0189,2.5,47,
BHP-L9-049,equipment,BHP,Bed-head power: Corridor,DB-L9-03B,9,230,1,1.9,,N,C09-0190,2.5,55,
BHP-L9-050,equipment,BHP,Bed-head power: Discharge lounge (2),DB-L9-03B,9,230,1,2.4,,N,C09-0191,2.5,46,
BHP-L9-051,equipment,BHP,Bed-head power: Sluice (3),DB-L9-03B,9,230,1,1.5,,N,C09-0192,2.5,15,
BHP-L9-052,equipment,BHP,Bed-head power: Treatment room (2),DB-L9-03B,9,230,1,2.8,,N,C09-0193,2.5,21,
BHP-L9-053,equipment,BHP,Bed-head power: Corridor (2),DB-L9-03B,9,230,1,2.7,,N,C09-0194,2.5,42,
BHP-L9-054,equipment,BHP,Bed-head power: Discharge lounge (3),DB-L9-03B,9,230,1,2.8,,N,C09-0195,2.5,55,
BHP-L9-055,equipment,BHP,Bed-head power: Sluice (4),DB-L9-03B,9,230,1,2,,N,C09-0196,2.5,12,
BHP-L9-056,equipment,BHP,Bed-head power: Treatment room (3),DB-L9-03B,9,230,1,2.3,,N,C09-0197,2.5,38,
SP-L9-056,equipment,SP,Small power: Corridor (2),DB-L9-03B,9,230,1,3.2,,N,C09-0198,2.5,33,
BHP-L9-057,equipment,BHP,Bed-head power: Discharge lounge (4),DB-L9-03B,9,230,1,1.8,,N,C09-0199,2.5,53,
BHP-L9-058,equipment,BHP,Bed-head power: Sluice (5),DB-L9-03B,9,230,1,2.4,,N,C09-0200,2.5,43,
TEF-L9-001,equipment,TEF,Toilet extract fan: Treatment room,DB-L9-03B,9,230,1,0.6,,0,C09-0201,2.5,60,
DB-L9-03C,board,DB,Level 9 day room & ward kitchens,DB-L9-03,9,230,1,,75,,C09-0202,185,3,
BEV-L9-006,equipment,BEV,Beverage bay: Treatment room,DB-L9-03C,9,230,1,2.4,,N,C09-0203,2.5,59,
FRG-L9-007,equipment,FRG,Medicines fridge: Ward 9B,DB-L9-03C,9,230,1,0.49,,N,C09-0204,2.5,51,
SP-L9-057,equipment,SP,Small power: Discharge lounge,DB-L9-03C,9,230,1,2,,N,C09-0205,2.5,40,
SP-L9-058,equipment,SP,Small power: Nurse base,DB-L9-03C,9,230,1,2.6,,N,C09-0206,2.5,16,
FRG-L9-008,equipment,FRG,Medicines fridge: Treatment room,DB-L9-03C,9,230,1,0.2,,N,C09-0207,2.5,10,
LTG-L9-036,equipment,LTG,Lighting: Ward 9B,DB-L9-03C,9,230,1,1.9,,N,C09-0208,1.5,45,
SP-L9-059,equipment,SP,Small power: Discharge lounge (2),DB-L9-03C,9,230,1,2.8,,N,C09-0209,2.5,47,
LTG-L9-037,equipment,LTG,Lighting: Nurse base,DB-L9-03C,9,230,1,0.8,,N,C09-0210,1.5,52,
SP-L9-060,equipment,SP,Small power: Treatment room,DB-L9-03C,9,230,1,2.1,,N,C09-0211,2.5,18,
SP-L9-061,equipment,SP,Small power: Ward 9B,DB-L9-03C,9,230,1,2.3,,N,C09-0212,2.5,33,
BEV-L9-007,equipment,BEV,Beverage bay: Discharge lounge,DB-L9-03C,9,230,1,2.1,,N,C09-0213,2.5,17,
BEV-L9-008,equipment,BEV,Beverage bay: Nurse base,DB-L9-03C,9,230,1,2.3,,N,C09-0214,2.5,18,
LTG-L9-038,equipment,LTG,Lighting: Treatment room,DB-L9-03C,9,230,1,1.5,,N,C09-0215,1.5,20,
LTG-L9-039,equipment,LTG,Lighting: Ward 9B (2),DB-L9-03C,9,230,1,1.1,,N,C09-0216,1.5,51,
SP-L9-062,equipment,SP,Small power: Discharge lounge (3),DB-L9-03C,9,230,1,2,,N,C09-0217,2.5,56,
FRG-L9-009,equipment,FRG,Medicines fridge: Nurse base,DB-L9-03C,9,230,1,0.23,,N,C09-0218,2.5,13,
BEV-L9-009,equipment,BEV,Beverage bay: Treatment room (2),DB-L9-03C,9,230,1,2.6,,N,C09-0219,2.5,20,
SP-L9-063,equipment,SP,Small power: Ward 9B (2),DB-L9-03C,9,230,1,2,,N,C09-0220,2.5,7,to be verified at commissioning
SP-L9-064,equipment,SP,Small power: Discharge lounge (4),DB-L9-03C,9,230,1,1.9,,N,C09-0221,2.5,24,
DB-L9-03D,board,DB,Level 9 treatment rooms & sluices,DB-L9-03,9,400,3,,140,,C09-0222,95,5,
SP-L9-065,equipment,SP,Small power: Day room,DB-L9-03D,9,230,1,3.4,,N,C09-0223,2.5,28,
SP-L9-066,equipment,SP,Small power: Ward kitchen,DB-L9-03D,9,230,1,2.6,,N,C09-0224,2.5,48,
SP-L9-067,equipment,SP,Small power: Discharge lounge,DB-L9-03D,9,230,1,3,,N,C09-0225,2.5,35,
WD-L9-001,equipment,WD,Washer-disinfector: Corridor,DB-L9-03D,9,400,3,18,,N,C09-0226,4,37,
FRG-L9-010,equipment,FRG,Medicines fridge: Day room,DB-L9-03D,9,230,1,0.49,,N,C09-0227,2.5,41,
WD-L9-002,equipment,WD,Washer-disinfector: Ward kitchen,DB-L9-03D,9,400,3,18,,,C09-0228,4,58,
FRG-L9-011,equipment,FRG,Medicines fridge: Discharge lounge,DB-L9-03D,9,230,1,0.41,,N,C09-0229,2.5,22,
SP-L9-070,equipment,SP,Small power: Corridor,DB-L9-03D,9,230,1,1.6,,N,C09-0238,2.5,24,
SP-L9-068,equipment,SP,Small power: Day room (2),DB-L9-03D,9,230,1,1.8,,N,C09-0231,2.5,37,
SP-L9-069,equipment,SP,Small power: Ward kitchen (2),DB-L9-03D,9,230,1,2.5,,N,C09-0232,2.5,17,
EF-L9-003,equipment,EF,General extract fan: Discharge lounge,DB-L9-03D,9,415,3,0.75,,N,C09-0233,2.5,8,
EF-L9-004,equipment,EF,Plant room extract fan: Corridor,DB-L9-03D,9,400,3,4,,N,C09-0234,2.5,59,
EF-L9-005,equipment,EF,Kitchen extract fan: Day room,DB-L9-03D,9,400,3,1.1,,N,C09-0235,2.5,52,
FRG-L9-012,equipment,FRG,Medicines fridge: Ward kitchen,DB-L9-03D,9,230,1,0.27,,N,C09-0236,2.5,59,
WD-L9-003,equipment,WD,Washer-disinfector: Discharge lounge,DB-L9-03D,9,400,3,18,,N,C09-0237,4,47,
IHW-L9-006,equipment,IHW,Instantaneous water heater: Corridor,DB-L9-03D,9,400,3,10.8,,N,C09-0230,2.5,29,
WD-L9-004,equipment,WD,Washer-disinfector: Day room,DB-L9-03D,9,400,3,9,,N,C09-0239,2.5,29,
SP-L9-071,equipment,SP,Small power: Ward kitchen (3),DB-L9-03D,9,230,1,2.9,,N,C09-0240,2.5,47,
DB-L9-04,board,DB,Level 9 mechanical services distribution board,SMSB-C,9,400,3,,310,,C09-0241,2x300,63,
AHU-L9-001,equipment,AHU,Air handling unit 1: Surgical Wards,DB-L9-04,9,400,3,7.5,,N,C09-0242,2.5,11,
AHU-L9-002,equipment,AHU,Air handling unit 2: Surgical Wards,DB-L9-04,9,400,3,11,,,C09-0243,2.5,41,
FCU-L9-001,equipment,FCU,Fan coil units: Ward 9D,DB-L9-04A,9,230,1,2,,N,C09-0247,2.5,55,
SF-L9-001,equipment,SF,Supply fan: Side rooms,DB-L9-04A,9,400,3,3,,N,C09-0245,2.5,19,
EF-L9-006,equipment,EF,Isolation room extract fan: Ward 9B,DB-L9-04A,9,400,3,4,,N,C09-0246,2.5,43,
FCU-L9-003,equipment,FCU,Fan coil units: Treatment room,DB-L9-04A,9,230,1,1.3,,N,C09-0252,2.5,11,
EF-L9-010,equipment,EF,Isolation room extract fan: Side rooms,DB-L9-04A,9,400,3,0.75,,N,C09-0253,2.5,29,
EF-L9-008,equipment,EF,Plant room extract fan: Side rooms,DB-L9-04A,9,400,3,2.2,,N,C09-0249,2.5,22,
EF-L9-009,equipment,EF,Plant room extract fan: Ward 9B,DB-L9-04A,9,400,3,3,,N,C09-0250,2.5,31,
FCU-L9-002,equipment,FCU,Fan coil units: Ward 9D (2),DB-L9-04A,9,230,1,1.4,,N,C09-0251,2.5,15,
DB-L9-04A,board,DB,Level 9 pumps & extract fans,DB-L9-04,9,400,3,,70,,C09-0244,35,15,
SF-L9-002,equipment,SF,Supply fan: Ward 9D,DB-L9-04A,9,400,3,2.2,,N,C09-0255,2.5,24,
PMP-L9-001,equipment,PMP,Condenser water pump: Ward 9B,DB-L9-04A,9,400,3,3,,N,C09-0254,2.5,31,
EF-L9-007,equipment,EF,Kitchen extract fan: Treatment room,DB-L9-04A,9,400,3,1.1,,N,C09-0248,2.5,29,
PMP-L9-002,equipment,PMP,Condenser water pump: Treatment room,DB-L9-04A,9,400,3,5.5,,N,C09-0256,2.5,60,
PMP-L9-003,equipment,PMP,LTHW heating pump: Side rooms,DB-L9-04A,9,400,3,2.2,,N,C09-0257,2.5,51,
EF-L9-011,equipment,EF,General extract fan: Ward 9B,DB-L9-04A,9,400,3,3,,N,C09-0258,2.5,16,
PMP-L9-004,equipment,PMP,Condenser water pump: Ward 9D,DB-L9-04A,9,400,3,2.2,,N,C09-0259,2.5,44,
FCU-L9-009,equipment,FCU,Fan coil units: Ward kitchen,DB-L9-04B,9,230,1,0.9,,N,C09-0268,2.5,5,
FCU-L9-004,equipment,FCU,Fan coil units: Side rooms,DB-L9-04A,9,230,1,2.5,,N,C09-0261,2.5,5,
PMP-L9-006,equipment,PMP,Chilled water pump: Ward 9B,DB-L9-04A,9,400,3,3,,N,C09-0262,2.5,11,
FCU-L9-005,equipment,FCU,Fan coil units: Ward 9D (3),DB-L9-04A,9,230,1,1.4,,N,C09-0263,2.5,17,
DB-L9-04B,board,DB,Level 9 fan coil units & controls,DB-L9-04,9,230,1,,40,,C09-0264,70,15,
FCU-L9-006,equipment,FCU,Fan coil units: Ward 9A,DB-L9-04B,9,230,1,1.4,,N,C09-0265,2.5,51,
FCU-L9-007,equipment,FCU,Fan coil units: Treatment room,DB-L9-04B,9,230,1,2.2,,N,C09-0266,2.5,51,
FCU-L9-008,equipment,FCU,Fan coil units: Day room,DB-L9-04B,9,230,1,0.8,,N,C09-0267,2.5,10,
PMP-L9-005,equipment,PMP,Cold water booster pump: Treatment room,DB-L9-04A,9,400,3,4,,N,C09-0260,2.5,39,
FCU-L9-010,equipment,FCU,Fan coil units: Ward 9A (2),DB-L9-04B,9,230,1,1.2,,N,C09-0269,2.5,40,
FCU-L9-011,equipment,FCU,Fan coil units: Treatment room (2),DB-L9-04B,9,230,1,1.3,,N,C09-0270,2.5,22,
FCU-L9-012,equipment,FCU,Fan coil units: Day room (2),DB-L9-04B,9,230,1,1.5,,N,C09-0271,2.5,54,
TEF-L9-002,equipment,TEF,Toilet extract fan: Ward kitchen,DB-L9-04B,9,230,1,0.54,,N,C09-0272,2.5,46,
FCU-L9-013,equipment,FCU,Fan coil units: Ward 9A (3),DB-L9-04B,9,230,1,1.9,,N,C09-0273,2.5,36,
FCU-L9-014,equipment,FCU,Fan coil units: Treatment room (3),DB-L9-04B,9,230,1,1.2,,N,C09-0274,2.5,16,
TEF-L9-003,equipment,TEF,Toilet extract fan: Day room,DB-L9-04B,9,230,1,0.56,,N,C09-0275,2.5,24,
TEF-L9-004,equipment,TEF,Toilet extract fan: Ward kitchen (2),DB-L9-04B,9,230,1,0.22,,N,C09-0276,2.5,59,
TEF-L9-005,equipment,TEF,Toilet extract fan: Ward 9A,DB-L9-04B,9,230,1,0.41,,N,C09-0277,2.5,12,
FCU-L9-015,EQUIPMENT,FCU,Fan coil units: Treatment room (4),DB-L9-04B,9,230,1,1.1,,N,C09-0278,2.5,54,
TEF-L9-006,equipment,TEF,Toilet extract fan: Day room (2),DB-L9-04B,9,230,1,0.39,,N,C09-0279,2.5,56,
FCU-L9-016,equipment,FCU,Fan coil units: Ward kitchen (2),DB-L9-04B,9,230,1,1.2,,N,C09-0280,2.5,9,
FCU-L9-017,equipment,FCU,Fan coil units: Ward 9A (4),DB-L9-04B,9,230,1,1.6,,N,C09-0281,2.5,17,
TEF-L9-007,equipment,TEF,Toilet extract fan: Treatment room,DB-L9-04B,9,230,1,0.59,,N,C09-0282,2.5,28,
DB-L9-04C,board,DB,Level 9 heat pumps & supply fans,DB-L9-04,9,400,3,,210,,C09-0283,185,7,
PMP-L9-007,equipment,PMP,DHW secondary pump: Ward 9B,DB-L9-04C,9,400,3,2.2,,N,C09-0284,2.5,10,
HP-L9-003,equipment,HP,Heat pump: Ward 9A,DB-L9-04C,9,400,3,11,,N,C09-0285,2.5,6,
EF-L9-012,equipment,EF,General extract fan: Nurse base,DB-L9-04C,9,400,3,3,,N,C09-0286,2.5,30,
FCU-L9-018,equipment,FCU,Fan coil units: Ward kitchen,DB-L9-04C,9,230,1,2.2,,N,C09-0287,2.5,50,
PRS-L9-001,equipment,PRS,Pressurisation unit: Ward 9B,DB-L9-04C,9,230,1,1.1,,N,C09-0288,2.5,6,
EF-L9-013,equipment,EF,Dirty utility extract fan: Ward 9A,DB-L9-04C,9,400,3,0.75,,N,C09-0289,2.5,35,
PMP-L9-008,equipment,PMP,DHW secondary pump: Nurse base,DB-L9-04C,9,400,3,3,,N,C09-0290,2.5,21,moved per RFI-112
PMP-L9-009,equipment,PMP,Chilled water pump: Ward kitchen,DB-L9-04C,9,400,3,11,,N,C09-0291,2.5,55,
PMP-L9-010,equipment,PMP,LTHW heating pump: Ward 9B,DB-L9-04C,9,400,3,11,,N,C09-0292,2.5,44,
EF-L9-014,equipment,EF,Isolation room extract fan: Ward 9A,DB-L9-04C,9,400,3,3,,N,C09-0293,2.5,37,
HP-L9-004,equipment,HP,Heat pump: Nurse base,DB-L9-04C,9,400,3,7.5,,N,C09-0294,2.5,25,
PMP-L9-011,equipment,PMP,LTHW heating pump: Ward kitchen,DB-L9-04C,9,400,3,2.2   ,,N,C09-0295,2.5,33,
PMP-L9-012,equipment,PMP,Chilled water pump: Ward 9B,DB-L9-04C,9,400,3,7.5,,N,C09-0296,2.5,33,
HP-L9-005,equipment,HP,Heat pump: Ward 9A (2),DB-L9-04C,9,400,3,15,,N,C09-0297,4,49,
EF-L9-015,equipment,EF,Plant room extract fan: Nurse base,DB-L9-04C,9,400,3,4,,N,C09-0298,2.5,26,
FCU-L9-019,equipment,FCU,Fan coil units: Ward kitchen (2),DB-L9-04C,9,230,1,2.2,,N,C09-0299,2.5,12,
HP-L9-006,equipment,HP,Heat pump: Ward 9B,DB-L9-04C,9 ,400,3,5.5,,N,C09-0300,2.5,14,
PMP-L9-013,equipment,PMP,Condenser water pump: Ward 9A,DB-L9-04C,9,400,3,7.5,,n,C09-0301,2.5,44,
DB-L9-04D,board,DB,Level 9 fan coil units & controls,DB-L9-04,9,230,1,,30,,C09-0303,50,24,
EF-L9-016,equipment,EF,Isolation room extract fan: Nurse base,DB-L9-04C,9,400,3,3,,N,C09-0302,2.5,13,
BMS-L9-001,equipment,BMS,BMS outstation: Day room,DB-L9-04D,9,230,1,0.5,,N,C09-0304,2.5,17,
FCU-L9-020,equipment,FCU,Fan coil units: Nurse base,DB-L9-04D,9,230,1,1.5,,N,C09-0305,2.5,56,
FCU-L9-021,equipment,FCU,Fan coil units: Discharge lounge,DB-L9-04D,9,230,1,1.9,,N,C09-0306,2.5,29,
FCU-L9-022,equipment,FCU,Fan coil units: Corridor,DB-L9-04D,9,230,1,2.1,,N,C09-0307,2.5,24,
TEF-L9-008,equipment,TEF,Toilet extract fan: Day room,DB-L9-04D,9,230,1,0.34,,N,C09-0308,2.5,41,
FCU-L9-023,equipment,FCU,Fan coil units: Nurse base (2),DB-L9-04D,9,230,1,1.3,,N,C09-0309,2.5,60,
FCU-L9-024,equipment,FCU,Fan coil units: Discharge lounge (2),DB-L9-04D,9,230,1,1.6,,N,C09-0310,2.5,47,
FCU-L9-025,equipment,FCU,Fan coil units: Corridor (2),DB-L9-04D,9,230,1,1.1,,N,C09-0311,2.5,23,
TEF-L9-009,equipment,TEF,Toilet extract fan: Nurse base,DB-L9-04D,9,230,1,0.29,,N,C09-0313,2.5,41,
FCU-L9-026,equipment,FCU,Fan coil units: Day room,DB-L9-04D,9,230,1,1.6,,N,C09-0312,2.5,25,
FCU-L9-027,equipment,FCU,Fan coil units: Discharge lounge (3),DB-L9-04D,9,230,1,1.9,,N,C09-0314,2.5,33,
TEF-L9-010,equipment,TEF,Toilet extract fan: Corridor,DB-L9-04D,9,230,1,0.27,,N,C09-0315,2.5,42,
BMS-L9-002,equipment,BMS,BMS outstation: Day room (2),DB-L9-04D,9,230,1,0.4,,N,C09-0316,2.5,30,
FCU-L9-028,equipment,FCU,Fan coil units: Nurse base (3),DB-L9-04D,9,230,1,1.3,,N,C09-0317,2.5,19,
FCU-L9-029,equipment,FCU,Fan coil units: Discharge lounge (4),DB-L9-04D,9,230,1,1.1,,N,C09-0318,2.5,33,
FCU-L9-030,equipment,FCU,Fan coil units: Corridor (3),DB-L9-04D,9,230,1,1.7,,N,C09-0319,2.5,11,
FCU-L9-031,equipment,FCU,Fan coil units: Day room (2),DB-L9-04D,9,230,1,1.2,,N,C09-0320,2.5,6,
FCU-L9-032,equipment,FCU,Fan coil units: Nurse base (4),DB-L9-04D,9,230,1,1.9,,no,C09-0321,2.5,53,
DB-L9-E,board,DB,Level 9 essential services board,SMSB-E,9,400,3,,60,,C09-0322,35,58,
EM-L9-003,equipment,EM,Emergency lighting: stair core 1 (L9),DB-L9-E,9,230,1,0.2,,Y,C09-0323,1.5,50,
EM-L9-004,equipment,EM,Emergency lighting: stair core 2 (L9),DB-L9-E,9,230,1,0.21,,Y,C09-0324,1.5,56,
EM-L9-005,equipment,EM,Emergency lighting: escape corridors (L9),DB-L9-E,9,230,1,0.42,,Y,C09-0325,1.5,38,
SP-L9-073,equipment,SP,Essential small power: Discharge lounge (2),DB-L9-E,9,230,1,3.4,,N,C09-0333,2.5,24,
LTG-L9-040,equipment,LTG,Essential lighting: Sluice,DB-L9-E,9,230,1,0.6,,N,C09-0327,1.5,46,
LTG-L9-041,equipment,LTG,Essential lighting: Ward kitchen,DB-L9-E,9,230,1,1.5,,N,C09-0328,1.5,19,
SP-L9-072,equipment,SP,Essential small power: Discharge lounge,DB-L9-E,9,230,1,2.4,,N,C09-0329,2.5,56,
CCTV-L9-004,equipment,CCTV,CCTV: Side rooms,DB-L9-E,9,230,1,0.42,,N,C09-0330,2.5,44,
CCTV-L9-005,equipment,CCTV,CCTV: Sluice,DB-L9-E,9,230,1,0.57,,N,C09-0331,2.5,45,
LTG-L9-042,equipment,LTG,Essential lighting: Ward kitchen (2),DB-L9-E,9,230,1,0.6,,N,C09-0332,1.5,15,
FA-L9-001,equipment,FA,Fire alarm panel (level 9),DB-L9-E,9,230,1,0.45,,Y,C09-0326,2.5,51,
LTG-L9-043,equipment,LTG,Essential lighting: Side rooms,DB-L9-E,9,230,1,1.4,,N,C09-0334,1.5,31,
SP-L9-076,equipment,SP,Essential small power: Side rooms,DB-L9-E,9,230,1,2.7,,N,C09-0342,2.5,23,
SP-L9-074,equipment,SP,Essential small power: Ward kitchen,DB-L9-E,9,230,1,2.1,,N,C09-0336,2.5,6,
LTG-L9-044,equipment,LTG,Essential lighting: Discharge lounge,DB-L9-E,9,230,1,1.3,,N,C09-0337,1.5,27,
LTG-L9-045,equipment,LTG,Essential lighting: Side rooms (2),DB-L9-E,9,230,1,1,,N,C09-0338,1.5,5,
SP-L9-075,equipment,SP,Essential small power: Sluice,DB-L9-E,9,230,1,1.6,,N,C09-0339,2.5,25,
SP-L9-077,equipment,SP,Essential small power: Sluice (2),DB-L9-E,9,230,1,2.5,,N,C09-0347,2.5,44,
LTG-L9-047,equipment,LTG,Essential lighting: Discharge lounge (2),DB-L9-E,9,230,1,0.8,,N,C09-0341,1.5,53,
ACC-L9-003,equipment,ACC,Access control panel: Sluice,DB-L9-E,9,230,1,0.34,,N,C09-0335,2.5,11,
LTG-L9-048,EQUIPMENT,LTG,Essential lighting: Sluice (2),DB-L9-E,9,230,1,1.2,,N,C09-0343,1.5,52,
ACC-L9-004,equipment,ACC,Access control panel: Ward kitchen,DB-L9-E,9,230,1,0.2,,N,C09-0344,2.5,29,
LTG-L9-046,equipment,LTG,Essential lighting: Ward kitchen (3),DB-L9-E,9,230,1,1.9,,N,C09-0340,1.5,46,
LTG-L9-049,equipment,LTG,Essential lighting: Side rooms (3),DB-L9-E,9,230,1,1.6,,N,C09-0346,1.5,15,
CCTV-L9-006,equipment,CCTV,CCTV: Discharge lounge,DB-L9-E,9,230,1,0.46,,N,C09-0345,2.5,20,
CCTV-L9-007,equipment,CCTV,CCTV: Ward kitchen,DB-L9-E,9,230,1,0.4,,N,C09-0348,2.5,37,
SP-L9-078,equipment,SP,Essential small power: Discharge lounge (3),DB-L9-E,9,230,1,2.1,,N,C09-0349,2.5,30,
LTG-L9-050,equipment,LTG,Essential lighting: Side rooms (4),DB-L9-E,9,230,1,1.6,,N,C09-0350,1.5,45,
LTG-L9-051,equipment,LTG,Essential lighting: Sluice (3),DB-L9-E,9,230,1,1.8,,N,C09-0351,1.5,27,
SP-L9-079,equipment,SP,Essential small power: Ward kitchen (2),DB-L9-E   ,9,230,1,1.8,,N,C09-0352,2.5,10,
LTG-L9-052,equipment,LTG,Essential lighting: Discharge lounge (3),DB-L9-E,9,230,1,0.5,,N,C09-0353,1.5,57,
LTG-L9-053,equipment,LTG,Essential lighting: Side rooms (5),DB-L9-E,9,230,1,1.1,,N,C09-0354,1.5,5,
DB-L10-01,board,DB,Level 10 Pathology Labs north wing distribution board,SMSB-C,10,400,3,,240,,C10-0001,240,59,
HP-L10-001,equipment,HP,Heat pump: L10 north wing,DB-L10-01,10,400,3,15,,,C10-0002,4,35,
DATA-L10-001,equipment,DATA,Floor comms room: L10 north wing,DB-L10-01,10,230,1,2.7,,N,C10-0003,2.5,48,
DB-L10-01A,board,DB,Level 10 lighting,DB-L10-01,10,230,1,,45,,C10-0004,95,11,
EM-L10-001,equipment,EM,Emergency lighting: L10 north wing,DB-L10-01A,10,230,1,0.24,,Y,C10-0005,1.5,21,
LTG-L10-001,Equipment,LTG,Lighting: Blood bank,DB-L10-01A,10,230,1,0.7kW,,N,C10-0006,1.5,40,
LTG-L10-002,equipment,LTG,Lighting: Microbiology,DB-L10-01A,10,230,1,1.6,,N,C10-0007,1.5,27,
LTG-L10-003,equipment,LTG,Lighting: Corridor,DB-L10-01A,10,230,1,0.6,,N,C10-0008,1.5,15,
LTG-L10-004,equipment,LTG,Lighting: Wash-up,DB-L10-01A,10,230,1,1.3,,N,C10-0009,1.5,32,
LTG-L10-005,equipment,LTG,Lighting: Blood bank (2),DB-L10-01A,10,230,1,1.2,,N,C10-0010,1.5,31,
LTG-L10-006,equipment,LTG,Lighting: Microbiology (2),DB-L10-01A,10,230,1, 0.7 kW,,0,C10-0011,1.5,39,
LTG-L10-007,equipment,LTG,Lighting: Corridor (2),DB-L10-01A,10,230,1,1.8,,N,C10-0012,1.5,28,
LTG-L10-008,equipment,LTG,Lighting: Wash-up (2),DB-L10-01A,10,230,1,1.9,,N,C10-0013,1.5,25,
LTG-L10-009,equipment,LTG,Lighting: Blood bank (3),DB-L10-01A,10,230,1,0.9,,,C10-0014,1.5,22,
LTG-L10-010,equipment,LTG,Lighting: Microbiology (3),DB-L10-01A,10,230,1,1.6,,N,C10-0015,1.5,7,
LTG-L10-011,equipment,LTG,Lighting: Corridor (3),DB-L10-01A,10,230,1,1.8,,N,C10-0016,1.5,57,
LTG-L10-012,equipment,LTG,Lighting: Wash-up (3),DB-L10-01A,10,230,1,1.6,,N,C10-0017,1.5,42,
LTG-L10-013,equipment,LTG,Lighting: Blood bank (4),DB-L10-01A,10,230,1,1.3,,N,C10-0018,1.5,10,
SP-L10-003,equipment,SP,Small power: Cold room,DB-L10-01B,10,230,1,2.1,,N,C10-0026,2.5,9,
LTG-L10-014,equipment,LTG,Lighting: Corridor (4),DB-L10-01A,10,230,1,1.1,,N,C10-0020,1.5,28,
LTG-L10-015,equipment,LTG,Lighting: Wash-up (4),DB-L10-01A,10,230,1,1.5,,N,C10-0021,1.5,31,
LTG-L10-016,equipment,LTG,Lighting: Blood bank (5),DB-L10-01A,10,230,1,1.6,,N,C10-0022,1.5,20,
DB-L10-01B,board,DB,Level 10 small power,DB-L10-01,10,230,1,,75,,C10-0023,185,23,
SP-L10-001,equipment,SP,Small power: Wash-up,DB-L10-01B,10,230,1,2,,N,C10-0024,2.5,54,
SP-L10-002,equipment,SP,Small power: Haematology,DB-L10-01B,10,230,1,2.8,,N,C10-0025,2.5,6,
CCTV-L10-001,equipment,CCTV,CCTV: Microbiology,DB-L10-01A,10,230,1,0.52,,N,C10-0019,2.5,25,
SP-L10-016,equipment,SP,Small power: Haematology (5),DB-L10-01B,10,230,1,2.2,,N,C10-0041,2.5,57,
SP-L10-005,equipment,SP,Small power: Wash-up (2),DB-L10-01B,10,230,1,2,,N,C10-0028,2.5,15,
SP-L10-006,equipment,SP,Small power: Haematology (2),DB-L10-01B,10,230,1,1.7,,N,C10-0029,2.5,14,
SP-L10-007,equipment,SP,Small power: Cold room (2),DB-L10-01B,10,230,1,2.7,,N,C10-0030,2.5,49,
HD-L10-001,equipment,HD,Hand dryer: Corridor,DB-L10-01B,10,230,1,2.2,,N,C10-0031,2.5,40,
SP-L10-008,equipment,SP,Small power: Wash-up (3),DB-L10-01B,10,230,1,3.2,,N,C10-0032,2.5,40,
SP-L10-009,equipment,SP,Small power: Haematology (3),DB-L10-01B,10,230,1,2.7,,N,C10-0033,2.5,35,
SP-L10-010,equipment,SP,Small power: Cold room (3),DB-L10-01B,10,230,1,2.1,,N,C10-0034,2.5,25,
SP-L10-004,equipment,SP,Small power: Corridor,DB-L10-01B,10,230,1,1.9,,N,C10-0027,2.5,46,
SP-L10-015,equipment,SP,Small power: Wash-up (5),DB-L10-01B,10,230,1,1.6,,N,C10-0040,2.5,43,
CEN-L10-001,equipment,CEN,Centrifuge: Blood sciences,DB-L10-01C,10,230,1,1.1,,N,C10-0043,2.5,58,
SP-L10-013,equipment,SP,Small power: Cold room (4),DB-L10-01B,10,230,1,2,,N,C10-0038,2.5,33,
SP-L10-014,equipment,SP,Small power: Corridor (2),DB-L10-01B,10,230,1,2,,N,C10-0039,2.5,8,label missing on site
SP-L10-011,equipment,SP,Small power: Wash-up (4),DB-L10-01B,10,230,1,2,,N,C10-0036,2.5,13,IR test re-done after snag
BEV-L10-001,equipment,BEV,Beverage bay: Corridor,DB-L10-01B,10,230,1,2.2,,N,C10-0035,2.5,46,route changed to avoid MRI shielding
DB-L10-01C,board,DB ,Level 10 lab bench power,DB-L10-01,10,230,1,,70,,C10-0042,185,18,
SP-L10-012,equipment,SP,Small power: Haematology (4),DB-L10-01B,10,230,1,2,,N,C10-0037,2.5,12,
LAB-L10-001,equipment,LAB,Lab bench power: Cold room,DB-L10-01C,10,230,1,2.7,,N,C10-0044,2.5,10,
CEN-L10-002,equipment,CEN,Centrifuge: Histopathology,DB-L10-01C,10,230,1,1.3,,N,C10-0045,2.5,43,
CEN-L10-003,equipment,CEN,Centrifuge: Wash-up,DB-L10-01C,10,230,1,0.9,,N,C10-0046,2.5,50,
LAB-L10-002,equipment,LAB,Lab bench power: Blood sciences,DB-L10-01C,10,230,1,2.4,,N,C10-0047,2.5,56,
LAB-L10-003,equipment,LAB,Lab bench power: Cold room (2),DB-L10-01C,10,230,1,2.1,,N,C10-0048,2.5,11,
CEN-L10-004,equipment,CEN,Centrifuge: Histopathology (2),DB-L10-01C,10,230,1,1.5,,N,C10-0049,2.5,59,
LAB-L10-004,equipment,LAB,Lab bench power: Wash-up,DB-L10-01C,10,230,1,1.6,,N,C10-0050,2.5,42,
LAB-L10-005,equipment,LAB,Lab bench power: Blood sciences (2),DB-L10-01C,10,230,1,2,,N,C10-0051,2.5,25,
LAB-L10-006,equipment,LAB,Lab bench power: Cold room (3),DB-L10-01C,10,230,1,2.2,,N,C10-0052,2.5,54,
LAB-L10-007,equipment,LAB,Lab bench power: Histopathology,DB-L10-01C,10,230,1,1.8,,N,C10-0053,2.5,26,
LAB-L10-008,equipment,LAB,Lab bench power: Wash-up (2),DB-L10-01C,10,230,1,2.2,,N,C10-0054,2.5,34,
FRG-L10-001,equipment,FRG,Medicines fridge: Blood sciences,DB-L10-01C,10,230,1,0.33,,N,C10-0055,2.5,56,
LAB-L10-009,equipment,LAB,Lab bench power: Cold room (4),DB-L10-01C,10,230,1,2.8,,N,C10-0056,2.5,42,
LAB-L10-010,equipment,LAB,Lab bench power: Histopathology (2),DB-L10-01C,10,230,1,2.3,,N,C10-0057,2.5,17,
LAB-L10-011,equipment,LAB,Lab bench power: Wash-up (3),DB-L10-01C,10,230,1,2,,N,C10-0058,2.5,38,
LAB-L10-012,equipment,LAB,Lab bench power: Blood sciences (3),DB-L10-01C,10,230,1,1.8,,N,C10-0059,2.5,17,
LAB-L10-013,equipment,LAB,Lab bench power: Cold room (5),DB-L10-01C,10,230,1,2.3,,N,C10-0060,2.5,20,
LAB-L10-014,equipment,LAB,Lab bench power: Cold room,DB-L10-01D,10,230,1,1.7,,0,C10-0065,2.5,34,
IHW-L10-001,equipment,IHW,Instantaneous water heater: Histopathology,DB-L10-01D,10,400,3,10.8,,N,C10-0062,2.5,32,
CEN-L10-005,equipment,CEN,Centrifuge: Lab offices,DB-L10-01D,10,230,1,1.1,,N,C10-0063,2.5,27,
ANZ-L10-001,equipment,ANZ,Analyser: Microbiology,DB-L10-01D,10,230,1,1.7,,N,C10-0064,2.5,9,
DB-L10-01D,board,DB,Level 10 lab equipment,DB-L10-01,10,400,3,,85,,C10-0061,50,10,
ANZ-L10-002,equipment,ANZ,Analyser: Lab offices,DB-L10-01D,10,230,1,2.1,,N,C10-0067,2.5,58,
LAB-L10-015,equipment,LAB,Lab bench power: Histopathology,DB-L10-01D,10,230,1,2.2,,N,C10-0066,2.5,17,
ANZ-L10-003,equipment,ANZ,Analyser: Microbiology (2),DB-L10-01D,10,230,1,2.4,,N,C10-0068,2.5,23,
ANZ-L10-004,equipment,ANZ,Analyser: Cold room,DB-L10-01D,10,230,1,1.8,,N,C10-0069,2.5,59,
LAB-L10-016,equipment,LAB,Lab bench power: Histopathology (2),DB-L10-01D,10,230,1,2.6,,0,C10-0070,2.5,23,
ANZ-L10-005,equipment,ANZ,Analyser: Lab offices (2),DB-L10-01D,10,230,1,2.7,,N,C10-0071,2.5,39,
ANZ-L10-006,equipment,ANZ,Analyser: Microbiology (3),DB-L10-01D,10,230,1,2,,N,C10-0072,2.5,36,
IHW-L10-002,Equipment,IHW,Instantaneous water heater: Cold room,DB-L10-01D,10,400,3,9,,N,C10-0073,2.5,32,
CEN-L10-006,equipment,CEN,Centrifuge: Histopathology,DB-L10-01D,10,230,1,1.5,,N,C10-0074,2.5,47,
FUM-L10-001,equipment,FUM,Fume cupboard: Lab offices,DB-L10-01D,10,400,3,1.5,,N,C10-0075,2.5,29,
LAB-L10-017,equipment,LAB,Lab bench power: Microbiology,DB-L10-01D,10,230,1,3,,N,C10-0076,2.5,8,
LAB-L10-018,equipment,LAB,Lab bench power: Cold room (2),DB-L10-01D,10,230,1,1.5,,N,C10-0077,2.5,55,
DB-L10-02,board,DB,Level 10 Pathology Labs south wing distribution board,SMSB-C,10,400,3,,180,,C10-0078,150,72,IR test re-done after snag
HP-L10-002,equipment,HP,Heat pump: L10 south wing,DB-L10-02,10,400,3,11,,N,C10-0079,2.5,37,
DATA-L10-002,equipment,DATA,Floor comms room: L10 south wing,DB-L10-02,10,230,1,1.6,,N,C10-0080,2.5,57,
DB-L10-02A,board,DB,Level 10 lighting,DB-L10-02,10,230,1,,35,,C10-0081,70,25,
EM-L10-002,equipment,EM,Emergency lighting: L10 south wing,DB-L10-02A,10,230,1,0.26,,Y,C10-0082,1.5,9,
ACC-L10-001,equipment,ACC,Access control panel: Corridor,DB-L10-02A,10,230,1,0.27,,N,C10-0083,2.5,9,
LTG-L10-017,equipment,LTG,Lighting: Media prep,DB-L10-02A,10,230,1,1.8,,0,C10-0084,1.5,44,
LTG-L10-018,equipment,LTG,Lighting: Blood sciences,DB-L10-02A,10,230,1,0.7,,N,C10-0085,1.5,51,
LTG-L10-019,equipment,LTG,Lighting: Histopathology,DB-L10-02A,10,230,1,,,N,C10-0086,1.5,41,"tagged ""temporary"" on site, confirm with Northside M&E"
LTG-L10-020,equipment,LTG,Lighting: Corridor,DB-L10-02A,10,230,1,0.9,,no,C10-0087,1.5,31,
CCTV-L10-002,equipment,CCTV,CCTV: Media prep,DB-L10-02A,10,230,1,0.52,,N,C10-0088,2.5,47,
LTG-L10-021,equipment,LTG,Lighting: Blood sciences (2),DB-L10-02A,10,230,1,1.8,,N,C10-0089,1.5,57,
LTG-L10-022,equipment,LTG,Lighting: Histopathology (2),DB-L10-02A,10,230,1,1.8,,N,C10-0090,1.5,12,
CCTV-L10-003,equipment,CCTV,CCTV: Corridor,DB-L10-02A,10,230,1,0.56,,N,C10-0091,2.5,13,
LTG-L10-023,equipment,LTG,Lighting: Media prep (2),DB-L10-02A,10,230,1,0.6,,N,C10-0092,1.5,15,
LTG-L10-024,equipment,LTG,Lighting: Blood sciences (3),DB-L10-02A,10,230,1,0.8,,N,C10-0093,1.5,53,
LTG-L10-025,equipment,LTG,Lighting: Histopathology (3),DB-L10-02A,10,230,1,1.4,,N,C10-0094,1.5,52,
LTG-L10-026,equipment,LTG,Lighting: Corridor (2),DB-L10-02A,10,230,1,2,,N,C10-0095,1.5,16,
LTG-L10-027,equipment,LTG,Lighting: Media prep (3),DB-L10-02A,10,230,1,0.9,,N,C10-0096,1.5,7,
CCTV-L10-004,equipment,CCTV,CCTV: Blood sciences,DB-L10-02A,10,230,1,0.59,,N,C10-0097,2.5,49,RCBO replaced 14/09
CCTV-L10-005,equipment,CCTV,CCTV: Histopathology,DB-L10-02A,10,230,1,0.25,,N,C10-0098,2.5,5,
LTG-L10-028,equipment,LTG,Lighting: Corridor (3),DB-L10-02A,10,230,1,0.6,,N,C10-0099,1.5,37,spare way used
DB-L10-02B,board,DB,Level 10 small power,DB-L10-02,10,230,1,,90,,C10-0100,240,22,
SP-L10-017,equipment,SP,Small power: Media prep,DB-L10-02B,10,230,1,3.4,,N,C10-0101,2.5,46,
SP-L10-018,equipment,SP,Small power: Lab offices,DB-L10-02B,10,230,1,1.8,,N,C10-0102,2.5,44,
HW-L10-001,equipment,HW,Water heater: Cold room,DB-L10-02B,10,230,1,2.2,,N,C10-0103,2.5,12,
SP-L10-019,equipment,SP,Small power: Wash-up,DB-L10-02B,10 ,230,1,2.1,,N,C10-0104,2.5,12,
SP-L10-024,equipment,SP,Small power: Cold room (2),DB-L10-02B,10,230,1,2.2,,N,C10-0111,2.5,13,
HW-L10-002,equipment,HW,Water heater: Lab offices,DB-L10-02B,10,230,1,2.6,,N,C10-0106,2.5,49,
BEV-L10-002,equipment,BEV,Beverage bay: Media prep,DB-L10-02B ,10,230,1,2.9,,n,C10-0109,2.5,53,
SP-L10-022,equipment,SP,Small power: Wash-up (2),DB-L10-02B,10,230,1,2.6,,N,C10-0108,2.5,43,
SP-L10-021,equipment,SP,Small power: Cold room,DB-L10-02B,10,230,1,2.4,,FALSE,C10-0107,2.5,51,
SP-L10-023,equipment,SP,Small power: Lab offices (2),DB-L10-02B,10,230,1,3,,N,C10-0110,2.5,8,
SP-L10-020,equipment,SP,Small power: Media prep (2),DB-L10-02B,10,230,1,2.9,,N,C10-0105,2.5,6,
SP-L10-025,equipment,SP,Small power: Wash-up (3),DB-L10-02B,10,230,1,2.4,,N,C10-0112,2.5,30,
SP-L10-026,equipment,SP,Small power: Media prep (3),DB-L10-02B,10,230,1,2.6,,N,C10-0113,2.5,60,
SP-L10-027,equipment,SP,Small power: Lab offices (3),DB-L10-02B,10,230,1,3.2,,N,C10-0114,2.5,46,
SP-L10-028,equipment,SP,Small power: Cold room (3),DB-L10-02B,10,230,1,3.1,,N,C10-0115,2.5,12,
SP-L10-029,equipment,SP,Small power: Wash-up (4),DB-L10-02B,10,230,1,3.4,,N,C10-0116,2.5,48,
SP-L10-030,equipment,SP,Small power: Media prep (4),DB-L10-02B,10,230,1,2.6,,N,C10-0117,2.5,8,
SP-L10-031,equipment,SP,Small power: Lab offices (4),DB-L10-02B,10,230,1,2.8,,N,C10-0118,2.5,38,
HD-L10-002,equipment,HD,Hand dryer: Cold room,DB-L10-02B,10,230,1,1.8,,N,C10-0119,2.5,5,
DB-L10-02C,board,DB,Level 10 lab bench power,DB-L10-02,10,230,1,,60,,C10-0120,150,5,
LAB-L10-019,equipment,LAB,Lab bench power: Microbiology,DB-L10-02C,10,230,1,2.3,,N,C10-0121,2.5,55,
LAB-L10-020,equipment,LAB,Lab bench power: Haematology,DB-L10-02C,10,230,1,1.5,,N,C10-0122,2.5,17,
CEN-L10-007,equipment,CEN,Centrifuge: Histopathology,DB-L10-02C,10,230,1,1.1,,N,C10-0123,2.5,26,
LAB-L10-021,equipment,LAB,Lab bench power: Haematology (2),DB-L10-02C,10,230,1,2.6,,N,C10-0126,2.5,21,
SP-L10-032,equipment,SP,Small power: Microbiology,DB-L10-02C,10,230,1,2.4,,n,C10-0125,2.5,36,
FRG-L10-002,equipment,FRG,Medicines fridge: Wash-up,DB-L10-02C,10,230,1,0.33,,N,C10-0124,2.5,57,
LAB-L10-022,equipment,LAB,Lab bench power: Histopathology,DB-L10-02C,10,230,1,1.8,,N,C10-0127,2.5,37,
LAB-L10-023,equipment,LAB,Lab bench power: Wash-up,DB-L10-02C,10,230,1,2.2,,N,C10-0128,2.5,57,
ANZ-L10-007,equipment,ANZ,Analyser: Microbiology,DB-L10-02C,10,230,1,2.6,,N,C10-0129,2.5,54,
LAB-L10-024,equipment,LAB,Lab bench power: Haematology (3),DB-L10-02C,10,230,1,2.1,,N,C10-0130,2.5,44,
LAB-L10-025,equipment,LAB,Lab bench power: Histopathology (2),DB-L10-02C,10,230,1,1.9,,N,C10-0131,2.5,51,
ANZ-L10-008,equipment,ANZ,Analyser: Wash-up,DB-L10-02C,10,230,1,2.8,,N,C10-0132,2.5,37,
LAB-L10-026,equipment,LAB,Lab bench power: Microbiology (2),DB-L10-02C,10,230,1,3,,N,C10-0133,2.5,58,
FRG-L10-003,equipment,FRG,Medicines fridge: Haematology,DB-L10-02C,10,230,1,0.25,,N,C10-0134,2.5,50,
FRG-L10-004,equipment,FRG,Medicines fridge: Histopathology,DB-L10-02C,10,230,1,0.41,,N,C10-0135,2.5,43,
LAB-L10-027,equipment,LAB,Lab bench power: Wash-up (2),DB-L10-02C,10,230,1,2.9,,N,C10-0136,2.5,28,
CEN-L10-008,equipment,CEN,Centrifuge: Microbiology,DB-L10-02C,10,230,1,1,,N,C10-0137,2.5,8,
CEN-L10-009,equipment,CEN,Centrifuge: Haematology,DB-L10-02C,10,230,1,1,,N,C10-0138,2.5,12,
DB-L10-02D,board,DB,Level 10 lab equipment,DB-L10-02,10,400,3,,50,,C10-0139,25,4,
CEN-L10-010,equipment,CEN,Centrifuge: Blood sciences,DB-L10-02D,10,230,1,2,,N,C10-0140,2.5,43,
ANZ-L10-010,equipment,ANZ,Analyser: Haematology (2),DB-L10-02D,10,230,1,2.5,,N,C10-0147,2.5,54,
LAB-L10-028,equipment,LAB,Lab bench power: Media prep,DB-L10-02D,10,230,1,1.6,,N,C10-0142,2.5,24,
LAB-L10-029,equipment,LAB,Lab bench power: Molecular lab,DB-L10-02D,10,230,1,2.5,,,C10-0145,2.5,15,
FUM-L10-003,equipment,FUM,Fume cupboard: Blood sciences,DB-L10-02D,10,400,3,3,,N,C10-0144,2.5,41,
ANZ-L10-009,equipment,ANZ,Analyser: Haematology,DB-L10-02D,10,230,1,1.7,,,C10-0143,2.5,5,
LAB-L10-030,equipment,LAB,Lab bench power: Media prep (2),DB-L10-02D,10,230,1,2.3,,N,C10-0146,2.5,47,
FUM-L10-002,equipment,FUM,Fume cupboard: Molecular lab,DB-L10-02D,10,400,3,1.1,,N,C10-0141,2.5,51,
ANZ-L10-011,equipment,ANZ,Analyser: Blood sciences,DB-L10-02D,10,230,1,2.8,,N,C10-0148,2.5,48,
ANZ-L10-012,equipment,ANZ,Analyser: Molecular lab,DB-L10-02D,10,230,1,2.1,,N,C10-0149,2.5,40,
LAB-L10-031,equipment,LAB,Lab bench power: Media prep (3),DB-L10-02D,10,230,1,3,,N,C10-0150,2.5,9,
LAB-L10-032,equipment,LAB,Lab bench power: Haematology,DB-L10-02D,10,230,1,2.4,,N,C10-0151,2.5,13,
FUM-L10-004,equipment,FUM,Fume cupboard: Blood sciences (2),DB-L10-02D,10,400,3,1.5,,N,C10-0152,2.5,11,
ANZ-L10-013,equipment,ANZ,Analyser: Molecular lab (2),DB-L10-02D,10,230,1,1.8,,N,C10-0153,2.5,40,
ANZ-L10-014,equipment,ANZ,Analyser: Media prep,DB-L10-02D,10,230,1,2.1,,N,C10-0154,2.5,38,
LAB-L10-033,equipment,LAB,Lab bench power: Haematology (2),DB-L10-02D,10,230,1,2.8,,N,C10-0155,2.5,42,
DB-L10-03,board,DB,Level 10 blood sciences & cold store distribution board,SMSB-C,10,400,3,,240,,C10-0156,240,58,
UPS-L10-001,equipment,UPS,Pathology UPS,DB-L10-03,10,400,3,20,,Y,C10-0157,6,45,
DB-L10-03A,board,DB,Level 10 blood sciences automation,DB-L10-03,10,400,3,,110,,C10-0158,70,19,
ANZ-L10-015,equipment,ANZ,Blood sciences automation track 1,DB-L10-03A,10,400,3,9.6,,N,C10-0159,2.5,20,
ANZ-L10-016,equipment,ANZ,Blood sciences automation track 2,DB-L10-03A,10,400,3,8.1,,N,C10-0160,2.5,26,
ANZ-L10-017,equipment,ANZ,Analyser: Microbiology,DB-L10-03A,10,230,1,1.8,,N,C10-0161,2.5,52,
ANZ-L10-018,equipment,ANZ,Analyser: Cold room,DB-L10-03A,10,230,1,1.8,,N,C10-0162,2.5,10,
ANZ-L10-019,equipment,ANZ,Analyser: Corridor,DB-L10-03A,10,230,1,1.7,,N,C10-0163,2.5,7,
ANZ-L10-020,equipment,ANZ,Analyser: Specimen reception,DB-L10-03A,10,230,1,1.9,,N,C10-0164,2.5,21,
ANZ-L10-021,equipment,ANZ,Analyser: Microbiology (2),DB-L10-03A,10,230,1,1.7,,N,C10-0165,2.5,58,
ANZ-L10-022,equipment,ANZ,Analyser: Cold room (2),DB-L10-03A,10,230,1,1.6,,N,C10-0166,2.5,47,
ANZ-L10-023,equipment,ANZ,Analyser: Corridor (2),DB-L10-03A,10,230,1,2.6,,N,C10-0167,2.5,14,
CEN-L10-011,equipment,CEN,Centrifuge: Specimen reception,DB-L10-03A,10,230,1,1.4,,N,C10-0168,2.5,60,
ANZ-L10-024,equipment,ANZ,Analyser: Microbiology (3),DB-L10-03A,10,230,1,1.9,,N,C10-0169,2.5,9,
CEN-L10-012,equipment,CEN,Centrifuge: Cold room,DB-L10-03A,10,230,1,1.4,,N,C10-0170,2.5,25,
FRZ-L10-003,equipment,FRZ,Ultra-low freezer 3 (-80 °C),DB-L10-03B,10,230,1,1.3,,Y,C10-0179,2.5,9,
ANZ-L10-026,equipment,ANZ,Analyser: Specimen reception (2),DB-L10-03A,10,230,1,1.7,,N,C10-0172,2.5,43,
CEN-L10-013,equipment,CEN,Centrifuge: Microbiology,DB-L10-03A,10,230,1,2,,N,C10-0173,2.5,27,
ANZ-L10-027,equipment,ANZ,Analyser: Cold room (3),DB-L10-03A,10,230,1,2.3,,N,C10-0174,2.5,49,
CEN-L10-014,equipment,CEN,Centrifuge: Corridor,DB-L10-03A,10,230,1,1.9,,N,C10-0175,2.5,56,
DB-L10-03B,board,DB,Level 10 cold store & freezers,DB-L10-03,10,230,1,,50,,C10-0176,120,10,
FRZ-L10-001,equipment,FRZ,Ultra-low freezer 1 (-80 °C),DB-L10-03B,10,230,1,1,,Y,C10-0177,2.5,25,
FRZ-L10-002,equipment,FRZ,Ultra-low freezer 2 (-80 °C),DB-L10-03B,10,230   ,1,1.3,,Y,C10-0178,2.5,29,
ANZ-L10-025,equipment,ANZ,Analyser: Corridor (3),DB-L10-03A,10,230,1,2,,N,C10-0171,2.5,45,
FRG-L10-007,equipment,FRG,Medicines fridge: Corridor (2),DB-L10-03B,10,230,1,0.43,,N,C10-0187,2.5,19,
FRZ-L10-005,equipment,FRZ,Ultra-low freezer 5 (-80 °C),DB-L10-03B,10,230,1,1.4,,Y,C10-0181,2.5,10,
FRZ-L10-006,equipment,FRZ,Ultra-low freezer 6 (-80 °C),DB-L10-03B,10,230,1,1.7,,Y,C10-0182,2.5,27,
FRG-L10-005,equipment,FRG,Medicines fridge: Corridor,DB-L10-03B,10,230,1,0.23,,N,C10-0183,2.5,34,
LAB-L10-034,equipment,LAB,Lab bench power: Microbiology,DB-L10-03B,10,230,1,2.9,,N,C10-0184,2.5,33,
LAB-L10-035,equipment,LAB,Lab bench power: Haematology,DB-L10-03B,10,230,1,2,,N,C10-0185,2.5,54,
FRG-L10-006,equipment,FRG,Medicines fridge: Blood sciences,DB-L10-03B,10,230,1,0.49,,N,C10-0186,2.5,9,RCBO replaced 14/09
FRZ-L10-004,equipment,FRZ,Ultra-low freezer 4 (-80 °C),DB-L10-03B,10,230,1,1.3,,Y,C10-0180,2.5,50,
LAB-L10-036,equipment,LAB,Lab bench power: Microbiology (2),DB-L10-03B,10,230,1,2.4,,N,C10-0188,2.5,17,
LAB-L10-037,equipment,LAB,Lab bench power: Haematology (2),DB-L10-03B,10,230,1,2.5,,N,C10-0189,2.5,60,
FRG-L10-008,equipment,FRG,Medicines fridge: Blood sciences (2),DB-L10-03B,10,230,1,0.41,,N,C10-0190,2.5,39,
LAB-L10-038,equipment,LAB,Lab bench power: Corridor,DB-L10-03B,10,230,1,1.5,,N,C10-0191,2.5,39,
LAB-L10-039,equipment,LAB,Lab bench power: Microbiology (3),DB-L10-03B,10,230,1,1.7,,N,C10-0192,2.5,26,
FRG-L10-009,equipment,FRG,Medicines fridge: Haematology,DB-L10-03B,10,230,1,0.35,,N,C10-0193,2.5,19,
FRG-L10-010,equipment,FRG,Medicines fridge: Blood sciences (3),DB-L10-03B,10,230,1,0.35,,N,C10-0194,2.5,40,
FRG-L10-011,equipment,FRG,Medicines fridge: Corridor (3),DB-L10-03B,10,230,1,0.39,,N,C10-0195,2.5,33,
EF-L8-009,equipment,EF,Plant room extract fan: Side rooms - spare,DB-L8-04C,8,400,3,0.75,,N,C08-0268,2.5,56,
DB-L10-03C,board,DB,Level 10 blood bank,DB-L10-03,10,230,1,,25,,C10-0196,50,4,
BBF-L10-001,equipment,BBF,Blood bank fridge 1,DB-L10-03C,10,230,1,0.6,,yes,C10-0197,2.5,56,
BBF-L10-002,equipment,BBF,Blood bank fridge 2,DB-L10-03C,10,230,1,0.5,,Y,C10-0198,2.5,14,
CEN-L10-015,equipment,CEN,Centrifuge: Media prep,DB-L10-03C,10,230,1,1.1,,N,C10-0199,2.5,26,
CEN-L10-016,equipment,CEN,Centrifuge: Specimen reception,DB-L10-03C,10,230,1,1.7,,N,C10-0200,2.5,12,
LAB-L10-040,equipment,LAB,Lab bench power: Blood bank,DB-L10-03C,10,230,1,1.6,,N,C10-0201,2.5,54,
FRG-L10-012,equipment,FRG,Medicines fridge: Blood sciences,DB-L10-03C,10,230,1,0.31,,N,C10-0202,2.5,19,
CEN-L10-020,equipment,CEN,Centrifuge: Blood sciences,DB-L10-03C,10,230,1,1,,N,C10-0210,2.5,18,
LAB-L10-041,equipment,LAB,Lab bench power: Specimen reception,DB-L10-03C,10,230,1,2.3,,N,C10-0204,2.5,55,
FRG-L10-013,equipment,FRG,Medicines fridge: Blood bank,DB-L10-03C,10,230,1,0.47,,N,C10-0205,2.5,40,
FRG-L10-014,EQUIPMENT,FRG,Medicines fridge: Blood sciences (2),DB-L10-03C,10,230,1,0.2,,N,C10-0206,2.5,22,
CEN-L10-018,equipment,CEN,Centrifuge: Media prep (3),DB-L10-03C,10,230,1,1,,N,C10-0207,2.5,60,
ANZ-L10-028,equipment,ANZ,Analyser: Specimen reception,DB-L10-03C,10,230,1,2.9,,N,C10-0208,2.5,54,
CEN-L10-019,equipment,CEN,Centrifuge: Blood bank,DB-L10-03C,10,230,1,1,,N,C10-0209,2.5,54,
CEN-L10-017,equipment,CEN,Centrifuge: Media prep (2),DB-L10-03C,10,230,1,1,,N,C10-0203,2.5,37,
CEN-L10-021,equipment,CEN,Centrifuge: Media prep (4),DB-L10-03C,10,230,1,0.8,,N,C10-0211,2.5,43,
CEN-L10-022,equipment,CEN,Centrifuge: Wash-up,DB-L10-03D,10,230,1,1.5,,N,C10-0215,2.5,45,
ANZ-L10-029,equipment,ANZ,Analyser: Blood bank,DB-L10-03C,10,230,1,2.2,,N,C10-0213,2.5,8,
DB-L10-03D,board,DB,Level 10 containment level 3 suite,DB-L10-03,10,400,3,,55,,C10-0214,25,3,
FRG-L10-015,equipment,FRG,Medicines fridge: Specimen reception,DB-L10-03C,10,230,1,0.23,,N,C10-0212,2.5,17,
FUM-L10-005,equipment,FUM,Fume cupboard: Histopathology,DB-L10-03D,10,400,3,2.2,,N,C10-0220,2.5,28,
LAB-L10-042,equipment,LAB,Lab bench power: Specimen reception,DB-L10-03D,10,230,1,1.9,,N,C10-0217,2.5,11,
LAB-L10-043,equipment,LAB,Lab bench power: Molecular lab,DB-L10-03D,10,230,1,1.5,,N,C10-0218,2.5,47,
LAB-L10-044,equipment,LAB,Lab bench power: Wash-up,DB-L10-03D,10,230,1,2.2,,N,C10-0219,2.5,39,
CEN-L10-023,equipment,CEN,Centrifuge: Histopathology,DB-L10-03D,10,230,1,1.8,,N,C10-0216,2.5,35,
LAB-L10-045,equipment,LAB,Lab bench power: Specimen reception (2),DB-L10-03D,10,230,1,2,,N,C10-0221,2.5,49,
CEN-L10-024,equipment,CEN,Centrifuge: Molecular lab,DB-L10-03D,10,230,1,1.4,,N,C10-0222,2.5,59,
FUM-L10-006,equipment,FUM,Fume cupboard: Wash-up,DB-L10-03D,10,400,3,3,,N,C10-0223,2.5,41,
LAB-L10-046,equipment,LAB,Lab bench power: Histopathology,DB-L10-03D,10,230,1,2,,N,C10-0224,2.5,43,
EF-L10-001,equipment,EF,General extract fan: Specimen reception,DB-L10-03D,10,400,3,4,,N,C10-0225,2.5,45,
CEN-L10-025,equipment,CEN,Centrifuge: Molecular lab (2),DB-L10-03D,10,230,1,1.4,,N,C10-0226,2.5,23,
LAB-L10-047,equipment,LAB,Lab bench power: Wash-up (2),DB-L10-03D,10,230,1,2.1,,N,C10-0227,2.5,13,
FUM-L10-007,equipment,FUM,Fume cupboard: Histopathology (2),DB-L10-03D,10,400,3,2.2,,N,C10-0228,2.5,10,
EF-L10-002,equipment,EF,Dirty utility extract fan: Specimen reception,DB-L10-03D,10,400,3,4,,N,C10-0229,2.5,54,
FUM-L10-008,Equipment,FUM,Fume cupboard: Molecular lab,DB-L10-03D,10,400,3,3,,N,C10-0230,2.5,58,
EF-L10-003,equipment,EF,Plant room extract fan: Wash-up,DB-L10-03D,10,400,3,4,,N,C10-0231,2.5,5,
DB-L10-04,board,DB,Level 10 mechanical services distribution board,SMSB-C,10,400,3,,250,,C10-0232,240,63,
AHU-L10-001,equipment,AHU,Air handling unit 1: Pathology Labs,DB-L10-04,10,400,3,22,,N,C10-0233,6,6,
AHU-L10-002,equipment,AHU,Air handling unit 2: Pathology Labs,DB-L10-04,10,400,3,18.5,,N,C10-0234,6,18,
DB-L10-04A,board,DB,Level 10 pumps & extract fans,DB-L10-04,10,400,3,,85,,C10-0235,50,14,
BMS-L10-001,equipment,BMS,BMS outstation: Corridor,DB-L10-04A,10,230,1,0.6,,N,C10-0237,2.5,43,
PMP-L10-001,equipment,PMP,Condenser water pump: Histopathology,DB-L10-04A,10,400,3,11,,N,C10-0236,2.5,39,
SF-L10-001,equipment,SF,Supply fan: Corridor,DB-L10-04A,10,400,3,3,,N,C10-0241,2.5,48,
PMP-L10-002,equipment,PMP,Condenser water pump: Blood sciences,DB-L10-04A,10,400,3,5.5,,N,C10-0239,2.5,13,
BMS-L10-002,equipment,BMS,BMS outstation: Histopathology,DB-L10-04A,10,230,1,0.4,,N,C10-0240,2.5,22,
FCU-L10-001,equipment,FCU,Fan coil units: Cold room,DB-L10-04A,10,230,1,2.2 kW,,N,C10-0238,2.5,45,
PMP-L10-003,equipment,PMP,Condenser water pump: Cold room,DB-L10-04A,10,400,3,2.2,,N,C10-0242,2.5,56,
PMP-L10-004,equipment,PMP,LTHW heating pump: Blood sciences,DB-L10-04A,10,400,3,5.5,,N,C10-0243,2.5,53,
PMP-L10-005,equipment,PMP,Cold water booster pump: Histopathology,DB-L10-04A,10,400,3,7.5,,N,C10-0244,2.5,6,
EF-L10-004,equipment,EF,Isolation room extract fan: Blood sciences,DB-L10-04A,10,400,3,1.1,,N,C10-0247,2.5,21,
PMP-L10-006,equipment,PMP,LTHW heating pump: Cold room,DB-L10-04A,10,400,3,2.2,,N,C10-0246,2.5,48,
SF-L10-002,equipment,SF,Supply fan: Corridor (2),DB-L10-04A,10,400,3,4,,N,C10-0245,2.5,36,
PRS-L10-001,equipment,PRS,Pressurisation unit: Histopathology,DB-L10-04A,10,230,1,1.1,,N,C10-0248,2.5,28,
EF-L10-005,equipment,EF,Dirty utility extract fan: Corridor,DB-L10-04A,10,400,3,1.1,,N,C10-0249,2.5,12,
PMP-L10-007,equipment,PMP,DHW secondary pump: Cold room,DB-L10-04A,10,400,3,2.2,,N,C10-0250,2.5,7,
HP-L10-003,equipment,HP,Heat pump: Blood sciences,DB-L10-04A,10,400,3,11,,N,C10-0251,2.5,24,
EF-L10-006,equipment,EF,Isolation room extract fan: Histopathology,DB-L10-04A,10,400,3,2.2,,N,C10-0252,2.5,46,
FCU-L10-002,equipment,FCU,Fan coil units: Corridor,DB-L10-04A,10,230,1,2.2,,N,C10-0253,2.5,10,
EF-L10-007,equipment,EF,Isolation room extract fan: Cold room,DB-L10-04A,10,400,3,3,,N,C10-0254,2.5,40,
DB-L10-04B,board,DB,Level 10 fan coil units & controls,DB-L10-04,10,230,1,,30,,C10-0255,50,17,
BMS-L10-003,equipment,BMS,BMS outstation: Specimen reception,DB-L10-04B,10,230,1,0.5 ,,N,C10-0256,2.5,25,
FCU-L10-003,equipment,FCU,Fan coil units: Wash-up,DB-L10-04B,10,230,1,2.3,,N,C10-0257,2.5,16,
FCU-L10-004,equipment,FCU,Fan coil units: Microbiology,DB-L10-04B,10,230,1,1.4,,N,C10-0258,2.5,33,
BMS-L10-004,equipment,BMS,BMS outstation: Blood sciences,DB-L10-04B,10,230,1, 0.6 kW,,N,C10-0259,2.5,11,
FCU-L10-005,equipment,FCU,Fan coil units: Specimen reception,DB-L10-04B,10,230,1,2.3,,N,C10-0260,2.5,21,
TEF-L10-001,equipment,TEF,Toilet extract fan: Wash-up,DB-L10-04B,10,230,1,0.25,,N,C10-0261,2.5,13,
TEF-L10-002,equipment,TEF,Toilet extract fan: Microbiology,DB-L10-04B,10,230,1,0.24,,N,C10-0262,2.5,41,
FCU-L10-006,equipment,FCU,Fan coil units: Blood sciences,DB-L10-04B,10,230,1,1,,N,C10-0263,2.5,6,
FCU-L10-007,equipment,FCU,Fan coil units: Specimen reception (2),DB-L10-04B,10,230,1,1,,N,C10-0264,2.5,21,
TEF-L10-003,equipment,TEF,Toilet extract fan: Wash-up (2),DB-L10-04B,10,230,1,0.26,,N,C10-0265,2.5,23,
FCU-L10-008,equipment,FCU,Fan coil units: Microbiology (2),DB-L10-04B,10,230,1,1.7,,N,C10-0266,2.5,16,
FCU-L10-009,equipment,FCU,Fan coil units: Blood sciences (2),DB-L10-04B,10,230,1,1.3,,N,C10-0267,2.5,45,
FCU-L10-010,equipment,FCU,Fan coil units: Specimen reception (3),DB-L10-04B,10,230,1,2.1,,N,C10-0268,2.5,20,
FCU-L10-011,equipment,FCU,Fan coil units: Wash-up (2),DB-L10-04B,10,230,1,1.3,,N,C10-0269,2.5,16,
FCU-L10-012,equipment,FCU,Fan coil units: Microbiology (3),DB-L10-04B,10,230,1,2,,N,C10-0270,2.5,38,
FCU-L10-013,equipment,FCU,Fan coil units: Blood sciences (3),DB-L10-04B,10,230,1,2.2,,N,C10-0271,2.5,40,
TEF-L10-004,equipment,TEF,Toilet extract fan: Specimen reception,DB-L10-04B,10,230,1,0.5,,N,C10-0272,2.5,14,
TEF-L10-005,equipment,TEF,Toilet extract fan: Wash-up (3),DB-L10-04B,10,230,1,0.47,,n,C10-0273,2.5,47,
DB-L10-04C,board,DB,Level 10 heat pumps & supply fans,DB-L10-04,10,400,3,,100,,C10-0274,70,25,
BMS-L10-005,equipment,BMS,BMS outstation: Lab offices,DB-L10-04C,10,230,1,0.7,,N,C10-0275,2.5,6,
SF-L10-003,equipment,SF,Supply fan: Microbiology,DB-L10-04C,10,400,3,4,,n,C10-0276,2.5,41,
EF-L10-008,equipment,EF,Isolation room extract fan: Corridor,DB-L10-04C,10,400,3,1.5,,N,C10-0277,2.5,52,
SF-L10-004,equipment,SF,Supply fan: Haematology,DB-L10-04C,10,400,3,3,,N,C10-0278,2.5,14,
EF-L10-009,equipment,EF,Isolation room extract fan: Lab offices,DB-L10-04C,10,400,3,1.5,,N,C10-0279,2.5,56,
PRS-L10-002,equipment,PRS,Pressurisation unit: Microbiology,DB-L10-04C,10,230,1,1.4,,N,C10-0280,2.5,23,
PMP-L10-008,equipment,PMP,Condenser water pump: Corridor,DB-L10-04C,10,400,3,5.5,,N,C10-0281,2.5,18,
PMP-L10-009,equipment,PMP,DHW secondary pump: Haematology,DB-L10-04C,10,400,3,3,,N,C10-0282,2.5,30,
EF-L10-010,equipment,EF,Isolation room extract fan: Lab offices (2),DB-L10-04C,10,400,3,0.75,,N,C10-0283,2.5,31,
HP-L10-004,equipment,HP,Heat pump: Microbiology,DB-L10-04C,10,400,3,7.5,,N,C10-0284,2.5,36,
HP-L10-005,equipment,HP,Heat pump: Microbiology (2),DB-L10-04C,10,400,3,5.5,,N,C10-0292,2.5,34,
PMP-L10-010,equipment,PMP,Chilled water pump: Haematology,DB-L10-04C,10,400,3,2.2,,N,C10-0286,2.5,28,
BMS-L10-006,equipment,BMS,BMS outstation: Lab offices (2),DB-L10-04C,10,230,1,0.4,,FALSE,C10-0287,2.5,51,
PMP-L10-011,equipment,PMP,Condenser water pump: Microbiology,DB-L10-04C,10,400,3,3,,n,C10-0288,2.5,59,
FCU-L10-014,EQUIPMENT,FCU,Fan coil units: Corridor,DB-L10-04C,10,230,1,0.8,,N,C10-0289,2.5,14,
SF-L10-006,equipment,SF,Supply fan: Haematology (2),DB-L10-04C,10,400,3,1.5,,N,C10-0290,2.5,41,
PMP-L10-012,equipment,PMP,DHW secondary pump: Lab offices,DB-L10-04C,10,400,3,5.5,,N,C10-0291,2.5,11,
SF-L10-005,equipment,SF,Supply fan: Corridor,DB-L10-04C,10,400,3,1.1,,N,C10-0285,2.5,46,
PMP-L10-013,equipment,PMP,LTHW heating pump: Corridor,DB-L10-04C,10,400,3,2.2,,N,C10-0293,2.5,22,
DB-L10-04D,board,DB,Level 10 fan coil units & controls,DB-L10-04,10,230,1,,45,,C10-0294,95,8,
FCU-L10-019,equipment,FCU,Fan coil units: Corridor (2),DB-L10-04D,10,230,1,2.1,,N,C10-0302,2.5,38,
TEF-L10-006,equipment,TEF,Toilet extract fan: Wash-up,DB-L10-04D,10,230,1,0.59,,N,C10-0296,2.5,30,
FCU-L10-015,equipment,FCU,Fan coil units: Haematology,DB-L10-04D,10,230,1,2.2,,N,C10-0295,2.5,33,
FCU-L10-017,equipment,FCU,Fan coil units: Corridor,DB-L10-04D,10,230,1,1,,N,C10-0298,2.5,26,
TEF-L10-007,equipment,TEF,Toilet extract fan: Haematology,DB-L10-04D,10,230,1,0.49,,N,C10-0299,2.5,31,moved per RFI-112
FCU-L10-018,equipment,FCU,Fan coil units: Wash-up,DB-L10-04D,10,230,1,1.1,,N,C10-0300,2.5,51,
TEF-L10-008,equipment,TEF,Toilet extract fan: Media prep,DB-L10-04D,10,230,1,0.37,,N,C10-0301,2.5,39,
FCU-L10-016,equipment,FCU,Fan coil units: Media prep,DB-L10-04D,10,230,1,2.5,,N,C10-0297,2.5,17,
FCU-L10-020,equipment,FCU,Fan coil units: Haematology (2),DB-L10-04D   ,10,230,1,2.2,,N,C10-0303,2.5,20,
TEF-L10-009,equipment,TEF,Toilet extract fan: Wash-up (2),DB-L10-04D,10,230,1,0.34,,N,C10-0304,2.5,54,
FCU-L10-021,equipment,FCU,Fan coil units: Media prep (2),DB-L10-04D,10,230,1,1.9,,N,C10-0305,2.5,24,
FCU-L10-022,equipment,FCU,Fan coil units: Corridor (3),DB-L10-04D,10,230,1,1.7,,N,C10-0306,2.5,42,
FCU-L10-023,equipment,FCU,Fan coil units: Haematology (3),DB-L10-04D,10,230,1,1.1,,N,C10-0307,2.5,12,
FCU-L10-024,EQUIPMENT,FCU,Fan coil units: Wash-up (2),DB-L10-04D,10,230,1,1.4,,N,C10-0308,2.5,51,
BMS-L10-007,equipment,BMS,BMS outstation: Haematology,DB-L10-04D,10,230,1,0.7,,N,C10-0311,2.5,25,
TEF-L10-010,equipment,TEF,Toilet extract fan: Corridor,DB-L10-04D,10,230,1,0.48,,N,C10-0310,2.5,58,
FCU-L10-025,equipment,FCU,Fan coil units: Media prep (3),DB-L10-04D,10,230,1,1.9,,N,C10-0309,2.5,17,
FCU-L10-026,equipment,FCU,Fan coil units: Wash-up (3),DB-L10-04D,10,230,1,1.3,,N,C10-0312,2.5,13,
EM-L10-005,equipment,EM,Emergency lighting: escape corridors (L10),DB-L10-E,10,230,1,0.25,,Y,C10-0317,1.5,19,
DB-L10-E,board,DB,Level 10 essential services board,SMSB-E,10,400,3,,40,,C10-0314,16,71,
EM-L10-003,equipment,EM,Emergency lighting: stair core 1 (L10),DB-L10-E,10,230,1,0.37,,Y,C10-0315,1.5,52,
EM-L10-004,equipment,EM,Emergency lighting: stair core 2 (L10),DB-L10-E,10,230,1,0.41,,Y,C10-0316,1.5,18,
FCU-L10-027,equipment,FCU,Fan coil units: Media prep (4),DB-L10-04D,10,230,1,1.5,,N,C10-0313,2.5,7,
FA-L10-001,equipment,FA,Fire alarm panel (level 10),DB-L10-E,10,230,1,0.41,,Y,C10-0318,2.5,28,
LTG-L10-029,equipment,LTG,Essential lighting: Media prep,DB-L10-E,10,230,1,1.4,,N,C10-0319,1.5,48,
SP-L10-033,equipment,SP,Essential small power: Wash-up,DB-L10-E,10,230,1,2.1,,N,C10-0320,2.5,7,
ACC-L10-002,equipment,ACC,Access control panel: Blood bank,DB-L10-E,10,230,1,0.42,,N,C10-0321,2.5,20,
LTG-L10-030,equipment,LTG,Essential lighting: Corridor,DB-L10-E,10,230,1,0.5,,N,C10-0322,1.5,7,
SP-L10-034,equipment,SP,Essential small power: Media prep,DB-L10-E,10,230,1,2.5,,N,C10-0323,2.5,34,
CCTV-L10-006,equipment,CCTV,CCTV: Wash-up,DB-L10-E,10,230,1,0.5,,N,C10-0324,2.5,41,
LTG-L10-031,equipment,LTG,Essential lighting: Blood bank,DB-L10-E,10,230,1,0.8,,N,C10-0325,1.5,22,
SP-L10-035,equipment,SP,Essential small power: Corridor ,DB-L10-E,10,230,1,2.1,,N,C10-0326,2.5,57,
LTG-L10-032,equipment,LTG,Essential lighting: Media prep (2),DB-L10-E,10,230,1,1.5,,N,C10-0327,1.5,26,
SP-L10-036,equipment,SP,Essential small power: Wash-up (2),DB-L10-E,10,230,1,2.1,,N,C10-0328,2.5,55,
CCTV-L10-007,equipment,CCTV,CCTV: Blood bank,DB-L10-E,10,230,1,0.21,,N,C10-0329,2.5,7,
SP-L10-037,equipment,SP,Essential small power: Corridor (2),DB-L10-E,10,230,1,3.2,,N,C10-0330,2.5,11,
CCTV-L10-008,equipment,CCTV,CCTV: Media prep,DB-L10-E,10,230,1,0.58,,N,C10-0331,2.5,20,
LTG-L10-033,equipment,LTG,Essential lighting: Wash-up,DB-L10-E,10,230,1,1.8,,N,C10-0332,1.5,60,
ACC-L10-003,equipment,ACC,Access control panel: Blood bank (2),DB-L10-E,10,230,1,0.22,,N,C10-0337,2.5,55,
LTG-L10-035,equipment,LTG,Essential lighting: Corridor (2),DB-L10-E,10,230,1,1.8,,N,C10-0334,1.5,32,
LTG-L10-036,equipment,LTG,Essential lighting: Media prep (3),DB-L10-E,10,230,1,0.8,,N,C10-0335,1.5,44,
SP-L10-038,equipment,SP,Essential small power: Wash-up (3),DB-L10-E,10,230,1,3.3,,N,C10-0336,2.5,15,
LTG-L10-034,Equipment,LTG,Essential lighting: Blood bank (2),DB-L10-E,10,230,1,0.8,,N,C10-0333,1.5,38,
ACC-L10-004,equipment,ACC,Access control panel: Wash-up,DB-L10-E,10,230,1,0.28,,N,C10-0340,2.5,17,
DATA-L10-003,equipment,DATA,Comms cabinet: Media prep,DB-L10-E,10,230,1,1,,N,C10-0339,2.5,39,
SP-L10-039,equipment,SP,Essential small power: Corridor (3),DB-L10-E,10,230,1,2,,N,C10-0338,2.5,34,
DB-L11-01,board,DB,Level 11 Administration north wing distribution board,SMSB-C,11,400,3,,310,,C11-0001,2x300,61,
HP-L11-001,equipment,HP,Heat pump: L11 north wing,DB-L11-01,11,400,3,5.5,,N,C11-0002,2.5,31,
DATA-L11-001,equipment,DATA,Floor comms room: L11 north wing,DB-L11-01,11,230,1,2.4,,N,C11-0003,2.5,14,
DB-L11-01A,board,DB,Level 11 lighting,DB-L11-01,11,230,1,,35,,C11-0004,70,19,
EM-L11-001,equipment,EM,Emergency lighting: L11 north wing,DB-L11-01A,11,230,1,0.33,,Y,C11-0005,1.5,38,
ACC-L11-001,Equipment,ACC,Access control panel: Education centre,DB-L11-01A,11,230,1,0.26,,N,C11-0006,2.5,57,
LTG-L11-001,equipment,LTG,Lighting: Reception,DB-L11-01A,11,230,1,0.6,,N,C11-0007,1.5,16,
CCTV-L11-001,equipment,CCTV,CCTV: Library,DB-L11-01A,11,230,1,0.29,,N,C11-0008,2.5,55,
CCTV-L11-002,equipment,CCTV,CCTV: Open-plan office south,DB-L11-01A,11,230,1,0.48,,N,C11-0009,2.5,11,
LTG-L11-002,equipment,LTG,Lighting: Education centre,DB-L11-01A,11,230,1,1.9,,N,C11-0010,1.5,55,
ACC-L11-002,equipment,ACC,Access control panel: Reception,DB-L11-01A,11,230,1,0.42,,N,C11-0011,2.5,6,
LTG-L11-003,equipment,LTG,Lighting: Library,DB-L11-01A,11,230,1,1.2,,N,C11-0012,1.5,23,
LTG-L11-004,equipment,LTG,Lighting: Open-plan office south,DB-L11-01A,11,230,1,1.5,,N,C11-0013,1.5,39,
LTG-L11-005,equipment,LTG,Lighting: Education centre (2),DB-L11-01A,11,230,1,1.7,,N,C11-0014,1.5,42,
LTG-L11-006,equipment,LTG,Lighting: Reception (2),DB-L11-01A,11,230,1,1.7,,N,C11-0015,1.5,20,
LTG-L11-007,equipment,LTG,Lighting: Library (2),DB-L11-01A,11,230,1,1.6,,N,C11-0016,1.5,27,
LTG-L11-008,equipment,LTG,Lighting: Open-plan office south (2),DB-L11-01A,11,230,1,1.2,,N,C11-0017,1.5,56,
LTG-L11-009,equipment,LTG,Lighting: Education centre (3),DB-L11-01A,11,230,1,1.2,,,C11-0018,1.5,49,
CCTV-L11-003,equipment,CCTV,CCTV: Reception,DB-L11-01A,11,230,1,0.2,,N,C11-0019,2.5,19,
LTG-L11-010,equipment,LTG,Lighting: Library (3),DB-L11-01A,11,230,1,1.6,,N,C11-0020,1.5,6,
LTG-L11-011,equipment,LTG,Lighting: Open-plan office south (3),DB-L11-01A,11,230,1,1.3,,N,C11-0021,1.5,45,
SP-L11-002,equipment,SP,Small power: Open-plan office south,DB-L11-01B,11,230,1,2.1,,N,C11-0026,2.5,36,
LTG-L11-013,equipment,LTG,Lighting: Reception (3),DB-L11-01A,11,230,1,1,,N,C11-0023,1.5,12,
SP-L11-001,equipment,SP,Small power: Meeting rooms,DB-L11-01B,11,230,1,3.2,,N,C11-0025,2.5,9,
DB-L11-01B,board,DB,Level 11 small power,DB-L11-01,11,230,1,,60,,C11-0024,150,10,
LTG-L11-012,equipment,LTG,Lighting: Education centre (4),DB-L11-01A,11,230,1,1.3,,N,C11-0022,1.5,5,
SP-L11-003,equipment,SP,Small power: Staff restaurant,DB-L11-01B,11,230,1,3.4,,N,C11-0027,2.5,21,
SP-L11-004,equipment,SP,Small power: Education centre,DB-L11-01B,11,230,1,2.5,,N,C11-0028,2.5,47,
SP-L11-005,equipment,SP,Small power: Meeting rooms (2),DB-L11-01B,11,230,1,1.6,,N,C11-0029,2.5,16,
SP-L11-006,equipment,SP,Small power: Open-plan office south (2),DB-L11-01B,11,230,1,1.8,,N,C11-0030,2.5,23,
SP-L11-007,equipment,SP,Small power: Staff restaurant (2),DB-L11-01B,11,230,1,2.4,,N,C11-0031,2.5,5,
HD-L11-001,equipment,HD,Hand dryer: Education centre,DB-L11-01B,11,230,1,2,,N,C11-0032,2.5,46,
SP-L11-008,equipment,SP,Small power: Meeting rooms (3),DB-L11-01B,11,230,1,1.8,,N,C11-0033,2.5,51,
SP-L11-009,equipment,SP,Small power: Open-plan office south (3),DB-L11-01B,11,230,1,2.5,,N,C11-0034,2.5,17,
SP-L11-010,equipment,SP,Small power: Staff restaurant (3),DB-L11-01B,11,230,1,2.3,,N,C11-0035,2.5,48,
HD-L11-002,equipment,HD,Hand dryer: Education centre (2),DB-L11-01B,11,230,1,1.3,,N,C11-0036,2.5,27,
SP-L11-011,equipment,SP,Small power: Meeting rooms (4),DB-L11-01B,11,230,1,2.4,,N,C11-0037,2.5,32,
HD-L11-003,equipment,HD,Hand dryer: Open-plan office south,DB-L11-01B,11,230,1,1.6,,N,C11-0038,2.5,18,
SP-L11-014,equipment,SP,Small power: Open-plan office south,DB-L11-01C,11,230,1,1.5,,N,C11-0042,2.5,43,
SP-L11-013,equipment,SP,Small power: Education centre (2),DB-L11-01B,11,230,1,2.3,,N,C11-0040,2.5,50,
DB-L11-01C,board,DB,Level 11 office small power,DB-L11-01,11,230,1,,60,,C11-0041,150,4,
SP-L11-012,equipment,SP,Small power: Staff restaurant (4),DB-L11-01B,11,230,1,2.1,,N,C11-0039,2.5,50,
BEV-L11-001,equipment,BEV,Beverage bay: Hot-desk area,DB-L11-01C,11,230,1,2.9,,N,C11-0043,2.5,41,
SP-L11-015,equipment,SP,Small power: Library,DB-L11-01C,11,230,1,3.3,,N,C11-0044,2.5,16,
BEV-L11-002,equipment,BEV,Beverage bay: Boardroom,DB-L11-01C,11,230,1,3,,N,C11-0045,2.5,50,
DATA-L11-002,equipment,DATA,Comms cabinet: Open-plan office south,DB-L11-01C,11,230,1,2,,N,C11-0046,2.5,24,
SP-L11-016,equipment,SP,Small power: Hot-desk area,DB-L11-01C,11,230,1,3,,N,C11-0047,2.5,41,
SP-L11-017,equipment,SP,Small power: Library (2),DB-L11-01C,11,230,1,1.8,,N,C11-0048,2.5,15,
DATA-L11-003,equipment,DATA,Comms cabinet: Boardroom,DB-L11-01C,11,230,1,1.7,,N,C11-0049,2.5,60,
SP-L11-018,equipment,SP,Small power: Open-plan office south (2),DB-L11-01C,11,230,1,2,,N,C11-0050,2.5,54,
SP-L11-019,equipment,SP,Small power: Hot-desk area (2),DB-L11-01C,11,230,1,1.6,,N,C11-0051,2.5,39,
SP-L11-020,equipment,SP,Small power: Library (3),DB-L11-01C,11,230,1,3.4,,N,C11-0052,2.5,9,
DATA-L11-004,equipment,DATA,Comms cabinet: Boardroom (2),DB-L11-01C,11,230,1,1.2,,N,C11-0053,2.5,17,
SP-L11-021,equipment,SP,Small power: Open-plan office south (3),DB-L11-01C,11,230,1,3.3,,N,C11-0054,2.5,57,
SP-L11-022,equipment,SP,Small power: Hot-desk area (3),DB-L11-01C,11,230,1,1.6,,N,C11-0055,2.5,7,
SP-L11-023,equipment,SP,Small power: Library (4),DB-L11-01C,11,230,1,3.2,,N,C11-0056,2.5,30,
DATA-L11-005,equipment,DATA,Comms cabinet: Boardroom (3),DB-L11-01C,11,230,1,1.3,,N,C11-0057,2.5,54,
DB-L11-01D,board,DB,Level 11 office services,DB-L11-01,11,400,3,,75,,C11-0058,50,23,
DATA-L11-006,equipment,DATA,Comms cabinet: Staff restaurant,DB-L11-01D,11,230,1,1.4,,N,C11-0059,2.5,19,
BEV-L11-003,equipment,BEV,Beverage bay: Medical records,DB-L11-01D,11,230,1,2.8,,N,C11-0060,2.5,57,
DATA-L11-007,equipment,DATA,Comms cabinet: Break-out,DB-L11-01D,11,230,1,2.1,,N,C11-0061,2.5,17,
SP-L11-024,equipment,SP,Small power: Meeting rooms,DB-L11-01D,11,230,1,2.3,,,C11-0062,2.5,59,
SP-L11-025,equipment,SP, Small power: Staff restaurant,DB-L11-01D,11,230,1,3.2,,N,C11-0063,2.5,29,
BEV-L11-004,equipment,BEV,Beverage bay: Medical records (2),DB-L11-01D,11,230,1,2.1,,N,C11-0064,2.5,28,
SP-L11-026,equipment,SP,Small power: Break-out,DB-L11-01D,11,230,1,1.9,,N,C11-0065,2.5,20,
VEND-L11-001,equipment,VEND,Vending machine: Meeting rooms,DB-L11-01D,11,230,1,0.9,,N,C11-0066,2.5,57,
SP-L11-028,equipment,SP,Small power: Break-out (2),DB-L11-01D,11,230,1,3.4,,N,C11-0069,2.5,56,
BEV-L11-005,equipment,BEV,Beverage bay: Medical records (3),DB-L11-01D,11,230,1 ,2.3,,N,C11-0068,2.5,31,
SP-L11-027,equipment,SP,Small power: Staff restaurant (2),DB-L11-01D,11,230   ,1,2.2,,N,C11-0067,2.5,18,
SP-L11-029,equipment,SP,Small power: Meeting rooms (2),DB-L11-01D,11,230,1,3.5,,N,C11-0070,2.5,6,
PRN-L11-001,equipment,PRN,Printer bank: Staff restaurant,DB-L11-01D,11,230,1,1.3,,N,C11-0071,2.5,55,
SP-L11-030,equipment,SP,Small power: Medical records,DB-L11-01D,11,  230  ,1,2,,N,C11-0072,2.5,20,
DATA-L11-008,equipment,DATA,Comms cabinet: Break-out (2),DB-L11-01D,11,230,1,1.3,,N,C11-0073,2.5,17,
SP-L11-031,equipment,SP,Small power: Meeting rooms (3),DB-L11-01D,11,230,1,1.8,,N,C11-0074,2.5,15,
DATA-L11-009,equipment,DATA,Comms cabinet: Staff restaurant (2),DB-L11-01D,11,230,1,2.4,,N,C11-0075,2.5,23,
SP-L11-032,equipment,SP,Small power: Medical records (2),DB-L11-01D,11,230,1,2.9,,N,C11-0076,2.5,41,
IHW-L11-001,equipment,IHW,Instantaneous water heater: Break-out,DB-L11-01D,11,400,3,12,,N,C11-0077,2.5,16,
DB-L11-02,board,DB,Level 11 Administration south wing distribution board,SMSB-C,11,400,3,,200,,C11-0078,185,66,
HP-L11-002,equipment,HP,Heat pump: L11 south wing,DB-L11-02,11,400,3,7.5,,N,C11-0079,2.5,29,
DATA-L11-010,equipment,DATA,Floor comms room: L11 south wing,DB-L11-02,11,230,1,1.9,,N,C11-0080,2.5,31,
DB-L11-02A,board,DB,Level 11 lighting,DB-L11-02,11,230,1,,40,,C11-0081,70,19,
EM-L11-002,equipment,EM,Emergency lighting: L11 south wing,DB-L11-02A,11,230,1,0.48,,Y,C11-0082,1.5,8,
LTG-L11-014,equipment,LTG,Lighting: Boardroom,DB-L11-02A,11,230,1,1.2,,N,C11-0083,1.5,46,
LTG-L11-015,equipment,LTG,Lighting: Education centre,DB-L11-02A,11,230,1,0.6,,N,C11-0084,1.5,5,
LTG-L11-016,equipment,LTG,Lighting: Medical records,DB-L11-02A,11,230,1,1.3,,N,C11-0085,1.5,26,
LTG-L11-017,equipment,LTG,Lighting: Reception,DB-L11-02A,11,230,1,1.1,,N,C11-0086,1.5,19,
LTG-L11-018,equipment,LTG,Lighting: Boardroom (2),DB-L11-02A,11,230,1,2,,FALSE,C11-0087,1.5,33,
LTG-L11-019,equipment,LTG,Lighting: Education centre (2),DB-L11-02A,11,230,1,1.1,,N,C11-0088,1.5,47,
LTG-L11-020,equipment,LTG,Lighting: Medical records (2),DB-L11-02A,11,230,1,0.6,,N,C11-0089,1.5,45,
LTG-L11-021,equipment,LTG,Lighting: Reception (2),DB-L11-02A,11,230,1,1.9,,N,C11-0090,1.5,9,
LTG-L11-022,equipment,LTG,Lighting: Boardroom (3),DB-L11-02A,11,230,1,1.2,,N,C11-0091,1.5,57,
LTG-L11-023,equipment,LTG,Lighting: Education centre (3),DB-L11-02A,11,230,1,0.7,,N,C11-0092,1.5,49,
LTG-L11-024,equipment,LTG,Lighting: Medical records (3),DB-L11-02A,11,230,1,1,,,C11-0093,1.5,14,
SP-L11-033,equipment,SP,Small power: Print room,DB-L11-02B,11,230,1,3,,n,C11-0100,2.5,47,
LTG-L11-026,equipment,LTG,Lighting: Boardroom (4),DB-L11-02A,11,230,1,1.8,,N,C11-0095,1.5,52,spare way used
LTG-L11-027,equipment,LTG,Lighting: Education centre (4),DB-L11-02A,11,230,1,1.6,,N,C11-0096,1.5,13,
LTG-L11-028,equipment,LTG,Lighting: Medical records (4),DB-L11-02A,11,230,1,1.7,,N,C11-0097,1.5,36,
LTG-L11-029,equipment,LTG,Lighting: Reception (4),DB-L11-02A,11,230,1,2,,N,C11-0098,1.5,52,
DB-L11-02B,board,DB,Level 11 small power,DB-L11-02,11,230,1,,55,,C11-0099,120,9,
LTG-L11-025,equipment,LTG,Lighting: Reception (3),DB-L11-02A,11,230,1,0.6,,N,C11-0094,1.5,58,
SP-L11-034,equipment,SP,Small power: Break-out,DB-L11-02B,11,230,1,1.9,,N,C11-0101,2.5,45,
HW-L11-001,equipment,HW,Water heater: Boardroom,DB-L11-02B,11,230,1,2.4,,N,C11-0102,2.5,52,
SP-L11-040,equipment,SP,Small power: Boardroom,DB-L11-02B,11,230,1,3.1,,N,C11-0110,2.5,24,
SP-L11-035,equipment,SP,Small power: Print room (2),DB-L11-02B,11,230,1,2,,N,C11-0104,2.5,9,
SP-L11-036,equipment,SP,Small power: Break-out (2),DB-L11-02B,11,230,1,3.5,,N,C11-0105,2.5,46,
DATA-L11-011,equipment,DATA,Comms cabinet: Boardroom,DB-L11-02B,11,230,1,2.2,,N,C11-0106,2.5,57,
SP-L11-037,equipment,SP,Small power: Open-plan office north,DB-L11-02B,11,230,1,3.1,,N,C11-0107,2.5,56,
SP-L11-038,equipment,SP,Small power: Print room (3),DB-L11-02B,11,230,1,2.4,,N,C11-0108,2.5,18,
SP-L11-039,equipment,SP,Small power: Break-out (3),DB-L11-02B,11,230,1,2.9,,N,C11-0109,2.5,9,
BEV-L11-006,equipment,BEV,Beverage bay: Open-plan office north,DB-L11-02B,11,230,1,2.8,,N,C11-0103,2.5,57,
SP-L11-041,equipment,SP,Small power: Open-plan office north (2),DB-L11-02B,11,230,1,3.5,,N,C11-0111,2.5,7,
HD-L11-004,equipment,HD,Hand dryer: Print room,DB-L11-02B,11,230,1,1.5,,N,C11-0112,2.5,20,
SP-L11-047,equipment,SP,Small power: Break-out,DB-L11-02C,11,230,1,2.5,,N,C11-0121,2.5,25,
SP-L11-043,equipment,SP,Small power: Boardroom (2),DB-L11-02B,11,230,1,2.6,,N,C11-0114,2.5,52,spare way used
SP-L11-044,equipment,SP,Small power: Open-plan office north (3),DB-L11-02B,11,230,1,3.2,,N,C11-0115,2.5,59,to be verified at commissioning
DB-L11-02C,board,DB,Level 11 office small power,DB-L11-02,11,230,1,,60,,C11-0116,150,25,
PRN-L11-002,equipment,PRN,Printer bank: Break-out,DB-L11-02C,11,230,1,1,,N,C11-0117,2.5,19,
PRN-L11-003,equipment,PRN,Printer bank: Open-plan office north,DB-L11-02C,11,230,1,1.1,,N,C11-0118,2.5,16,
SP-L11-045,equipment,SP,Small power: Print room,DB-L11-02C,11,230,1,2.1,,N,C11-0119,2.5,48,
SP-L11-046,equipment,SP,Small power: Library,DB-L11-02C,11,230,1,1.9,,N,C11-0120,2.5,16,
SP-L11-042,equipment,SP,Small power: Break-out (4),DB-L11-02B,11,230,1,2.8,,N,C11-0113,2.5,38,
SP-L11-048,equipment,SP,Small power: Open-plan office north,DB-L11-02C,11,230,1,3,,N,C11-0122,2.5,54,
SP-L11-049,equipment,SP,Small power: Print room (2),DB-L11-02C,11,230,1,1.7,,N,C11-0123,2.5,12,moved per RFI-112
SP-L11-050,equipment,SP,Small power: Library (2),DB-L11-02C,11,230,1,2.9,,N,C11-0124,2.5,21,
SP-L11-051,equipment,SP,Small power: Break-out (2),DB-L11-02C,11,230,1,1.9,,N,C11-0125,2.5,56,
SP-L11-052,equipment,SP,Small power: Open-plan office north (2),DB-L11-02C,11,230,1,2.7,,N,C11-0126,2.5,53,
SP-L11-053,equipment,SP,Small power: Print room (3),DB-L11-02C,11,230,1,1.9,,N,C11-0127,2.5,43,
SP-L11-054,equipment,SP,Small power: Library (3),DB-L11-02C,11,230,1,3.5,,N,C11-0128,2.5,49,
DATA-L11-012,equipment,DATA,Comms cabinet: Break-out,DB-L11-02C,11,230,1,2.9,,N,C11-0129,2.5,51,
BEV-L11-007,equipment,BEV,Beverage bay: Open-plan office north,DB-L11-02C,11,230,1,2.9,,N,C11-0130,2.5,15,
SP-L11-055,equipment,SP,Small power: Print room (4),DB-L11-02C,11,230,1,2.4,,N,C11-0131,2.5,45,
SP-L11-056,equipment,SP,Small power: Library (4),DB-L11-02C,11,230,1,1.7,,N,C11-0132,2.5,30,
SP-L11-057,equipment,SP,Small power: Break-out (3),DB-L11-02C,11,230,1,1.8,,N,C11-0133,2.5,48,
SP-L11-059,equipment,SP,Small power: Library,DB-L11-02D,11,230,1,2.7,,N,C11-0136,2.5,21,
SP-L11-058,equipment,SP,Small power: Break-out,DB-L11-02D,11,230,1,2.9,,N,C11-0135,2.5,55,
DB-L11-02D,board,DB,Level 11 office services,DB-L11-02,11,400,3,,65,,C11-0134,35,15,
SP-L11-060,equipment,SP,Small power: Reception,DB-L11-02D,11,230,1,3,,N,C11-0137,2.5,31,
SP-L11-061,equipment,SP,Small power: Open-plan office north,DB-L11-02D ,11,230,1,2.6,,N,C11-0138,2.5,45,
PRN-L11-004,equipment,PRN,Printer bank: Break-out,DB-L11-02D,11,230,1,1.2,,N,C11-0139,2.5,54,
SP-L11-062,equipment,SP,Small power: Library (2),DB-L11-02D,11,230,1,3,,N,C11-0140,2.5,39,
SP-L11-063,equipment,SP,Small power: Reception (2),DB-L11-02D,11,230,1,3.1,,N,C11-0141,2.5,33,
IHW-L11-002,equipment,IHW,Instantaneous water heater: Open-plan office north,DB-L11-02D,11,400,3,10.8,,N,C11-0142,2.5,44,
PRN-L11-005,equipment,PRN,Printer bank: Break-out (2),DB-L11-02D,11,230,1,1.4,,N,C11-0143,2.5,18,
SP-L11-064,equipment,SP,Small power: Library (3),DB-L11-02D,11,230,1,1.7,,N,C11-0144,2.5,50,
SP-L11-065,equipment,SP,Small power: Reception (3),DB-L11-02D,11,230,1,2.4,,N,C11-0145,2.5,50,
DATA-L11-013,equipment,DATA,Comms cabinet: Open-plan office north,DB-L11-02D,11,230,1,2.8,,N,C11-0146,2.5,23,
DATA-L11-014,equipment,DATA,Comms cabinet: Break-out,DB-L11-02D,11,230,1,2.3,,N,C11-0147,2.5,35,
KIT-L11-001,equipment,KIT,Fryer: Medical records,DB-L11-03A,11,400,3,16,,N,C11-0155,4,59,
PRN-L11-006,equipment,PRN,Printer bank: Reception,DB-L11-02D,11,230,1,1.1,,N,C11-0149,2.5,7,
SP-L11-068,equipment,SP,Small power: Break-out (2),DB-L11-02D,11,230,1,2,,N,C11-0151,2.5,6,
SP-L11-067,equipment,SP,Small power: Open-plan office north (2),DB-L11-02D,11,230,1,2.3,,N,C11-0150,2.5,42,"rating taken from nameplate, not O&M manual"
SP-L11-069,equipment,SP,Small power: Library (5),DB-L11-02D,11,230,1,3,,N,C11-0152,2.5,31,
DB-L11-03,board,DB,Level 11 restaurant & education distribution board,SMSB-C,11,400,3,,390,,C11-0153,2x300,68,
DB-L11-03A,board,DB,Level 11 staff restaurant kitchen,DB-L11-03,11,400,3,,230,,C11-0154,240,12,
SP-L11-066,equipment,SP,Small power: Library (4),DB-L11-02D,11,230,1,2,,N,C11-0148,2.5,38,
KIT-L11-002,equipment,KIT,Combi oven: Hot-desk area,DB-L11-03A,11,400,3,16,,N,C11-0156,4,10,
IHW-L11-003,equipment,IHW,Instantaneous water heater: Reception,DB-L11-03A,11,400,3,12,,N,C11-0157,2.5,27,
KIT-L11-003,equipment,KIT,Combi oven: Open-plan office south,DB-L11-03A,11,400,3,8,,N,C11-0158,2.5,14,RCBO replaced 14/09
KIT-L11-004,equipment,KIT,Pass-through dishwasher: Medical records,DB-L11-01A,11,400,3,8,,N,C11-0159,2.5,59,
SP-L11-070,equipment,SP,Small power: Hot-desk area,DB-L11-03A,11,230,1,2.4,,N,C11-0160,2.5,35,RCBO replaced 14/09
KIT-L11-005,equipment,KIT,Pass-through dishwasher: Reception,DB-L11-03A,11,400,3,16,,N,C11-0161,4,57,
KIT-L11-007,Equipment,KIT,Bratt pan: Medical records,DB-L11-03A,11,400,3,15,,N,C11-0167,4,57,
SP-L11-072,equipment,SP,Small power: Reception,DB-L11-03A,11,230,1,1.8,,N,C11-0165,2.5,28,
SP-L11-071,equipment,SP,Small power: Hot-desk area (2),DB-L11-03A,11,230,1,3.3,,N,C11-0164,2.5,41,
CR-L11-001,equipment,CR,Cold room: Medical records,DB-L11-03A,11,400,3,3,,N,C11-0163,2.5,30,
CR-L11-002,equipment,CR,Cold room: Open-plan office south,DB-L11-03A,11,400,3,4,,N,C11-0166,2.5,40,
KIT-L11-006,equipment,KIT,Combi oven: Open-plan office south (2),DB-L11-03A,11,400,3,14,,N,C11-0162,4,14,
KIT-L11-008,equipment,KIT,Bratt pan: Hot-desk area,DB-L11-03A,11,400,3,19,,N,C11-0168,6,48,
KIT-L11-009,equipment,KIT,Bratt pan: Reception,DB-L11-03A,11,400,3,14,,N,C11-0169,4,33,
KIT-L11-010,equipment,KIT,Pass-through dishwasher: Open-plan office south,DB-L11-03A,11,400,3,15,,N,C11-0170,4,17,
DB-L11-03B,board,DB,Level 11 education centre & library,DB-L11-03,11,230,1,,50,,C11-0171,120,6,
DATA-L11-015,equipment,DATA,Comms cabinet: Reception,DB-L11-03B,11,230,1,1.7,,N,C11-0172,2.5,54,
SP-L11-073,equipment,SP,Small power: Open-plan office north,DB-L11-03B,11,230,1,1.6,,N,C11-0173,2.5,37,
LTG-L11-030,equipment,LTG,Lighting: Hot-desk area,DB-L11-03B,11,230,1,1.4,,N,C11-0174,1.5,17,
LTG-L11-031,equipment,LTG,Lighting: Open-plan office north,DB-L11-03B,11,230,1,1.7,,N,C11-0177,1.5,52,
SP-L11-075,equipment,SP,Small power: Reception,DB-L11-03B,11,230,1,3,,N,C11-0176,2.5,29,
SP-L11-076,equipment,SP,Small power: Hot-desk area,DB-L11-03B,11,230,1,1.6,,N,C11-0178,2.5,39,
SP-L11-074,equipment,SP,Small power: Boardroom,DB-L11-03B,11,230,1,2.4 kW,,N,C11-0175,2.5,40,
SP-L11-077,equipment,SP,Small power: Boardroom (2),DB-L11-03B,11,230,1,1.9,,N,C11-0179,2.5,12,
LTG-L11-032,equipment,LTG,Lighting: Reception,DB-L11-03B,11,230,1,0.8,,N,C11-0180,1.5,35,
SP-L11-082,equipment,SP,Small power: Hot-desk area (3),DB-L11-03B,11,230,1,3.3,,N,C11-0186,2.5,26,
SP-L11-079,equipment,SP,Small power: Hot-desk area (2),DB-L11-03B,11,230,1,2.2,,N,C11-0182,2.5,8,
LTG-L11-033,equipment,LTG,Lighting: Boardroom,DB-L11-03B,11,230,1,0.6,,N,C11-0183,1.5,59,
SP-L11-080,equipment,SP,Small power: Reception (2),DB-L11-03B,11,230,1,2.2,,N,C11-0184,2.5,24,
SP-L11-081,equipment,SP,Small power: Open-plan office north (3),DB-L11-03B,11,230,1,3,,N,C11-0185,2.5,22,
SP-L11-078,equipment,SP,Small power: Open-plan office north (2),DB-L11-03B,11,230,1,2.1,,N,C11-0181,2.5,25,
SP-L11-083,equipment,SP,Small power: Boardroom (3),DB-L11-03B,11,230,1,1.7,,N,C11-0187,2.5,7,
DB-L11-03C,board,DB,Level 11 medical records,DB-L11-03,11,230,1,,75,,C11-0188,185,15,
SP-L11-084,equipment,SP,Small power: Boardroom,DB-L11-03C,11,230,1,3.3,,N,C11-0189,2.5,26,
DATA-L11-016,equipment,DATA,Comms cabinet: Print room,DB-L11-03C,11,230,1,2.9,,N,C11-0190,2.5,36,
LTG-L11-034,equipment,LTG,Lighting: Open-plan office south,DB-L11-03C,11,230,1,1.1,,N,C11-0191,1.5,42,
DATA-L11-017,equipment,DATA,Comms cabinet: Education centre,DB-L11-03C,11,230,1,1.3,,N,C11-0192,2.5,24,
DATA-L11-018,equipment,DATA,Comms cabinet: Boardroom,DB-L11-03C,11,230,1,1.8,,N,C11-0193,2.5,48,
SP-L11-085,equipment,SP,Small power: Print room,DB-L11-03C,11, 230,1,2.9,,N,C11-0194,2.5,7,
SP-L11-089,equipment,SP,Small power: Open-plan office south (2),DB-L11-03C,11,230,1,2.2,,N,C11-0203,2.5,54,
DATA-L11-019,equipment,DATA,Comms cabinet: Education centre (2),DB-L11-03C,11,230,1,1.5,,N,C11-0196,2.5,23,
LTG-L11-035,equipment,LTG,Lighting: Boardroom,DB-L11-03C,11,230,1,1.7,,N,C11-0197,1.5,39,
PRN-L11-007,Equipment,PRN,Printer bank: Print room,DB-L11-03C,11,230,1,1.3,,N,C11-0198,2.5,38,
LTG-L11-036,equipment,LTG,Lighting: Open-plan office south (2),DB-L11-03C,11,230,1,1.2,,N,C11-0199,1.5,34,
SP-L11-088,equipment,SP,Small power: Print room (2),DB-L11-03C,11,230,1,2.8,,N,C11-0202,2.5,18,label missing on site
SP-L11-087,equipment,SP,Small power: Boardroom (2),DB-L11-03C,11,230,1,1.8,,N,C11-0201,2.5,12,
SP-L11-090,equipment,SP,Small power: Education centre,DB-L11-03C,11,230,1,3,,N,C11-0204,2.5,47,
SP-L11-086,equipment,SP,Small power: Open-plan office south,DB-L11-03C,11,230,1,1.6,,N,C11-0195,2.5,14,
PRN-L11-008,equipment,PRN,Printer bank: Education centre,DB-L11-03C,11,230,1,1.3,,N,C11-0200,2.5,37,"fed via local isolator, see dwg E-501 rev C"
SP-L11-091,equipment,SP,Small power: Boardroom (3),DB-L11-03C,11,230,1,2,,N,C11-0205,2.5,52,
DB-L11-03D,board,DB,Level 11 boardroom & meeting rooms,DB-L11-03,11,230,1,,65,,C11-0206,150,9,
SP-L11-092,equipment,SP,Small power: Open-plan office south,DB-L11-03D,11,230,1,3.3,,N,C11-0207,2.5,45,
SP-L11-093,equipment,SP,Small power: Reception,DB-L11-03D,11,230,1,2.4,,N,C11-0208,2.5,55,
SP-L11-094,equipment,SP,Small power: Library,DB-L11-03D,11,230,1,2.1,,N,C11-0209,2.5,32,
SP-L11-095,equipment,SP,Small power: Print room,DB-L11-03D,11,230,1,1.8,,N,C11-0210,2.5,18,
BEV-L11-008,equipment,BEV,Beverage bay: Open-plan office south,DB-L11-03D,11,230,1,2.3,,N,C11-0211,2.5,45,
SP-L11-096,equipment,SP,Small power: Reception (2),DB-L11-03D,11,230,1,2.6,,FALSE,C11-0212,2.5,38,
BEV-L11-009,equipment,BEV,Beverage bay: Library,DB-L11-03D,11,230,1,2.5,,N,C11-0213,2.5,11,
SP-L11-097,equipment,SP,Small power: Print room (2),DB-L11-03D,11,230,1,2.9,,N,C11-0214,2.5,52,
SP-L11-098,equipment,SP,Small power: Open-plan office south (2),DB-L11-03D,11,230,1,2,,N,C11-0215,2.5,56,
LTG-L11-037,equipment,LTG,Lighting: Reception,DB-L11-03D,11,230,1,1.8,,N,C11-0216,1.5,19,
BEV-L11-010,equipment,BEV,Beverage bay: Library (2),DB-L11-03D,11,230,1,2.5,,N,C11-0217,2.5,53,
LTG-L11-038,equipment,LTG,Lighting: Print room,DB-L11-03D,11,230,1,0.9,,N,C11-0218,1.5,22,
LTG-L11-039,equipment,LTG,Lighting: Open-plan office south,DB-L11-03D,11,230,1,1.7,,N,C11-0219,1.5,19,
LTG-L11-040,equipment,LTG,Lighting: Reception (2),DB-L11-03D,11,230,1,1.5,,N,C11-0220,1.5,42,
LTG-L11-041,equipment,LTG,Lighting: Library,DB-L11-03D,11,230,1,1,,N,C11-0221,1.5,35,
SP-L11-099,equipment,SP,Small power: Print room (3),DB-L11-03D,11,230,1,2,,N,C11-0222,2.5,24,
BEV-L11-011,equipment,BEV,Beverage bay: Open-plan office south (2),DB-L11-03D,11,230,1,2.4,,N,C11-0223,2.5,25,
DB-L11-04,board,DB,Level 11 mechanical services distribution board,SMSB-C,11,400,3,,290,,C11-0224,300,75,
AHU-L11-001,equipment,AHU,Air handling unit 1: Administration,DB-L11-04,11,400,3,11,,N,C11-0225,2.5,33,IR test re-done after snag
AHU-L11-002,equipment,AHU,Air handling unit 2: Administration,DB-L11-04,11,400,3,7.5,,N,C11-0226,2.5,46,
SF-L11-002,equipment,SF,Supply fan: Reception,DB-L11-04A,11,400,3,1.5,,N,C11-0233,2.5,31,
SF-L11-001,equipment,SF,Supply fan: Meeting rooms,DB-L11-04A,11,400,3,4,,N,C11-0228,2.5,50,
PMP-L11-001,equipment,PMP,Chilled water pump: Reception,DB-L11-04A,11,400,3,4,,N,C11-0229,2.5,27,
PMP-L11-002,equipment,PMP,LTHW heating pump: Open-plan office south,DB-L11-04A,11,400,3,5.5,,N,C11-0230,2.5,42,
EF-L11-001,equipment,EF,Dirty utility extract fan: Library,DB-L11-04A,11,400,3,2.2,,N,C11-0231,2.5,57,
PMP-L11-003,equipment,PMP,LTHW heating pump: Meeting rooms,DB-L11-04A,11,400,3,4,,N,C11-0232,2.5,33,
DB-L11-04A,board,DB,Level 11 pumps & extract fans,DB-L11-04,11,400,3,,95,,C11-0227,70,21,
PMP-L11-004,equipment,PMP,Cold water booster pump: Open-plan office south,DB-L11-04A,11,400,3,2.2,,N,C11-0234,2.5,53,moved per RFI-112
PMP-L11-005,equipment,PMP,Cold water booster pump: Library,DB-L11-04A,11,400,3,3,,N,C11-0235,2.5,53,
EF-L11-002,equipment,EF,Kitchen extract fan: Meeting rooms,DB-L11-04A,11,400,3,1.5,,N,C11-0236,2.5,45,
SF-L11-003,equipment,SF,Supply fan: Reception (2),DB-L11-04A,11,400,3,1.1,,N,C11-0237,2.5,56,
FCU-L11-001,equipment,FCU,Fan coil units: Open-plan office south,DB-L11-04A,11,230,1,1.4,,N,C11-0238,2.5,33,
PMP-L11-006,equipment,PMP,Cold water booster pump: Library (2),DB-L11-04A,11,400,3,11,,N,C11-0239,2.5,17,
HP-L11-003,equipment,HP,Heat pump: Meeting rooms,DB-L11-04A,11,400,3,11,,N,C11-0240,2.5,42,
SF-L11-004,equipment,SF,Supply fan: Reception (3),DB-L11-04A,11,400,3,4,,N,C11-0241,2.5,42,
EF-L11-003,equipment,EF,General extract fan: Open-plan office south,DB-L11-04A,11,400,3,4,,N,C11-0242,2.5,21,
BMS-L11-001,equipment,BMS,BMS outstation: Library,DB-L11-04A,11,230,1,0.5,,N,C11-0243,2.5,31,
PMP-L11-007,equipment,PMP,Cold water booster pump: Meeting rooms,DB-L11-04A,11,400,3,5.5,,N,C11-0244,2.5,14,
PMP-L11-008,equipment,PMP,DHW secondary pump: Reception,DB-L11-04A,11,400,3,3,,N,C11-0245,2.5,52,
FCU-L11-002,equipment,FCU,Fan coil units: Meeting rooms,DB-L11-04B,11,230,1,2,,FALSE,C11-0249,2.5,27,
DB-L11-04B,board,DB,Level 11 fan coil units & controls,DB-L11-04,11,230,1,,30,,C11-0247,50,23,
TEF-L11-001,equipment,TEF,Toilet extract fan: Print room,DB-L11-04B,11,230,1,0.42,,N,C11-0248,2.5,9,
EF-L11-004,equipment,EF,Kitchen extract fan: Open-plan office south,DB-L11-04A,11,400,3,1.5,,N,C11-0246,2.5,51,
FCU-L11-003,equipment,FCU,Fan coil units: Open-plan office north,DB-L11-04B,11,230,1,1.5,,N,C11-0250,2.5,27,
FCU-L11-004,equipment,FCU,Fan coil units: Medical records,DB-L11-04B,11,230,1,2.4,,N,C11-0251,2.5,49,
FCU-L11-005,equipment,FCU,Fan coil units: Print room,DB-L11-04B,11,230,1,1.6,,N,C11-0252,2.5,9,
TEF-L11-002,equipment,TEF,Toilet extract fan: Print room (2),DB-L11-04B,11,230,1,0.21,,N,C11-0256,2.5,51,
FCU-L11-007,equipment,FCU,Fan coil units: Open-plan office north (2),DB-L11-04B,11,230,1,1.2,,N,C11-0254,2.5,18,
FCU-L11-008,equipment,FCU,Fan coil units: Medical records (2),DB-L11-04B,11,230,1,2.1,,N,C11-0255,2.5,56,
FCU-L11-006,equipment,FCU,Fan coil units: Meeting rooms (2),DB-L11-04B,11,230,1,2.3,,N,C11-0253,2.5,14,
FCU-L11-009,equipment,FCU,Fan coil units: Meeting rooms (3),DB-L11-04B,11,230,1,0.9,,N,C11-0257,2.5,34,
FCU-L11-010,equipment,FCU,Fan coil units: Open-plan office north (3),DB-L11-04B,11,230,1,1.9,,N,C11-0258,2.5,57,
FCU-L11-011,equipment,FCU,Fan coil units: Medical records (3),DB-L11-04B,11,230,1,1.9,,N,C11-0259,2.5,13,
TEF-L11-003,equipment,TEF,Toilet extract fan: Print room (3),DB-L11-04B,11,230,1,0.48,,N,C11-0260,2.5,31,
TEF-L11-004,equipment,TEF,Toilet extract fan: Meeting rooms,DB-L11-04B,11,230,1,0.44,,N,C11-0261,2.5,24,
TEF-L11-005,equipment,TEF,Toilet extract fan: Open-plan office north,DB-L11-04B,11,230,1,0.23,,N,C11-0262,2.5,45,
FCU-L11-012,equipment,FCU,Fan coil units: Medical records (4),DB-L11-04B,11,230,1,1.4,,N,C11-0263,2.5,49,
TEF-L11-006,equipment,TEF,Toilet extract fan: Print room (4),DB-L11-04B,11,230,1,0.38,,N,C11-0264,2.5,60,
DB-L11-04C,board,DB,Level 11 heat pumps & supply fans,DB-L11-04,11,400,3,,65,,C11-0265,35,4,
SF-L11-005,equipment,SF,Supply fan: Education centre,DB-L11-04C,11,400,3,1.5,,N,C11-0266,2.5,30,route changed to avoid MRI shielding
PMP-L11-009,equipment,PMP,LTHW heating pump: Reception,DB-L11-04C,11,400,3,7.5,,N,C11-0267,2.5,50,
HP-L11-004,equipment,HP,Heat pump: Medical records,DB-L11-04C,11,400,3,11,,N,C11-0268,2.5,11,
PMP-L11-010,equipment,PMP,DHW secondary pump: Break-out,DB-L11-04C,11,400,3,11,,N,C11-0269,2.5,27,
PMP-L11-011,equipment,PMP,Chilled water pump: Education centre,DB-L11-04C,11,400,3,2.2,,N,C11-0270,2.5,10,
FCU-L11-013,equipment,FCU,Fan coil units: Reception,DB-L11-04C,11,230,1,1.8,,N,C11-0271,2.5,60,as-built per site instruction SI-045
PMP-L11-012,equipment,PMP,DHW secondary pump: Medical records,DB-L11-04C,11,400,3,4,,N,C11-0272,2.5,14,
EF-L11-005,equipment,EF,Dirty utility extract fan: Break-out,DB-L11-04C,11,400,3,3,,N,C11-0273,2.5,15,
PMP-L11-013,equipment,PMP,Chilled water pump: Education centre (2),DB-L11-04C,11,400,3,2.2,,N,C11-0274,2.5,41,
SF-L11-006,equipment,SF,Supply fan: Reception,DB-L11-04C,11,400,3,1.1,,N,C11-0275,2.5,30,
PMP-L11-014,equipment,PMP,DHW secondary pump: Medical records (2),DB-L11-04C,11,400,3,7.5,,N,C11-0276,2.5,47,
EF-L11-006,equipment,EF,Isolation room extract fan: Break-out,DB-L11-04C,11,400,3,1.1,,N,C11-0277,2.5,16,
EF-L11-007,equipment,EF,Isolation room extract fan: Education centre,DB-L11-04C,11,400,3,0.75,,N,C11-0278,2.5,12,
FCU-L11-014,equipment,FCU,Fan coil units: Reception (2),DB-L11-04C,11,230,1,1.1,,N,C11-0279,2.5,53,
EF-L11-008,equipment,EF,General extract fan: Reception,DB-L11-04C,11,400,3,1.5,,N,C11-0283,2.5,12,
PMP-L11-015,equipment,PMP,Cold water booster pump: Break-out,DB-L11-04C,11,400,3,3,,N,C11-0281,2.5,36,
PMP-L11-016,equipment,PMP,DHW secondary pump: Education centre,DB-L11-04C,11,400,3,3,,N,C11-0282,2.5,49,
FCU-L11-015,equipment,FCU,Fan coil units: Medical records,DB-L11-04C,11,230,1,1.7,,N,C11-0280,2.5,36,
EF-L11-009,equipment,EF,Dirty utility extract fan: Medical records,DB-L11-04C,11,400,3,3,,N,C11-0284,2.5,47,
DB-L11-04D,board,DB,Level 11 fan coil units & controls,DB-L11-04,11,230,1,,35,,C11-0285,70,25,
FCU-L11-016,equipment,FCU,Fan coil units: Boardroom,DB-L11-04D,11,230,1,1.9,,N,C11-0286,2.5,42,
FCU-L11-017,equipment,FCU,Fan coil units: Education centre,DB-L11-04D,11,230,1,1.2,,N,C11-0287,2.5,16,
FCU-L11-018,equipment,FCU,Fan coil units: Hot-desk area,DB-L11-04D,11,230,1,1.3,,N,C11-0288,2.5,39,
FCU-L11-019,equipment,FCU,Fan coil units: Print room,DB-L11-04D,11,230,1,1.3,,N,C11-0289,2.5,38,
FCU-L11-020,equipment,FCU,Fan coil units: Boardroom (2),DB-L11-04D,11,230,1,1.2,,N,C11-0290,2.5,51,
FCU-L11-023,equipment,FCU,Fan coil units: Boardroom (3),DB-L11-04D,11,230,1,1.9,,N,C11-0294,2.5,26,
FCU-L11-022,equipment,FCU,Fan coil units: Hot-desk area (2),DB-L11-04D,11,230,1,1.7,,N,C11-0292,2.5,34,
TEF-L11-007,equipment,TEF,Toilet extract fan: Print room,DB-L11-04D,11,230,1,0.56,,N,C11-0293,2.5,25,
FCU-L11-021,equipment,FCU,Fan coil units: Education centre (2),DB-L11-04D,11,230,1,1.5,,N,C11-0291,2.5,33,
FCU-L11-024,equipment,FCU,Fan coil units: Education centre (3),DB-L11-04D,11,230,1,1.5,,N,C11-0295,2.5,9,
FCU-L11-025,equipment,FCU,Fan coil units: Hot-desk area (3),DB-L11-04D,11,230,1,1.3,,N,C11-0296,2.5,47,
EM-L11-005,equipment,EM,Emergency lighting: escape corridors (L11),DB-L11-E,11,230,1,0.28,,Y,C11-0305,1.5,36,
FCU-L11-027,equipment,FCU,Fan coil units: Boardroom (4),DB-L11-04D,11,230,1,1.9,,N,C11-0298,2.5,27,
FCU-L11-028,equipment,FCU,Fan coil units: Education centre (4),DB-L11-04D,11,230,1,2.4,,N,C11-0299,2.5,40,
FCU-L11-029,equipment,FCU,Fan coil units: Hot-desk area (4),DB-L11-04D,11,230,1,1.8,,N,C11-0300,2.5,58,
FCU-L11-030,equipment,FCU,Fan coil units: Print room (3),DB-L11-04D,11,230,1,1.9,,N,C11-0301,2.5,15,
DB-L11-E,board,DB,Level 11 essential services board,SMSB-E,11,400,3,,60,,C11-0302,35,61,
EM-L11-003,equipment,EM,Emergency lighting: stair core 1 (L11),DB-L11-E,11,230,1,0.45,,Y,C11-0303,1.5,26,
FCU-L11-026,equipment,FCU,Fan coil units: Print room (2),DB-L11-04D,11,230,1,2.5,,,C11-0297,2.5,49,
EM-L11-004,equipment,EM,Emergency lighting: stair core 2 (L11),DB-L11-E,11,230,1,0.47,,Y,C11-0304,1.5,56,
SP-L11-103,equipment,SP,Essential small power: Boardroom,DB-L11-E,11,230,1,2.6,,N,C11-0313,2.5,48,
SP-L11-100,equipment,SP,Essential small power: Education centre,DB-L11-E,11,230,1,2.1,,N,C11-0307,2.5,31,
LTG-L11-042,equipment,LTG,Essential lighting: Staff restaurant,DB-L11-E,11,230,1,1.8,,N,C11-0308,1.5,31,
LTG-L11-043,equipment,LTG,Essential lighting: Boardroom,DB-L11-E,11,230,1,1.5,,0,C11-0309,1.5,46,
SP-L11-101,equipment,SP,Essential small power: Open-plan office north,DB-L11-E ,11,230,1,2.1,,N,C11-0310,2.5,50,
SP-L11-102,equipment,SP,Essential small power: Education centre (2),DB-L11-E,11,230,1,2.7,,N,C11-0311,2.5,60,
LTG-L11-044,equipment,LTG,Essential lighting: Staff restaurant (2),DB-L11-E,11,230,1,1.9,,N,C11-0312,1.5,11,
FA-L11-001,equipment,FA,Fire alarm panel (level 11),DB-L11-E,11,230,1,0.44,,Y,C11-0306,2.5,45,
SP-L11-104,equipment,SP,Essential small power: Open-plan office north (2),DB-L11-E,11,230,1,3.1,,N,C11-0314,2.5,30,
LTG-L11-045,equipment,LTG,Essential lighting: Education centre,DB-L11-E,11,230,1,1.2,,N,C11-0315,1.5,8,
LTG-L11-046,equipment,LTG,Essential lighting: Staff restaurant (3),DB-L11-E,11,230,1,1.3,,N,C11-0316,1.5,38,
LTG-L11-047,equipment,LTG,Essential lighting: Boardroom (2),DB-L11-E,11,230,1,1,,N,C11-0317,1.5,31,
ACC-L11-003,equipment,ACC,Access control panel: Open-plan office north,DB-L11-E,11,230,1,0.45,,N,C11-0318,2.5,52,
LTG-L11-048,equipment,LTG,Essential lighting: Education centre (2),DB-L11-E,11,230,1,0.6,,N,C11-0319,1.5,6,moved per RFI-112
LTG-L11-049,equipment,LTG,Essential lighting: Staff restaurant (4),DB-L11-E,11,230,1,0.7,,N,C11-0320,1.5,34,
LTG-L11-050,equipment,LTG,Essential lighting: Boardroom (3),DB-L11-E,11,230,1,1.7,,N,C11-0321,1.5,11,
LTG-L11-051,equipment,LTG,Essential lighting: Open-plan office north,DB-L11-E,11,230,1   ,1.4,,N,C11-0322,1.5,51,
LTG-L11-052,equipment,LTG,Essential lighting: Education centre (3),DB-L11-E,11,230,1,1.5,,N,C11-0323,1.5,28,
LTG-L11-053,equipment,LTG,Essential lighting: Staff restaurant (5),DB-L11-E,11,230,1,1,,N,C11-0324,1.5,8,
SP-L11-105,equipment,SP,Essential small power: Boardroom (2),DB-L11-E,11,230,1,2.8,,N,C11-0325,2.5,52,
LTG-L11-054,equipment,LTG,Essential lighting: Open-plan office north (2),DB-L11-E,11,230,1,0.6,,N,C11-0326,1.5,57,
SP-L11-108,equipment,SP,Essential small power: Open-plan office north (3),DB-L11-E,11,230,1,3.4,,N,C11-0330,2.5,35,
SP-L11-107,equipment,SP,Essential small power: Staff restaurant,DB-L11-E,11,230,1,2,,N,C11-0328,2.5,16,
LTG-L11-055,equipment,LTG,Essential lighting: Boardroom (4),DB-L11-E,11,230,1,1.3,,N,C11-0329,1.5,14,
SP-L11-106,equipment,SP,Essential small power: Education centre (3),DB-L11-E,11,230,1,2.6,,,C11-0327,2.5,30,
LTG-L11-056,equipment,LTG,Essential lighting: Education centre (4),DB-L11-E,11, 230,1,0.7,,N,C11-0331,1.5,40,
LTG-L11-057,equipment,LTG,Essential lighting: Staff restaurant (6),DB-L11-E,11,230,1,1.7,,N,C11-0332,1.5,54,
LTG-L11-058,equipment,LTG,Essential lighting: Boardroom (5),DB-L11-E,11,230,1,1.5,,N,C11-0333,1.5,13,
SP-L11-109,equipment,SP,Essential small power: Open-plan office north (4),DB-L11-E,11,230,1,1.7,,N,C11-0334,2.5,16,
DB-L12-01,board,DB,"Level 12 Estates, IT & roof plant north wing distribution board",SMSB-C,12,400,3,,200,,C12-0001,185,65,
HP-L12-001,equipment,HP,Heat pump: L12 north wing,DB-L12-01,12,400,3,5.5,,N,C12-0002,2.5,39,
DATA-L12-001,equipment,DATA,Floor comms room: L12 north wing,DB-L12-01,12,230,1,2.4,,N,C12-0003,2.5,27,
DB-L12-01A,board,DB,Level 12 lighting,DB-L12-01,12,230,1,,45,,C12-0004,95,21,
EM-L12-001,equipment,EM,Emergency lighting: L12 north wing,DB-L12-01A,12,230,1,0.27,,1,C12-0005,1.5,52,
LTG-L12-007,equipment,LTG,Lighting: Roof walkway (2),DB-L12-01A,12,230,1,0.6,,N,C12-0012,1.5,5,
LTG-L12-002,equipment,LTG,Lighting: Corridor,DB-L12-01A,12,230,1,1,,N,C12-0007,1.5,30,
LTG-L12-009,equipment,LTG,Lighting: Plant room east (3),DB-L12-01A,12,230,1,1.2,,N,C12-0014,1.5,43,
LTG-L12-004,equipment,LTG,Lighting: Water tank room,DB-L12-01A,12,230,1,1.2,,N,C12-0009,1.5,28,
LTG-L12-005,equipment,LTG,Lighting: Plant room east (2),DB-L12-01A,12,230,1,0.8,,N,C12-0010,1.5,46,
LTG-L12-006,equipment,LTG,Lighting: Corridor (2),DB-L12-01A,12,230,1,1,,N,C12-0011,1.5,27,
LTG-L12-001,equipment,LTG,Lighting: Plant room east,DB-L12-01A,12,230,1,1.6,,N,C12-0006,1.5,56,
LTG-L12-008,equipment,LTG,Lighting: Water tank room (2),DB-L12-01A,12,230,1,1.2,,N,C12-0013,1.5,26,
LTG-L12-003,equipment,LTG,Lighting: Roof walkway,DB-L12-01A,12,230,1,1.5,,N,C12-0008,1.5,29,
LTG-L12-010,equipment,LTG,Lighting: Corridor (3),DB-L12-01A,12,230,1,1,,N,C12-0015,1.5,54,
LTG-L12-011,equipment,LTG,Lighting: Roof walkway (3),DB-L12-01A,12,230,1,1.3,,N,C12-0016,1.5,60,
LTG-L12-012,equipment,LTG,Lighting: Water tank room (3),DB-L12-01A,12,230,1,1.8,,N,C12-0017,1.5,59,
LTG-L12-013,equipment,LTG,Lighting: Plant room east (4),DB-L12-01A,12,230,1,,,N,C12-0018,1.5,36,
LTG-L12-014,equipment,LTG,Lighting: Corridor (4),DB-L12-01A,12,230,1,1.2,,N,C12-0019,1.5,27,
LTG-L12-015,equipment,LTG,Lighting: Roof walkway (4), DB-L12-01A,12,230,1,1.1,,N,C12-0020,1.5,30,
LTG-L12-016,equipment,LTG,Lighting: Water tank room (4),DB-L12-01A,12,230,1,2,,N,C12-0021,1.5,16,
SP-L12-003,equipment,SP,Small power: Water tank room,DB-L12-01B,12,230,1,2.2,,N,C12-0025,2.5,31,
SP-L12-001,equipment,SP,Small power: IT data centre,DB-L12-01B,12,230,1,3,,N,C12-0023,2.5,48,
SP-L12-002,equipment,SP,Small power: Comms hub,DB-L12-01B,12,230,1,3.2,,N,C12-0024,2.5,9,
DB-L12-01B,board,DB,Level 12 small power,DB-L12-01,12,230,1,,70,,C12-0022,185,13,
SP-L12-004,equipment,SP,Small power: Corridor,DB-L12-01B,12,230,1,1.5,,N,C12-0026,2.5,55,
HW-L12-001,equipment,HW,Water heater: IT data centre,DB-L12-01B,12,230,1,2.2,,N,C12-0027,2.5,27,
HD-L12-001,equipment,HD,Hand dryer: Comms hub,DB-L12-01B,12,230,1,1.8,,N,C12-0028,2.5,27,
SP-L12-005,equipment,SP,Small power: Water tank room (2),DB-L12-01B,12,230,1,1.9,,N,C12-0029,2.5,19,
HW-L12-002,equipment,HW,Water heater: Corridor,DB-L12-01B,12,230,1,2,,FALSE,C12-0030,2.5,43,
SP-L12-006,equipment,SP,Small power: IT data centre (2),DB-L12-01B,12,230 ,1,2.2,,N,C12-0031,2.5,9,
SP-L12-007,equipment,SP,Small power: Comms hub (2),DB-L12-01B,12,230,1,2,,N,C12-0032,2.5,31,
SP-L12-008,equipment,SP,Small power: Water tank room (3),DB-L12-01B,12,230,1,2.8,,N,C12-0033,2.5,58,
SP-L12-009,equipment,SP,Small power: Corridor (2),DB-L12-01B,12,230,1,2.8,,N,C12-0034,2.5,45,
SP-L12-010,equipment,SP,Small power: IT data centre (3),DB-L12-01B,12,230,1,3.4,,N,C12-0035,2.5,33,
DATA-L12-002,equipment,DATA,Comms cabinet: Comms hub,DB-L12-01B,12,230,1,1.6,,N,C12-0036,2.5,22,
HW-L12-003,equipment,HW,Water heater: Water tank room,DB-L12-01B,12,230,1,2.3,,N,C12-0037,2.5,53,
SP-L12-011,equipment,SP,Small power: Corridor (3),DB-L12-01B,12,230,1,1.9,,N,C12-0038,2.5,36,
BEV-L12-001,equipment,BEV,Beverage bay: IT data centre,DB-L12-01B,12,230,1,2.9,,N,C12-0039,2.5,45,
SP-L12-012,equipment,SP,Small power: Comms hub (3),DB-L12-01B,12,230,1,1.9,,N,C12-0040,2.5,41,
SP-L12-013,equipment,SP,Small power: Water tank room (4),DB-L12-01B,12,230,1,1.5,,N,C12-0041,2.5,52,
DB-L12-01C,board,DB,Level 12 estates offices,DB-L12-01,12,230,1,,50,,C12-0042,120,24,
LTG-L12-017,equipment,LTG,Lighting: Corridor,DB-L12-01C,12,230,1,1.8,,N,C12-0043,1.5,39,
SP-L12-014,equipment,SP,Small power: IT data centre,DB-L12-01C,12,230,1,2.8,,N,C12-0044,2.5,8,
LTG-L12-018,equipment,LTG,Lighting: Estates workshop,DB-L12-01C,12,230,1,1.6,,N,C12-0045,1.5,51,
  DATA-L12-003  ,equipment,DATA,Comms cabinet: Stores,DB-L12-01C,12,230,1,1.2,,N,C12-0046,2.5,46,
DATA-L12-004,equipment,DATA,Comms cabinet: Corridor,DB-L12-01C,12,230,1,1.1,,N,C12-0047,2.5,8,
LTG-L12-019,equipment,LTG,Lighting: IT data centre,DB-L12-01C,12,230,1,1.3,,N,C12-0048,1.5,12,
SP-L12-017,equipment,SP,Small power: Estates workshop (2),DB-L12-01C,12,230,1,3.2,,N,C12-0053,2.5,31,
SP-L12-016,equipment,SP,Small power: Stores,DB-L12-01C,12,230,1,2.6,,N,C12-0050,2.5,34,
LTG-L12-020,equipment,LTG,Lighting: Corridor (2),DB-L12-01C,12,230,1,1.3,,N,C12-0051,1.5,28,
LTG-L12-021,equipment,LTG,Lighting: IT data centre (2),DB-L12-01C,12,230,1,1.5,,N,C12-0052,1.5,33,
SP-L12-015,equipment,SP,Small power: Estates workshop,DB-L12-01C,12,230,1,2.1,,N,C12-0049,2.5,46,
SP-L12-018,equipment,SP,Small power: Stores (2),DB-L12-01C,12,230,1,2,,N,C12-0054,2.5,23,"rating taken from nameplate, not O&M manual"
SP-L12-019,equipment,SP,Small power: Corridor,DB-L12-01C,12,230,1,3.1,,FALSE,C12-0055,2.5,25,
SP-L12-020,equipment,SP,Small power: IT data centre (2),DB-L12-01C,12,230,1,2.4,,N,C12-0056,2.5,12,
SP-L12-021,equipment,SP,Small power: Estates workshop (3),DB-L12-01C,12,230,1,1.7,,N,C12-0057,2.5,53,
SP-L12-022,equipment,SP,Small power: Stores (3),DB-L12-01C,12,230,1,2.4,,N,C12-0058,2.5,35,
SP-L12-023,equipment,SP,Small power: Corridor (2),DB-L12-01C,12,230,1,1.7,,N,C12-0059,2.5,10,
DATA-L12-005,equipment,DATA,Comms cabinet: IT data centre,DB-L12-01C,12,230,1,1.6,,N,C12-0060,2.5,18,
DB-L12-01D,board,DB,Level 12 estates workshops,DB-L12-01,12,400,3,,110,,C12-0061,70,13,
WRK-L12-001,equipment,WRK,Workshop machinery: IT data centre,DB-L12-01D,12,400,3,5.5,,N,C12-0062,2.5,10,
SP-L12-025,equipment,SP,Small power: Estates offices,DB-L12-01D,12,230,1,1.8,,N,C12-0068,2.5,41,
EF-L12-002,equipment,EF,Isolation room extract fan: Estates offices,DB-L12-01D,12,400,3,2.2,,N,C12-0064,2.5,22,
SP-L12-024,equipment,SP,Small power: Roof walkway,DB-L12-01D,12,230,1,1.7,,N,C12-0065,2.5,27,
WRK-L12-006,equipment,WRK,Workshop machinery: IT data centre (3),DB-L12-01D,12,400,3,3,,N,C12-0074,2.5,50,
WRK-L12-003,equipment,WRK,Workshop machinery: Plant room west,DB-L12-01D,12,400,3,5.5,,N,C12-0067,2.5,46,
EF-L12-001,equipment,EF,Kitchen extract fan: Plant room west,DB-L12-01D,12,400,3,1.5,,N,C12-0063,2.5,22,
SP-L12-026,equipment,SP,Small power: Roof walkway (2),DB-L12-01D,12,230,1,2.3,,N,C12-0069,2.5,54,
SP-L12-027,equipment,SP,Small power: IT data centre,DB-L12-01D,12,230,1,2.1,,N,C12-0070,2.5,32,
WRK-L12-004,equipment,WRK,Workshop machinery: Plant room west (2),DB-L12-01D,12,400,3,5.5,,FALSE,C12-0071,2.5,12,
WRK-L12-005,equipment,WRK,Workshop machinery: Estates offices,DB-L12-01D,12,400,3,3,,N,C12-0072,2.5,30,
WRK-L12-007,equipment,WRK,Workshop machinery: Roof walkway,DB-L12-01D,12,400,  3  ,3,,N,C12-0077,2.5,21,
WRK-L12-002,equipment,WRK,Workshop machinery: IT data centre (2),DB-L12-01D,12,400,3,4kW,,N,C12-0066,2.5,15,
LTG-L12-023,equipment,LTG,Lighting: Plant room west,DB-L12-01D,12,230,1,1.2,,N,C12-0075,1.5,13,
SP-L12-028,equipment,SP,Small power: Estates offices (2),DB-L12-01D,12,230,1,2.1,,N,C12-0076,2.5,58,
LTG-L12-022,equipment,LTG,Lighting: Roof walkway,DB-L12-01D,12,230,1,1.5,,N,C12-0073,1.5,33,
SP-L12-029,equipment,SP,Small power: IT data centre (2),DB-L12-01D,12,230,1,1.8,,N,C12-0078,2.5,55,
DB-L12-02,board,DB,"Level 12 Estates, IT & roof plant south wing distribution board",SMSB-C,12,400,3,,340,,C12-0079,2x300,77,
HP-L12-002,equipment,HP,Heat pump: L12 south wing,DB-L12-02,12,400,3,7.5,,N,C12-0080,2.5,9,
DATA-L12-006,equipment,DATA,Floor comms room: L12 south wing,DB-L12-02,12,230,1,2.7,,N,C12-0081,2.5,42,
DB-L12-02A,board,DB,Level 12 lighting,DB-L12-02,12,230,1,,35,,C12-0082,70,6,
EM-L12-002,equipment,EM,Emergency lighting: L12 south wing,DB-L12-02A,12,230,1,0.35,,Y,C12-0083,1.5,9,
LTG-L12-024,equipment,LTG,Lighting: Plant room east,DB-L12-02A,12,230,1,1,,N,C12-0084,1.5,6,
LTG-L12-025,equipment,LTG,Lighting: Corridor,DB-L12-02A,12,230,1,1.2,,N,C12-0085,1.5,40,
LTG-L12-026,equipment,LTG,Lighting: Stores,DB-L12-02A,12,230,1,0.9,,N,C12-0086,1.5,15,
LTG-L12-027,equipment,LTG,Lighting: Roof walkway,DB-L12-02A,12,230,1,1.8,,N,C12-0087,1.5,50,
LTG-L12-028,equipment,LTG,Lighting: Plant room east (2),DB-L12-02A,12,230,1,1.6,,N,C12-0088,1.5,49,
LTG-L12-029,equipment,LTG,Lighting: Corridor (2),DB-L12-02A,12,230,1,1.5,,N,C12-0089,1.5,36,
LTG-L12-030,equipment,LTG,Lighting: Stores (2),DB-L12-02A,12,230,1,0.7,,N,C12-0090,1.5,52,moved per RFI-112
LTG-L12-031,equipment,LTG,Lighting: Roof walkway (2),DB-L12-02A,12,230,1,0.5,,N,C12-0091,1.5,19,
LTG-L12-032,equipment,LTG,Lighting: Plant room east (3),DB-L12-02A,12,230,1,1.6,,N,C12-0092,1.5,55,
LTG-L12-033,equipment,LTG,Lighting: Corridor (3),DB-L12-02A,12,230,1,1.3,,N,C12-0093,1.5,22,
LTG-L12-034,equipment,LTG,Lighting: Stores (3),DB-L12-02A,12,230,1,0.7,,FALSE,C12-0094,1.5,58,
LTG-L12-035,equipment,LTG,Lighting: Roof walkway (3),DB-L12-02A,12,230,1,1,,N,C12-0095,1.5,38,
LTG-L12-036,equipment,LTG,Lighting: Plant room east (4),DB-L12-02A,12,230,1,1.8,,N,C12-0096,1.5,35,
LTG-L12-037,equipment,LTG,Lighting: Corridor (4),DB-L12-02A,12,230,1,1.3,,N,C12-0097,1.5,28,
LTG-L12-038,equipment,LTG,Lighting: Stores (4),DB-L12-02A,12,230,1,1.6,,N,C12-0098,1.5,30,
LTG-L12-039,equipment,LTG,Lighting: Roof walkway (4),DB-L12-02A,12,230,1,0.6,,N,C12-0099,1.5,20,
LTG-L12-040,equipment,LTG,Lighting: Plant room east (5),DB-L12-02A,12,230,1,1.8,,,C12-0100,1.5,50,
SP-L12-031,equipment,SP,Small power: Corridor,DB-L12-02B,12,230,1,2.9,,N,C12-0104,2.5,49,
DB-L12-02B,board,DB,Level 12 small power,DB-L12-02,12,230,1,,95,,C12-0102,300,9,
SP-L12-030,equipment,SP,Small power: Plant room east,DB-L12-02B,12,230,1,2.4,,N,C12-0103,2.5,16,
LTG-L12-041,equipment,LTG,Lighting: Corridor (5),DB-L12-02A,12,230,1,1.5,,N,C12-0101,1.5,8,
SP-L12-032,equipment,SP,Small power: IT data centre,DB-L12-02B,12,110,1,1.8,,N,C12-0105,2.5,8,
SP-L12-033,equipment,SP,Small power: Roof walkway,DB-L12-02B,12,230,1,3.5,,N,C12-0106,2.5,55,
HD-L12-002,equipment,HD,Hand dryer: Plant room east,DB-L12-02B,12,230,1,2,,N,C12-0107,2.5,8,
HW-L12-004,equipment,HW,Water heater: Corridor,DB-L12-02B,12,230,1,2.9,,,C12-0108,2.5,49,
SP-L12-034,equipment,SP,Small power: IT data centre (2),DB-L12-02B,12,230,1,3.3,,N,C12-0109,2.5,39,
SP-L12-035,equipment,SP,Small power: Roof walkway (2),DB-L12-02B,12,230,1,1.6,,N,C12-0110,2.5,22,
HW-L12-005,equipment,HW,Water heater: Plant room east,DB-L12-02B,12,230,1,2.6,,N,C12-0111,2.5,55,
HD-L12-003,equipment,HD,Hand dryer: Corridor,DB-L12-02B,12,230,1,1.4,,N,C12-0112,2.5,30,
SP-L12-036,equipment,SP,Small power: IT data centre (3),DB-L12-02B,12,230,1,2.2,,N,C12-0113,2.5,28,
SP-L12-037,equipment,SP,Small power: Roof walkway (3),DB-L12-02B,12,230,1,2,,N,C12-0114,2.5,41,
DATA-L12-007,equipment,DATA,Comms cabinet: Plant room east,DB-L12-02B,12,230,1,2.5,,N,C12-0115,2.5,30,
SP-L12-038,equipment,SP,Small power: Corridor (2),DB-L12-02B,12,230,1,3.4,,N,C12-0116,2.5,41,
SP-L12-039,equipment,SP,Small power: IT data centre (4),DB-L12-02B,12,230,1,2.9,,N,C12-0117,2.5,43,
SP-L12-040,equipment,SP,Small power: Roof walkway (4),DB-L12-02B,12,230,1,1.5,,N,C12-0118,2.5,54,
SP-L12-041,equipment,SP,Small power: Plant room east (2),DB-L12-02B,12,230,1,3.3,,N,C12-0119,2.5,37,
SP-L12-042,equipment,SP,Small power: Corridor (3),DB-L12-02B,12,230,1,2.1,,N,C12-0120,2.5,20,
SP-L12-043,equipment,SP,Small power: IT data centre (5),DB-L12-02B,12,230,1,2.6,,N,C12-0121,2.5,6,
DB-L12-02C,board,DB,Level 12 estates offices,DB-L12-02,12,230,1,,75,,C12-0122,185,7,
SP-L12-044,equipment,SP,Small power: IT data centre,DB-L12-02C,12,230,1,2.6,,N,C12-0123,2.5,7,
SP-L12-045,equipment,SP,Small power: Lift motor room,DB-L12-02C,12,230,1,2.5,,N,C12-0124,2.5,28,
SP-L12-046,equipment,SP,Small power: Plant room east,DB-L12-02C,12,230,1,3.1,,N,C12-0125,2.5,35,"tagged ""temporary"" on site, confirm with Northside M&E"
SP-L12-047,equipment,SP,Small power: Corridor,DB-L12-02C,12,230,1,2.8,,N,C12-0126,2.5,20,
SP-L12-048,equipment,SP,Small power: IT data centre (2),DB-L12-02C,12,230,1,2.2,,N,C12-0127,2.5,51,
SP-L12-049,equipment,SP,Small power: Lift motor room (2),DB-L12-02C,12,230,1,1.6,,N,C12-0128,2.5,50,
SP-L12-050,equipment,SP,Small power: Corridor (2),DB-L12-02C,12,230,1,2.9,,N,C12-0130,2.5,56,
LTG-L12-042,equipment,LTG,Lighting: Plant room east,DB-L12-02C,12,230,1,1.6,,N,C12-0129,1.5,17,
LTG-L12-043,equipment,LTG,Lighting: IT data centre,DB-L12-02C,12,230,1,1.6,,N,C12-0131,1.5,30,
LTG-L12-044,equipment,LTG,Lighting: Lift motor room,DB-L12-02C,12,230,1,0.9,,N,C12-0132,1.5,18,
DATA-L12-008,equipment,DATA,Comms cabinet: Plant room east,DB-L12-02C,12,230,1,1.3,,N,C12-0133,2.5,39,
SP-L12-051,equipment,SP,Small power: Corridor (3),DB-L12-02C,12,230,1,2.4,,N,C12-0134,2.5,51,
DATA-L12-009,equipment,DATA,Comms cabinet: IT data centre,DB-L12-02C,12,230,1,2.4,,N,C12-0135,2.5,22,
SP-L12-052,EQUIPMENT,SP,Small power: Lift motor room (3),DB-L12-02C,12,230,1,1.8,,N,C12-0136,2.5,39,
LTG-L12-045,equipment,LTG,Lighting: Plant room east (2),DB-L12-02C,12,230,1,1.8,,N,C12-0137,1.5,24,
SP-L12-053,equipment,SP,Small power: Corridor (4),DB-L12-02C,12,230,1,2.6,,N,C12-0138,2.5,38,
WRK-L12-011,equipment,WRK,Workshop machinery: Plant room west,DB-L12-02D,12,400,3,5.5,,N,C12-0147,2.5,44,
SP-L12-054,equipment,SP,Small power: Roof walkway,DB-L12-02D,12,230,1,2,,N,C12-0140,2.5,59,
EF-L12-003,equipment,EF,Isolation room extract fan: Estates offices,DB-L12-02D,12,400,3,2.2,,N,C12-0141,2.5,22,
WRK-L12-008,equipment,WRK,Workshop machinery: Corridor,DB-L12-02D,12,400,3,4,,0,C12-0142,2.5,38,
SP-L12-055,equipment,SP,Small power: Plant room west,DB-L12-02D,12,230,1,2.8,,N,C12-0143,2.5,44,
LTG-L12-046,equipment,LTG,Lighting: Roof walkway,DB-L12-02D,12,230,1,1.7,,N,C12-0144,1.5,16,
WRK-L12-009,equipment,WRK,Workshop machinery: Estates offices,DB-L12-02D,12,400,3,7.5,,N,C12-0145,2.5,51,
WRK-L12-010,equipment,WRK,Workshop machinery: Corridor (2),DB-L12-02D,12,400,3,5.5,,N,C12-0146,2.5,44,
DB-L12-02D,board,DB,Level 12 estates workshops,DB-L12-02,12,400,3,,130,,C12-0139,95,7,
LTG-L12-047,equipment,LTG,Lighting: Roof walkway (2),DB-L12-02D   ,12,230,1,1.7,,N,C12-0148,1.5,55,
SP-L12-056,equipment,SP,Small power: Estates offices,DB-L12-02D,12,230,1,2.5,,no,C12-0149,2.5,33,
SP-L12-057,equipment,SP,Small power: Corridor,DB-L12-02D,12,230,1,1.6,,N,C12-0150,2.5,18,
EF-L12-004,equipment,EF,Kitchen extract fan: Plant room west,DB-L12-02D,12,400,3,0.75,,,C12-0151,2.5,11,
LTG-L12-048,equipment,LTG,Lighting: Roof walkway (3),DB-L12-02D,12,230,1,0.5,,N,C12-0152,1.5,47,
EF-L12-005,equipment,EF,Kitchen extract fan: Estates offices,DB-L12-02D,12,400,3,1.5,,N,C12-0153,2.5,49,
WRK-L12-012,equipment,WRK,Workshop machinery: Corridor (3),DB-L12-02D,12,400,3,7.5,,N,C12-0154,2.5,31,
LTG-L12-049,equipment,LTG,Lighting: Plant room west,DB-L12-02D,12,230,1,0.6,,N,C12-0155,1.5,55,
DB-L12-03,board,DB,Level 12 IT data centre distribution board,SMSB-C,12,400,3,,600,,C12-0159,3x300,68,
SP-L12-058,Equipment,SP,Small power: Estates offices (2),DB-L12-02D,12,230,1,2.5,,N,C12-0157,2.5,12,
EF-L12-006,equipment,EF,Isolation room extract fan: Corridor,DB-L12-02D,12,400,3,1.1,,N,C12-0158,2.5,21,
WRK-L12-013,equipment,WRK,Workshop machinery: Roof walkway,DB-L12-02D,12,400,3,5.5,,N,C12-0156,2.5,28,as-built per site instruction SI-045
DB-L12-03A,board,DB,Level 12 data centre racks A,DB-L12-03,12,400,3,,170,,C12-0160,150,14,
UPS-L12-001,equipment,UPS,Data centre UPS A,DB-L12-03A,12,400,3,40,,Y,C12-0161,16,56,
SRV-L12-001,equipment,SRV,Server rack: Lift motor room,DB-L12-03A,12,230,1,3.2,,N,C12-0162,2.5,42,
SRV-L12-002,equipment,SRV,Server rack: Plant room west,DB-L12-03A,12,230,1,4,,N,C12-0163,2.5,36,
SRV-L12-003,equipment,SRV,Server rack: Plant room east,DB-L12-03A,12,230,1,4.8,,N,C12-0164,4,58,
DATA-L12-010,equipment,DATA,Comms cabinet: IT data centre,DB-L12-03A,12,230,1,2.3,,N,C12-0165,2.5,15,
SRV-L12-004,equipment,SRV,Server rack: Lift motor room (2),DB-L12-03A,12,230,1,4.6,,N,C12-0166,2.5,9,
SRV-L12-005,equipment,SRV,Server rack: Plant room west (2),DB-L12-03A,12,230,1,4.8,,N,C12-0167,4,48,
SRV-L12-006,equipment,SRV,Server rack: Plant room east (2),DB-L12-03A,12,230,1,4.9,,N,C12-0168,4,44,
SRV-L12-007,equipment,SRV,Server rack: IT data centre,DB-L12-03A,12,230,1,5.7,,N,C12-0169,4,19,
DATA-L12-011,equipment,DATA,Comms cabinet: Lift motor room,DB-L12-03A,12,230,1,2.1,,N,C12-0170,2.5,40,
SRV-L12-008,equipment,SRV,Server rack: Plant room west (3),DB-L12-03A,12,230,1,4.9,,N,C12-0171,4,53,
SRV-L12-009,equipment,SRV,Server rack: Plant room east (3),DB-L12-03A,12,230,1,3.1,,N,C12-0172,2.5,39,
SRV-L12-010,equipment,SRV,Server rack: IT data centre (2),DB-L12-03A,12,230,1,4.5,,N,C12-0173,2.5,57,
DATA-L12-012,equipment,DATA,Comms cabinet: Lift motor room (2),DB-L12-03A,12,230,1,1.4,,N,C12-0174,2.5,11,
SRV-L12-011,equipment,SRV,Server rack: Roof walkway,DB-L12-03B,12,230,1,5.1,,N,C12-0177,4,23,
UPS-L12-002,equipment,UPS,Data centre UPS B,DB-L12-03B,12,400,3,40,,Y,C12-0176,16,44,
DB-L12-03B,board,DB,Level 12 data centre racks B,DB-L12-03,12,400,3,,120,,C12-0175,95,22,
SRV-L12-017,equipment,SRV,Server rack: Comms hub (2),DB-L12-03B,12,230,1,4.5,,N,C12-0183,2.5,7,
SRV-L12-013,equipment,SRV,Server rack: Comms hub,DB-L12-03B,12,230,1,3.4,,N,C12-0179,2.5,44,
SRV-L12-014,equipment,SRV,Server rack: Plant room east,DB-L12-03B,12,230,1,4.6,,N,C12-0180,2.5,18,
SRV-L12-015,equipment,SRV,Server rack: Roof walkway (2),DB-L12-03B,12,230,1,5,,N,C12-0181,4,42,
SRV-L12-016,equipment,SRV,Server rack: Corridor (2),DB-L12-03B,12,230,1,5.1,,N,C12-0182,4,37,
SRV-L12-012,equipment,SRV,Server rack: Corridor,DB-L12-03B,12,230,1,4.3,,N,C12-0178,2.5,39,
SRV-L12-018,equipment,SRV,Server rack: Plant room east (2),DB-L12-03B,12,230,1,5.3,,N,C12-0184,4,9,
SRV-L12-019,equipment,SRV,Server rack: Roof walkway (3),DB-L12-03B,12,230,1,4.6,,N,C12-0185,2.5,45,
CRAC-L12-002,equipment,CRAC,Data centre cooling unit 2,DB-L12-03C,12,400,3,11,,N,C12-0190,2.5,8,
SRV-L12-021,equipment,SRV,Server rack: Comms hub (3),DB-L12-03B,12,230,1,4.6,,N,C12-0187,2.5,51,
DB-L12-03C,board,DB,Level 12 data centre cooling,DB-L12-03,12,400,3,,75,,C12-0188,50,17,
CRAC-L12-001,equipment,CRAC,Data centre cooling unit 1,DB-L12-03C,12,400,3,11,,N,C12-0189,2.5,24,
SRV-L12-020,equipment,SRV,Server rack: Corridor (3),DB-L12-03B,12,230,1,5.3,,N,C12-0186,4,32,
CRAC-L12-003,equipment,CRAC,Data centre cooling unit 3,DB-L12-03C,12,400,3,11,,N,C12-0191,2.5,28,
CRAC-L12-004,equipment,CRAC,Data centre cooling unit 4,DB-L12-03C,12,400,3,15,,N,C12-0192,4,51,
BMS-L12-001,equipment,BMS,BMS outstation: Water tank room,DB-L12-03C,12,230,1,1,,N,C12-0193,2.5,55,
LTG-L12-050,equipment,LTG,Lighting: Comms hub,DB-L12-03C,12,230,1,0.9,,N,C12-0194,1.5,24,
LTG-L12-051,equipment,LTG,Lighting: Stores,DB-L12-03C,12,230,1,1.3,,N,C12-0195,1.5,7,
DB-L12-03D,board,DB,Level 12 comms hub,DB-L12-03,12,230,1,,55,,C12-0196,120,19,
ACC-L12-001,equipment,ACC,Access control panel: Stores,DB-L12-03D,12,230,1,0.25,,N,C12-0197,2.5,34,
DATA-L12-013,equipment,DATA,Comms cabinet: Lift motor room,DB-L12-03D,12,230,1,2.4,,N,C12-0198,2.5,43,
SP-L12-059,equipment,SP,Small power: Plant room east,DB-L12-03D,12,230,1,1.9,,N,C12-0199,2.5,19,
DATA-L12-014,equipment,DATA,Comms cabinet: Estates offices,DB-L12-03D,12,230,1,1.7,,N,C12-0200,2.5,20,
DATA-L12-015,equipment,DATA,Comms cabinet: Stores,DB-L12-03D,12,230,1,2.5,,N,C12-0201,2.5,31,
DATA-L12-016,equipment,DATA,Comms cabinet: Lift motor room (2),DB-L12-03D,12,230,1,1.2,,N,C12-0202,2.5,50,
SP-L12-060,equipment,SP,Small power: Plant room east (2),DB-L12-03D,12,230,1,2.3,,N,C12-0203,2.5,27,
DATA-L12-017,equipment,DATA,Comms cabinet: Estates offices (2),DB-L12-03D,12,230,1,2.4,,N,C12-0204,2.5,28,as-built per site instruction SI-045
DATA-L12-018,equipment,DATA,Comms cabinet: Stores (2),DB-L12-03D,12,230,1,2.1,,N,C12-0205,2.5,47,
ACC-L12-002,equipment,ACC,Access control panel: Lift motor room,DB-L12-03D,12,230,1,0.22,,N,C12-0206,2.5,12,
SP-L12-061,equipment,SP,Small power: Plant room east (3),DB-L12-03D,12,230,1,3.4,,N,C12-0207,2.5,27,
DATA-L12-019,equipment,DATA,Comms cabinet: Estates offices (3),DB-L12-03D,12,230,1,1.7,,N,C12-0208,2.5,22,
DATA-L12-020,equipment,DATA,Comms cabinet: Stores (3),DB-L12-03D,12,230,1,1.1kW,,N,C12-0209,2.5,42,
DATA-L12-021,equipment,DATA,Comms cabinet: Lift motor room (3),DB-L12-03D,12,230,1,2,,N,C12-0210,2.5,28,
LTG-L12-052,equipment,LTG,Lighting: Plant room east,DB-L12-03D,12,230,1,1.1,,N,C12-0211,1.5,26,
DATA-L12-022,equipment,DATA,Comms cabinet: Estates offices (4),DB-L12-03D,12,230,1,1.5,,,C12-0212,2.5,19,
DATA-L12-023,equipment,DATA,Comms cabinet: Stores (4),DB-L12-03D,12,230,1,2.6,,N,C12-0213,2.5,40,
DATA-L12-024,equipment,DATA,Comms cabinet: Lift motor room (4),DB-L12-03D,12,230,1,2.1KW,,N,C12-0214,2.5,9,
SP-L12-062,equipment,SP,Small power: Plant room east (4),DB-L12-03D,12,230,1,3.1,,N,C12-0215,2.5,47,
DB-L12-04,board,DB,Level 12 mechanical services distribution board,SMSB-C,12,400,3,,330,,C12-0216,2x300,67,spare way used
AHU-L12-001,equipment,AHU,"Air handling unit 1: Estates, IT & roof plant",DB-L12-04,12,400,3,11,,N,C12-0217,2.5,40,
PMP-L12-004,equipment,PMP,LTHW heating pump: Comms hub (2),DB-L12-04A,12,400,3,5.5,,N,C12-0225,2.5,31,
PMP-L12-001,equipment,PMP,LTHW heating pump: IT data centre,DB-L12-04A,12,400,3,7.5,,N,C12-0219,2.5,13,
SF-L12-001,equipment,SF,Supply fan: Water tank room,DB-L12-04A,12,400,3,1.1,,N,C12-0220,2.5,11,
PMP-L12-002,equipment,PMP,LTHW heating pump: Comms hub,DB-L12-04A,12,400,3,5.5,,,C12-0221,2.5,21,
PMP-L12-003,equipment,PMP,Chilled water pump: Staff change,DB-L12-04A,12,400,3,11,,N,C12-0222,2.5,44,
HP-L12-003,equipment,HP,Heat pump: IT data centre,DB-L12-04A,12,400,3,11,,N,C12-0223,2.5,47,
HP-L12-004,equipment,HP,Heat pump: Water tank room,DB-L12-04A,12,400,3,11,,N,C12-0224,2.5,28,
DB-L12-04A,board,DB,Level 12 pumps & extract fans,DB-L12-04,12,400,3,,180,,C12-0218,150,21,
FCU-L12-001,equipment,FCU,Fan coil units: Staff change,DB-L12-04A,12,230,1,1.3,,N,C12-0226,2.5,54,
PMP-L12-005,equipment,PMP,Condenser water pump: IT data centre,DB-L12-04A,12,400,3,7.5,,N,C12-0227,2.5,22,
EF-L12-007,equipment,EF,General extract fan: Water tank room,DB-L12-04A,12,400,3,4,,,C12-0228,2.5,38,
EF-L12-008,equipment,EF,Dirty utility extract fan: Comms hub,DB-L12-04A,12,400,3,4,,N,C12-0229,2.5,50,
EF-L12-009,equipment,EF,Plant room extract fan: Staff change,DB-L12-04A,12,400,3,1.5,,N,C12-0230,2.5,54,
PMP-L12-006,equipment,PMP,LTHW heating pump: IT data centre (2),DB-L12-04A,12,400,3,5.5,,N,C12-0231,2.5,48,
FCU-L12-002,equipment,FCU,Fan coil units: Water tank room,DB-L12-04A,12,230,1,1.7,,N,C12-0232,2.5,19,
BMS-L12-002,equipment,BMS,BMS outstation: Comms hub,DB-L12-04A,12,230,1,0.5,,,C12-0233,2.5,30,
PMP-L12-007,equipment,PMP,DHW secondary pump: Staff change,DB-L12-04A,12,400,3,5.5,,N,C12-0234,2.5,8,
PMP-L12-008,equipment,PMP,DHW secondary pump: IT data centre,DB-L12-04A,12,400,3,4,,N,C12-0235,2.5,58,
PMP-L12-009,equipment,PMP,Condenser water pump: Water tank room,DB-L12-04A,12,400,3,2.2,,N,C12-0236,2.5,51,
BMS-L12-003,equipment,BMS,BMS outstation: Comms hub (2),DB-L12-04A,12,230,1,0.6,,N,C12-0237,2.5,31,
DB-L12-04B,board,DB,Level 12 fan coil units & controls,DB-L12-04,12,230,1,,50,,C12-0238,120,11,
FCU-L12-009,equipment,FCU,Fan coil units: Roof walkway,DB-L12-04B,12,230,1,2.4,,N,C12-0246,2.5,53,
FCU-L12-004,equipment,FCU,Fan coil units: Comms hub,DB-L12-04B,12,230,1,1.3,,N,C12-0240,2.5,42,
FCU-L12-005,equipment,FCU,Fan coil units: Plant room west,DB-L12-04B,12,230,1,1,,N,C12-0241,2.5,51,
TEF-L12-001,equipment,TEF,Toilet extract fan: Roof walkway,DB-L12-04B,12,230,1,0.56,,N,C12-0242,2.5,40,
FCU-L12-006,equipment,FCU,Fan coil units: Water tank room (2),DB-L12-04B,12,230,1,2.1,,N,C12-0243,2.5,59,as-built per site instruction SI-045
FCU-L12-007,equipment,FCU,Fan coil units: Comms hub (2),DB-L12-04B,12,230,1,0.9,,N,C12-0244,2.5,54,
FCU-L12-008,equipment,FCU,Fan coil units: Plant room west (2),DB-L12-04B,12,230,1,1.9,,N,C12-0245,2.5,43,
FCU-L12-003,equipment,FCU,Fan coil units: Water tank room,DB-L12-04B,12,230,1,2.1,,N,C12-0239,2.5,45,
FCU-L12-010,equipment,FCU,Fan coil units: Water tank room (3),DB-L12-04B,12,230,1,1.9,,N,C12-0247,2.5,25,
FCU-L12-011,equipment,FCU,Fan coil units: Comms hub (3),DB-L12-04B,12,230,1,1.7,,N,C12-0248,2.5,6,
TEF-L12-002,equipment,TEF,Toilet extract fan: Plant room west,DB-L12-04B,12,230,1,0.48,,N,C12-0249,2.5,35,
TEF-L12-003,equipment,TEF,Toilet extract fan: Roof walkway (2),DB-L12-04B,12,230,1,0.57,,N,C12-0250,2.5,42,
FCU-L12-012,equipment,FCU,Fan coil units: Water tank room (4),DB-L12-04B,12,230,1,1,,N,C12-0251,2.5,7,
FCU-L12-016,equipment,FCU,Fan coil units: Water tank room (5),DB-L12-04B,12,230,1,2.2,,N,C12-0255,2.5,38,
FCU-L12-014,equipment,FCU,Fan coil units: Plant room west (3),DB-L12-04B,12,230,1,1.1,,N,C12-0253,2.5,18,
FCU-L12-015,equipment,FCU,Fan coil units: Roof walkway (2),DB-L12-04B,12,230,1,1.7,,N,C12-0254,2.5,37,
EF-L12-010,equipment,EF,Isolation room extract fan: Stores,DB-L12-04C,12,400,3,2.2,,N,C12-0260,2.5,20,
FCU-L12-017,equipment,FCU,Fan coil units: Comms hub (5),DB-L12-04B,12,230,1,1.3,,N,C12-0256,2.5,30,
DB-L12-04C,board,DB,Level 12 heat pumps & supply fans,DB-L12-04,12,400,3,,140,,C12-0257,95,4,
PMP-L12-010,equipment,PMP,DHW secondary pump: Estates offices,DB-L12-04C,12,400,3,5.5,,N,C12-0258,2.5,47,
PMP-L12-011,equipment,PMP,DHW secondary pump: Staff change,DB-L12-04C,12,400,3,11,,,C12-0259,2.5,24,
FCU-L12-013,equipment,FCU,Fan coil units: Comms hub (4),DB-L12-04B,12,230,1,0.9,,N,C12-0252,2.5,36,
EF-L12-011,equipment,EF,Kitchen extract fan: Plant room west,DB-L12-04C,12,400,3,2.2,,N,C12-0261,2.5,6,
PMP-L12-012,equipment,PMP,Chilled water pump: Estates offices,DB-L12-04C,12,400,3,11,,N,C12-0262,2.5,47,
HP-L12-005,equipment,HP,Heat pump: Staff change,DB-L12-04C,12,400,3,7.5,,N,C12-0263,2.5,50,
PMP-L12-013,equipment,PMP,LTHW heating pump: Stores,DB-L12-04C,12,400,3,5.5,,N,C12-0264,2.5,25,
SF-L12-002,equipment,SF,Supply fan: Plant room west,DB-L12-04C,12,400,3,4,,N,C12-0265,2.5,57,
EF-L12-012,equipment,EF,Dirty utility extract fan: Estates offices,DB-L12-04C,12,400,3,2.2,,N,C12-0266,2.5,10,
HP-L12-006,equipment,HP,Heat pump: Staff change (2),DB-L12-04C,12,400,3,7.5,,N,C12-0267,2.5,20,
FCU-L12-018,equipment,FCU,Fan coil units: Stores,DB-L12-04C,12,230,1,1,,N,C12-0268,2.5,40,
PMP-L12-014,equipment,PMP,Condenser water pump: Plant room west,DB-L12-04C,12,400,3,5.5,,N,C12-0269,2.5,59,
BMS-L12-004,equipment,BMS,BMS outstation: Staff change,DB-L12-04C,12,230,1,0.4,,N,C12-0275,2.5,9,
PMP-L12-015,equipment,PMP,LTHW heating pump: Staff change,DB-L12-04C,12,400,3,11,,N,C12-0271,2.5,43,
PMP-L12-016,equipment,PMP,Condenser water pump: Stores,DB-L12-04C,12,400,3,11,,N,C12-0272,2.5,57,
EF-L12-014,equipment,EF,Dirty utility extract fan: Plant room west,DB-L12-04C,12,400,3,2.2,,N,C12-0273,2.5,53,
EF-L12-015,equipment,EF,General extract fan: Estates offices,DB-L12-04C,12,400,3,2.2,,N,C12-0274,2.5,17,
EF-L12-013,equipment,EF,Dirty utility extract fan: Estates offices (2),DB-L12-04C,12,400,3,0.75,,N,C12-0270,2.5,47,
HP-L12-007,equipment,HP,Heat pump: Stores,DB-L12-04C,12,400,3,11,,N,C12-0276,2.5,16,
DB-L12-04D,board,DB,Level 12 fan coil units & controls,DB-L12-04,12,230,1,,40,,C12-0277,70,20,
FCU-L12-019,equipment,FCU,Fan coil units: Estates offices,DB-L12-04D,12,230,1,2.2,,N,C12-0278,2.5,10,
FCU-L12-022,equipment,FCU,Fan coil units: Roof walkway,DB-L12-04D,12,230,1,2,,N,C12-0284,2.5,52,
BMS-L12-005,equipment,BMS,BMS outstation: Roof walkway,DB-L12-04D,12,230,1,0.4,,N,C12-0280,2.5,37,
TEF-L12-004,equipment,TEF,Toilet extract fan: Comms hub,DB-L12-04D,12,230,1,0.27,,N,C12-0281,2.5,8,
FCU-L12-023,equipment,FCU,Fan coil units: Comms hub,DB-L12-04D,12,230,1,2.2,,N,C12-0285,2.5,6,
FCU-L12-021,equipment,FCU,Fan coil units: Estates workshop (2),DB-L12-04D,12,230,1,1.2,,N,C12-0283,2.5,24,
FCU-L12-020,equipment,FCU,Fan coil units: Estates workshop,DB-L12-04D,12,230,1,1.4,,N,C12-0279,2.5,9,
TEF-L12-006,equipment,TEF,Toilet extract fan: Estates workshop,DB-L12-04D,12,230,1,0.2,,N,C12-0287,2.5,18,
FCU-L12-024,equipment,FCU,Fan coil units: Estates offices (2),DB-L12-04D,12,230,1,1.1,,N,C12-0286,2.5,39,
TEF-L12-005,equipment,TEF,Toilet extract fan: Estates offices,DB-L12-04D,12,230,1,0.31,,N,C12-0282,2.5,48,
FCU-L12-025,equipment,FCU,Fan coil units: Roof walkway (2),DB-L12-04D,12,230,1,1.9,,N,C12-0288,2.5,30,
FCU-L12-026,equipment,FCU,Fan coil units: Comms hub (2),DB-L12-04D,12,230,1,1.2,,N,C12-0289,2.5,34,
FCU-L12-027,equipment,FCU,Fan coil units: Estates offices (3),DB-L12-04D,12,230,1,1,,N,C12-0290,2.5,41,
TEF-L12-007,equipment,TEF,Toilet extract fan: Estates workshop (2),DB-L12-04D,12,230,1,0.47,,0,C12-0291,2.5,46,
FCU-L12-028,equipment,FCU,Fan coil units: Roof walkway (3),DB-L12-04D,12,230,1,0.9,,N,C12-0292,2.5,55,
TEF-L12-008,equipment,TEF,Toilet extract fan: Comms hub (2),DB-L12-04D,12,230,1,0.28,,N,C12-0293,2.5,55,
FCU-L12-029,equipment,FCU,Fan coil units: Estates offices (4),DB-L12-04D,12,230,1,2.4,,N,C12-0294,2.5,60,
DB-L12-P1,board,DB,Level 12 roof chillers distribution board,SMSB-M,12,400,3,,600,,C12-0295,3x300,76,
BMS-L12-007,equipment,BMS,BMS outstation: Roof access stair,DB-L12-P1A,12,230,1,0.9,,N,C12-0304,2.5,37,
CH-L12-002,equipment,CH,"Chiller 4 (air-cooled, roof)",DB-L12-P1,12,400,3,145,,N,C12-0297,120,6,
BMS-L12-009,equipment,BMS,BMS outstation: Roof plant deck,DB-L12-P1A,12,230,1,0.3,,N,C12-0306,2.5,49,
PMP-L12-017,equipment,PMP,Roof chilled water pump 1,DB-L12-P1A,12,400,3,3,,N,C12-0299,2.5,53,
PMP-L12-018,equipment,PMP,Roof chilled water pump 2,DB-L12-P1A,12,400,3,7.5,,N,C12-0300,2.5,46,
PMP-L12-019,equipment,PMP,Roof chilled water pump 3,DB-L12-P1A,12,400,3,2.2,,N,C12-0301,2.5,35,
PMP-L12-020,equipment,PMP,Roof chilled water pump 4,DB-L12-P1A,12,400,3,3,,N,C12-0302,2.5,33,
BMS-L12-006,equipment,BMS,BMS outstation: Roof walkway,DB-L12-P1A,12,230,1,0.3,,N,C12-0303,2.5,26,
CH-L12-001,equipment,CH,"Chiller 3 (air-cooled, roof)",DB-L12-P1,12,400,3,155,,N,C12-0296,120,52,
BMS-L12-008,equipment,BMS,BMS outstation: Plant room east,DB-L12-P1A,12,230,1,0.8,,N,C12-0305,2.5,30,
DB-L12-P1A,board,DB,Level 12 roof chilled water pumps,DB-L12-P1,12,400,3,,35,,C12-0298,16,12,
DB-L12-P1B,BOARD,DB,Level 12 roof plant controls & trace heating,DB-L12-P1,12,230,1,,20,,C12-0307,35,15,
TRC-L12-001,equipment,TRC,Trace heating: Plant room east,DB-L12-P1B,12,230,1,1,,N,C12-0308,2.5,30,
BMS-L12-010,equipment,BMS,BMS outstation: Roof plant deck,DB-L12-P1B,12,230,1,0.5,,N,C12-0309,2.5,27,
TRC-L12-002,equipment,TRC,Trace heating: Roof access stair,DB-L12-P1B,12,230,1,0.8,,N,C12-0310,2.5,22,
TRC-L12-003,equipment,TRC,Trace heating: Plant room west,DB-L12-P1B,12,230,1,0.8,,N,C12-0311,2.5,41,"fed via local isolator, see dwg E-501 rev C"
BMS-L12-011,equipment,BMS,BMS outstation: Plant room east,DB-L12-P1B,12,230,1,0.6,,N,C12-0312,2.5,60,
TRC-L12-004,equipment,TRC,Trace heating: Roof plant deck,DB-L12-P1B,12,230,1,1.4,,N,C12-0313,2.5,12,
TRC-L12-005,equipment,TRC,Trace heating: Roof access stair (2),DB-L12-P1B,12,230,1,1,,N,C12-0314,2.5,20,
LTG-L12-062,equipment,LTG,Lighting: Plant room west,DB-L12-P1B,12,230,1,0.9,,N,C12-0315,1.5,53,
LTG-L12-063,equipment,LTG,Lighting: Plant room east,DB-L12-P1B,12,230,1,0.9,,,C12-0316,1.5,48,
TRC-L12-006,equipment,TRC,Trace heating: Roof plant deck (2),DB-L12-P1B,12,230,1,1.3,,N,C12-0317,2.5,59,
DB-L12-P2,board,DB,Level 12 roof AHUs (wards) distribution board,SMSB-M,12,400,3,,95,,C12-0318,70,78,
AHU-L12-002,equipment,AHU,Roof AHU W1 (ward supply),DB-L12-P2,12,400,3,18.5,,N,C12-0319,6,43,
BMS-L12-013,equipment,BMS,BMS outstation: Roof access stair,DB-L12-P2A,12,230,1,0.8,,N,C12-0326,2.5,13,
AHU-L12-004,equipment,AHU,Roof AHU W3 (ward supply),DB-L12-P2,12,400,3,11,,N,C12-0321,2.5,24,
DB-L12-P2A,board,DB,Level 12 ward ventilation fans,DB-L12-P2,12,400,3,,30,,C12-0322,10,7,
BMS-L12-012,equipment,BMS,BMS outstation: Plant room west,DB-L12-P2A,12,230,1,0.4,,N,C12-0323,2.5,54,
EF-L12-016,equipment,EF,Isolation room extract fan: Plant room east,DB-L12-P2A,12,400,3,1.5,,N,C12-0324,2.5,31,
EF-L12-017,equipment,EF,Kitchen extract fan: Roof walkway,DB-L12-P2A,12,400,3,4,,N,C12-0325,2.5,39,
AHU-L12-003,equipment,AHU,Roof AHU W2 (ward supply),DB-L12-P2,12,400,3,7.5,,,C12-0320,2.5,52,
SF-L12-003,equipment,SF,Supply fan: Plant room west,DB-L12-P2A,12,400,3,4,,,C12-0327,2.5,51,
SF-L12-004,equipment,SF,Supply fan: Plant room east,DB-L12-P2A,12,400,3,3,,N,C12-0328,2.5,6,
SF-L12-005,equipment,SF,Supply fan: Roof walkway,DB-L12-P2A,12,400,3,1.1,,N,C12-0329,2.5,56,
EF-L12-018,equipment,EF,General extract fan: Roof access stair,DB-L12-P2A,12,400,3,1.1,,N,C12-0330,2.5,41,
TRC-L12-007,equipment,TRC,Trace heating: Plant room west,DB-L12-P2B,12,230,1,0.9,,N,C12-0336,2.5,45,
SF-L12-007,equipment,SF,Supply fan: Plant room east (2),DB-L12-P2A,12,400,3,2.2,,N,C12-0332,2.5,41,
SF-L12-008,equipment,SF,Supply fan: Roof walkway (2),DB-L12-P2A,12,400,3,1.1,,N,C12-0333,2.5,6,
DB-L12-P2B,board,DB,Level 12 ward AHU controls & frost protection,DB-L12-P2,12,230,1,,15,,C12-0334,16,4,
BMS-L12-014,equipment,BMS,BMS outstation: Roof access stair,DB-L12-P2B,12,230,1,0.4,,N,C12-0335,2.5,13,
SF-L12-006,equipment,SF,Supply fan: Plant room west (2),DB-L12-P2A,12,400,3,3,,N,C12-0331,2.5,59,
BMS-L12-015,equipment,BMS,BMS outstation: Roof plant deck,DB-L12-P2B,12,230,1,0.5,,N,C12-0337,2.5,11,
TRC-L12-008,equipment,TRC,Trace heating: Plant room east,DB-L12-P2B,12,230,1,1.1,,N,C12-0338,2.5,12,
BMS-L12-016,equipment,BMS,BMS outstation: Roof access stair (2),DB-L12-P2B,12,230,1,0.5,,N,C12-0339,2.5,44,
LTG-L12-064,equipment,LTG,Lighting: Plant room west,DB-L12-P2B,12,230,1,0.6,,N,C12-0340,1.5,60,
LTG-L12-065,equipment,LTG,Lighting: Roof plant deck,DB-L12-P2B,12,230,1,1.2,,N,C12-0341,1.5,38,
TRC-L12-009,equipment,TRC,Trace heating: Plant room east (2),DB-L12-P2B,12,230,1,1.1,,N,C12-0342,2.5,60,
TRC-L12-010,equipment,TRC,Trace heating: Roof access stair,DB-L12-P2B,12,230,1,1.3,,N,C12-0343,2.5,51,
TRC-L12-011,equipment,TRC,Trace heating: Plant room west (2),DB-L12-P2B,12,230,1,1.1,,N,C12-0344,2.5,34,
DB-L12-P3,board,DB,Level 12 roof AHUs (theatres & ICU) distribution board,SMSB-M,12,400,3,,90,,C12-0345,50,68,
AHU-L12-005,equipment,AHU,Roof AHU T1 (theatres & ICU supply),DB-L12-P3,12,400,3,7.5,,N,C12-0346,2.5,6,
AHU-L12-006,equipment,AHU,Roof AHU T2 (theatres & ICU supply),DB-L12-P3,12,400,3,15,,N,C12-0347,4,59,
AHU-L12-007,equipment,AHU,Roof AHU T3 (theatres & ICU supply),DB-L12-P3,12,400,3,7.5,,N,C12-0348,2.5,29,
DB-L12-P3A,board,DB,Level 12 theatre & ICU ventilation fans,DB-L12-P3,12,400,3,,35,,C12-0349,16,7,
SF-L12-009,equipment,SF,Supply fan: Plant room west,DB-L12-P3A,12,400,3,1.1,,N,C12-0350,2.5,38,
BMS-L12-017,equipment,BMS,BMS outstation: Roof access stair,DB-L12-P3A,12,230,1,0.5,,N,C12-0359,2.5,50,
SF-L12-011,equipment,SF,Supply fan: Roof plant deck,DB-L12-P3A,12,400,3,4,,N,C12-0352,2.5,36,
EF-L12-019,equipment,EF,Dirty utility extract fan: Roof walkway,DB-L12-P3A,12,400,3,2.2,,N,C12-0353,2.5,48,
SF-L12-012,equipment,SF,Supply fan: Plant room west (2),DB-L12-P3A,12,400,3,1.5,,N,C12-0354,2.5,60,
EF-L12-020,equipment,EF,Isolation room extract fan: Roof access stair,DB-L12-P3A,12,400,3,4,,N,C12-0355,2.5,12,
EF-L12-021,equipment,EF,Isolation room extract fan: Roof plant deck,DB-L12-P3A,12,400,3,2.2,,N,C12-0356,2.5,29,
EF-L12-022,equipment,EF,Dirty utility extract fan: Roof walkway (2),DB-L12-P3A,12,400,3,0.75,,N,C12-0357,2.5,54,
SF-L12-013,equipment,SF,Supply fan: Plant room west (3),DB-L12-P3A,12,400,3,1.1KW,,N,C12-0358,2.5,42,
TRC-L12-013,equipment,TRC,Trace heating: Roof walkway,DB-L12-P3B,12,230,1,0.8,,N,C12-0366,2.5,44,
DB-L12-P3B,board,DB,Level 12 theatre AHU controls & frost protection,DB-L12-P3,12,230,1,,15,,C12-0360,16,7,
TRC-L12-012,equipment,TRC,Trace heating: Plant room east,DB-L12-P3B,12,230,1,1,,N,C12-0361,2.5,11,
TRC-L12-014,equipment,TRC,Trace heating: Roof walkway (2),DB-L12-P3B,12,230,1,0.9,,N,C12-0370,2.5,49,
BMS-L12-019,equipment,BMS,BMS outstation: Plant room west,DB-L12-P3B,12,230,1,0.9,,N,C12-0363,2.5,46,
BMS-L12-020,equipment,BMS,BMS outstation: Roof plant deck,DB-L12-P3B,12,230,1,0.8,,N,C12-0364,2.5,27,
BMS-L12-021,equipment,BMS,BMS outstation: Plant room east,DB-L12-P3B,12,230,1,0.8,,N,C12-0365,2.5,57,
SF-L12-010,equipment,SF,Supply fan: Roof access stair,DB-L12-P3A,12,400,3,2.2,,N,C12-0351,2.5,52,
BMS-L12-022,equipment,BMS,BMS outstation: Plant room west (2),DB-L12-P3B,12,230,1,0.4KW,,N,C12-0367,2.5,53,
BMS-L12-023,equipment,BMS,BMS outstation: Roof plant deck (2),DB-L12-P3B,12,230,1,0.9,,N,C12-0368,2.5,22,
BMS-L12-024,equipment,BMS,BMS outstation: Plant room east (2),DB-L12-P3B,12,230,1,1,,N,C12-0369,2.5,39,
BMS-L12-018,equipment,BMS,BMS outstation: Roof walkway,DB-L12-P3B,12,230,1,0.8,,N,C12-0362,2.5,36,
DB-L12-P4,board,DB,Level 12 roof services distribution board,SMSB-M,12,400,3,,70,,C12-0371,35,74,
DB-L12-P4A,board,DB,Level 12 roof water & heat pumps,DB-L12-P4,12,400,3,,95,,C12-0372,70,9,
BMS-L12-025,equipment,BMS,BMS outstation: Roof access stair,DB-L12-P4A,12,230,1,0.8,,N,C12-0373,2.5,49,
HP-L12-008,equipment,HP,Heat pump: Plant room east,DB-L12-P4A,12,400,3,11,,N,C12-0374,2.5,47,
PMP-L12-021,equipment,PMP,LTHW heating pump: Plant room west,DB-L12-P4A,12,400,3,4,,N,C12-0375,2.5,58,
PMP-L12-022,equipment,PMP,DHW secondary pump: Roof plant deck,DB-L12-P4A,12,400,3,7.5,,N,C12-0376,2.5,28,
PMP-L12-023,equipment,PMP,LTHW heating pump: Roof access stair,DB-L12-P4A,12,400,3,5.5,,N,C12-0377,2.5,28,
ACC-L12-005,equipment,ACC,Access control panel: Roof access stair,DB-L12-P4B,12,230,1,0.39,,N,C12-0386,2.5,58,
BMS-L12-027,equipment,BMS,BMS outstation: Plant room west,DB-L12-P4A,12,230,1,0.6,,N,C12-0379,2.5,39,
HP-L12-009,equipment,HP,Heat pump: Roof plant deck,DB-L12-P4A,12,400,3,5.5,,N,C12-0380,2.5,52,
PMP-L12-024,equipment,PMP,DHW secondary pump: Roof access stair,DB-L12-P4A,12,400,3,2.2,,N,C12-0381,2.5,45,
PMP-L12-025,equipment,PMP,LTHW heating pump: Plant room east,DB-L12-P4A,12,400,3,5.5,,N,C12-0382,2.5,12,
DB-L12-P4B,board,DB,Level 12 roof lighting & access,DB-L12-P4,12,230,1,,15,,C12-0383,16,19,
LTG-L12-066,equipment,LTG,Lighting: Roof walkway,DB-L12-P4B,12,230,1,1.8,,N,C12-0384,1.5,15,
TRC-L12-015,equipment,TRC,Trace heating: Plant room east,DB-L12-P4B,12,230,1,1.1,,N,C12-0385,2.5,59,
BMS-L12-026,equipment,BMS,BMS outstation: Plant room east,DB-L12-P4A,12,230,1,0.6,,N,C12-0378,2.5,24,
EM-L12-003,equipment,EM,Emergency lighting: stair core 1 (L12),DB-L12-E,12,230,1,0.36,,Y,C12-0395,1.5,42,
ACC-L12-006,equipment,ACC,Access control panel: Roof walkway,DB-L12-P4B,12,230,1,0.46,,N,C12-0388,2.5,57,
LTG-L12-068,equipment,LTG,Lighting: Plant room east,DB-L12-P4B,12,230,1,1.9,,N,C12-0389,1.5,31,
ACC-L12-007,equipment,ACC,Access control panel: Roof access stair (2),DB-L12-P4B,12,230,1,0.36,,N,C12-0390,2.5,17,
LTG-L12-069,equipment,LTG,Lighting: Plant room west (2),DB-L12-P4B,12,230,1,1.1,,N,C12-0391,1.5,8,
LTG-L12-070,equipment,LTG,Lighting: Roof walkway (2),DB-L12-P4B,12,230,1,1,,N,C12-0392,1.5,25,
ACC-L12-008,equipment,ACC,Access control panel: Plant room east,DB-L12-P4B,12,230,1,0.43,,N,C12-0393,2.5,45,
DB-L12-E,board,DB,Level 12 essential services board,SMSB-E,12,400,3,,80,,C12-0394,50,80,
CCTV-L12-001,equipment,CCTV,CCTV: Lift motor room,DB-L12-E,12,230,1,0.31,,N,C12-0402,2.5,55,
EM-L12-004,equipment,EM,Emergency lighting: stair core 2 (L12),DB-L12-E,12,230,1,0.45,,Y,C12-0396,1.5,43,
EM-L12-005,equipment,EM,Emergency lighting: escape corridors (L12),DB-L12-E,12,230,1,0.39,,Y,C12-0397,1.5,24,
FA-L12-001,equipment,FA,Fire alarm panel (level 12),DB-L12-E,12,230,1,0.46,,y,C12-0398,2.5,23,
SP-L12-064,equipment,SP,Essential small power: Estates offices,DB-L12-E,12,230,1,3,,N,C12-0403,2.5,46,
SP-L12-063,equipment,SP,Essential small power: Plant room east,DB-L12-E,12,230,1,2.8,,N,C12-0400,2.5,13,
LTG-L12-054,equipment,LTG,Essential lighting: Estates workshop,DB-L12-E,12,230,1,1.6,,N,C12-0401,1.5,10,
LTG-L12-067,equipment,LTG,Lighting: Plant room west,DB-L12-P4B,12,230,1,1,,N,C12-0387,1.5,9,
LTG-L12-053,equipment,LTG,Essential lighting: Estates offices,DB-L12-E,12,230,1,1.1,,N,C12-0399,1.5,47,
SP-L12-065,equipment,SP,Essential small power: Plant room east (2),DB-L12-E,12,230,1,2.3,,N,C12-0404,2.5,35,
ACC-L12-003,equipment,ACC,Access control panel: Estates workshop,DB-L12-E,12,230,1,0.35,,N,C12-0405,2.5,34,
ACC-L12-004,equipment,ACC,Access control panel: Lift motor room,DB-L12-E,12,230,1,0.22,,N,C12-0406,2.5,36,
SP-L12-066,equipment,SP,Essential small power: Estates offices (2),DB-L12-E,12,230,1,3.3,,N,C12-0407,2.5,18,
LTG-L12-055,equipment,LTG,Essential lighting: Plant room east,DB-L12-E,12,230,1,1.5,,N,C12-0408,1.5,31,
LTG-L12-056,equipment,LTG,Essential lighting: Estates workshop (2),DB-L12-E,12,230,1,1.6,,N,C12-0409,1.5,40,
SP-L12-067,equipment,SP,Essential small power: Lift motor room,DB-L12-E,12,230,1,1.6,,N,C12-0410,2.5,45,
LTG-L12-057,equipment,LTG,Essential lighting: Estates offices (2),DB-L12-E,12,230,1,1.3,,N,C12-0411,1.5,52,
SP-L12-068,equipment,SP,Essential small power: Plant room east (3),DB-L12-E,12,230,1,1.9,,N,C12-0412,2.5,5,
LTG-L12-058,equipment,LTG,Essential lighting: Estates workshop (3),DB-L12-E,12,230,1,0.7,,N,C12-0413,1.5,31,
SP-L12-069,equipment,SP,Essential small power: Lift motor room (2),DB-L12-E,12,230,1,3.3,,N,C12-0414,2.5,22,
LTG-L12-060,equipment,LTG,Essential lighting: Estates offices (3),DB-L12-E,12,230,1,1.7,,N,C12-0423,1.5,16,
LTG-L12-059,EQUIPMENT,LTG,Essential lighting: Plant room east (2),DB-L12-E,12,230,1,1.2,,N,C12-0416,1.5,39,
SP-L12-071,equipment,SP,Essential small power: Estates workshop,DB-L12-E,12,230, 1,3.3,,N,C12-0417,2.5,13,
DATA-L12-025,equipment,DATA,Comms cabinet: Lift motor room,DB-L12-E,12,230,1,2.3,,N,C12-0418,2.5,53,
SP-L12-072,equipment,SP,Essential small power: Estates offices (4),DB-L12-E,12,230,1,2.3,,N,C12-0419,2.5,5,
SP-L12-073,equipment,SP,Essential small power: Plant room east (4),DB-L12-E,12,230,1,2.6,,N,C12-0420,2.5,31,
SP-L12-074,equipment,SP,Essential small power: Estates workshop (2),DB-L12-E,12,230,1,3,,N,C12-0421,2.5,51,
SP-L12-075,equipment,SP,Essential small power: Lift motor room (3),DB-L12-E,12,230,1,2.2,,N,C12-0422,2.5,48,
SP-L12-070,equipment,SP,Essential small power: Estates offices (3),DB-L12-E,12,230,1,2.8,,N,C12-0415,2.5,39,
LTG-L12-061,equipment,LTG,Essential lighting: Plant room east (3),DB-L12-E,12,230,1,1.4,,N,C12-0424,1.5,45,
SP-L12-076,equipment,SP,Essential small power: Estates workshop (3),DB-L12-E,12,230,1,2.5,,N,C12-0425,2.5,14,
